[
  {
    "type": "trait_group",
    "id": "Appearance_Bomber",
    "subtype": "collection",
    "traits": [ { "trait": "hair_brown_medium", "prob": 100 }, 
                { "trait": "eye_brown", "prob": 100 }, 
                { "trait": "SKIN_LIGHT", "prob": 100 } ]
  },
  {
    "type": "item_group",
    "id": "NC_Bomber_worn",
    "subtype": "collection",
    "entries": [
      { "group": "npc_underwear_bottom_female" },
      { "group": "npc_underwear_top_female" },
      { "group": "ZhighNpc_underwear_feet_female" },
      { "group": "ZhighNpc_workout_pants_male" },
      { "group": "npc_gloves" },
      { "item": "tie_necktie_zhigh" },
      { "item": "jacket_tracksuit_zhigh" },
      { "group": "ZhighNpc_shoes_female" },
      { "item": "wristwatch", "prob": 80 },
      { "item": "duffelbag" }
    ]
  },
  {
    "type": "item_group",
    "id": "NC_Bomber_carry",
    "subtype": "collection",
    "entries": [
      { "item": "improvised_colabomb", "count": [ 14, 30 ] },
      { "item": "tool_rocket_candy", "count": [ 14, 30 ] },
      { "item": "ID_1st" },
      { "group": "snacks", "prob": 80, "charges": 2 },
      { "group": "snacks_fancy", "prob": 50, "charges": 2 },
      { "item": "zhigh_smart_phone" }
    ]
  },
  {
    "type": "npc_class",
    "id": "NC_Bomber",
    "name": { "str": "Bomber" },
    "job_description": "I blow stuff up.",
    "traits": [
      { "group": "BG_survival_story_RURAL" },
      { "group": "NPC_starting_traits" },
      { "group": "Appearance_Bomber" },
      [ "REGEN_zhigh", 100 ]
    ],
    "common": false,
    "worn_override": "NC_Bomber_worn",
    "carry_override": "NC_Bomber_carry",
    "bonus_str": { "rng": [ 2, 4 ] },
    "bonus_int": { "rng": [ -3, 0 ] },
    "bonus_per": { "rng": [ -1, 1 ] },
    "skills": [
      { "skill": "ALL", "level": { "mul": [ { "one_in": 3 }, { "sum": [ { "dice": [ 2, 2 ] }, { "rng": [ 0, -4 ] } ] } ] } },
      { "skill": "dodge", "bonus": { "rng": [ 1, 2 ] } },
      { "skill": "throw", "bonus": { "rng": [ 4, 7 ] } }
    ]
  },
  {
    "type": "npc",
    "id": "BOMBER",
    "name_unique": "Hyun Ji Lim",
    "name_suffix": "student",
    "gender": "female",
    "class": "NC_Bomber",
    "attitude": 0,
    "mission": 8,
    "chat": "TALK_BOMBER",
    "mission_offered": "MISSION_SCHOOL_GET_COLABOMB",
    "faction": "Zhigh_Survivors"
  },
  {
    "type": "talk_topic",
    "id": "TALK_BOMBER",
    "dynamic_line": { "u_is_wearing": "armband_zhigh_halmon", "yes": "Hello monitor.", "no": "Hello there." },
    "responses": [
      { "text": "What is this place?", "topic": "TALK_BOMBER_PLACE" },
      { "text": "Can I join you guys?", "topic": "TALK_BOMBER_JOIN" },
      { "text": "Anything I can do for you?", "topic": "TALK_BOMBER_JOB" },
      { "text": "See you later.", "topic": "TALK_BOMBER_BYE" }
    ]
  },
  {
    "type": "talk_topic",
    "id": "TALK_BOMBER_PLACE",
    "dynamic_line": "This is a school that we've made into a sort of a safehouse from this whole... disaster.",
    "responses": [
      { "text": "So are you with the school or something?", "topic": "TALK_BOMBER_GOVERNMENT" },
      { "text": "What do you trade?", "topic": "TALK_BOMBER_TRADE" }
    ]
  },
  {
    "type": "talk_topic",
    "id": "TALK_BOMBER_GOVERNMENT",
    "dynamic_line": "Yeah. There is School hall monitor somewhere around here if you have any questions relating to what the school, or at least the ones who is left, is up to.",
    "responses": [
      { "text": "Oh, okay.", "topic": "TALK_BOMBER" },
      { "text": "Oh, okay.  I'll go look for him then!", "topic": "TALK_DONE" }
    ]
  },
  {
    "type": "talk_topic",
    "id": "TALK_BOMBER_TRADE",
    "dynamic_line": "Anything valuable really.  If you really want to know, go ask one of the actual traders.  I'm just protecting other survivors.",
    "responses": [
      { "text": "I'll go talk to them later.", "topic": "TALK_BOMBER" },
      { "text": "Will do, thanks!", "topic": "TALK_DONE" }
    ]
  },
  {
    "type": "talk_topic",
    "id": "TALK_BOMBER_JOIN",
    "dynamic_line": "Will not be easy, but possible.",
    "responses": [ { "text": "Okay...?", "topic": "TALK_BOMBER_JOIN2" } ]
  },
  {
    "type": "talk_topic",
    "id": "TALK_BOMBER_JOIN2",
    "dynamic_line": "Sorry, pal. Some things cannot be done.",
    "responses": [
      { "text": "So no negotiating?  No, 'If you do this quest then we'll let you in?'", "topic": "TALK_BOMBER_JOIN3" }
    ]
  },
  {
    "type": "talk_topic",
    "id": "TALK_BOMBER_JOIN3",
    "dynamic_line": "Hmm... There should be a way for that.",
    "responses": [
      { "text": "Well, what is it?", "topic": "TALK_BOMBER_JOB" },
      { "text": "Nah, I ain't gonna do that.", "topic": "TALK_BOMBER" }
    ]
  },
  {
    "type": "talk_topic",
    "id": "TALK_BOMBER_JOB",
    "dynamic_line": "Depends on what you want.  Go talk to a so-called merchant if you have anything to sell.  Otherwise the School hall monitor might have something, if you can find him.  But if you're just looking for someone to put a good word in, I might have something for you.",
    "responses": [
      { "text": "Alright then.", "topic": "TALK_BOMBER" },
      { "text": "A good word might be helpful.  What do you need?", "topic": "TALK_MISSION_LIST" },
      { "text": "School hall monitor huh, I'll go talk to him!", "topic": "TALK_DONE" },
      { "text": "Who are the School hall monitor?", "topic": "TALK_BOMBER_SCHOOLMONIT" }
    ]
  },
  {
    "type": "talk_topic",
    "id": "TALK_BOMBER_SCHOOLMONIT",
    "dynamic_line": "They are the police type of guys for school. Well, they were, before the whole world ended.",
    "responses": [
      { "text": "Whatever, I had another question.", "topic": "TALK_BOMBER" },
      { "text": "Okay, I'll go look for him then. Thanks!", "topic": "TALK_DONE" }
    ]
  },
  {
    "type": "talk_topic",
    "id": "TALK_BOMBER_BYE",
    "dynamic_line": "Stay safe out there.  Hate to have to kill you after you've already died.",
    "responses": [ { "text": "Yeah, I won't.", "topic": "TALK_DONE" } ]
  },
  {
    "id": "MISSION_SCHOOL_GET_COLABOMB",
    "type": "mission_definition",
    "name": { "str": "Cola bombs!" },
    "description": "Make a friend at the school by handing over around eight cans of cola and get cola bombs.",
    "goal": "MGOAL_FIND_ITEM",
    "difficulty": 1,
    "value": 1000,
    "item": "cola",
    "count": 8,
    "end": {
      "opinion": { "trust": 1, "value": 1 },
      "effect": [
        { "u_buy_item": "improvised_colabomb", "count": 4 }
      ]
    },
    "origins": [ "ORIGIN_SECONDARY" ],
    "followup": "MISSION_SCHOOL_GET_COLABOMB",
    "dialogue": {
      "describe": "Come on man, I just need a pack of cola to use as bombs.",
      "offer": "With all that's been going on, it's been more and more difficult to find some cola.  My stash has been running low for a while now.  Think you could help me out here?  A few cans are all I need.",
      "accepted": "Thanks, it's great to see someone willing to help a gal out.",
      "rejected": "Well, I'll find someone else to do it for me.",
      "advice": "Plenty of fridges in towns.  Gotta be some left overs in some of them houses.",
      "inquire": "Got the drinks?",
      "success": "Thanks!  I'll be sure to put in a good word for you around the center.",
      "success_lie": "OK, then hand it over.",
      "failure": "Shit happens."
    }
  }
]