[
  {
    "type": "npc_class",
    "id": "NC_ZHIGHSNOWMAN",
    "name": { "str": "Snowman" },
    "job_description": "I'm my school's mascot.",
    "traits": [
      { "group": "BG_survival_story_RURAL" },
      { "group": "Appearance_Snowman" },
      { "trait": "REGEN_zhigh" }
    ],
    "bonus_str": { "rng": [ 1, 2 ] },
    "bonus_int": { "rng": [ 2, 3 ] },
    "bonus_per": { "rng": [ 2, 3 ] },
    "bonus_dex": { "rng": [ -1, 1 ] },
    "worn_override": "NC_Snowman_worn",
    "carry_override": "NC_GUARD_misc",
    "weapon_override": "NC_Snowman_weapon",
    "skills": [
      { "skill": "ALL", "level": { "mul": [ { "one_in": 3 }, { "sum": [ { "dice": [ 2, 2 ] }, { "rng": [ 0, -4 ] } ] } ] } },
      { "skill": "melee", "bonus": { "rng": [ 2, 4 ] } },
      { "skill": "unarmed", "bonus": { "rng": [ 2, 4 ] } },
      { "skill": "stabbing", "bonus": { "rng": [ 2, 4 ] } },
      { "skill": "cutting", "bonus": { "rng": [ 2, 4 ] } },
      { "skill": "dodge", "bonus": { "rng": [ 2, 4 ] } }
    ]
  },
  {
    "type": "item_group",
    "id": "NC_Snowman_worn",
    "subtype": "collection",
    "entries": [
      { "group": "npc_underwear_bottom_female" },
      { "group": "npc_underwear_top_female" },
      { "group": "ZhighNpc_underwear_feet_female" },
      { "group": "ZhighNpc_shoes_female" },
      { "item": "pants_zhigh" },
      { "item": "dress_shirt_zhigh" },
      { "item": "tie_necktie_zhigh" },
      { "item": "snow_suit_head" },
      { "item": "mittens" },
      { "item": "snow_suit_body" }
    ]
  },
  {
    "type": "trait_group",
    "id": "Appearance_Snowman",
    "subtype": "collection",
    "traits": [ { "trait": "hair_black_medium", "prob": 100 }, 
                { "trait": "eye_black", "prob": 100 }, 
                { "trait": "SKIN_PINK", "prob": 100 } ]
  },
  {
    "type": "item_group",
    "id": "NC_Snowman_weapon",
    "subtype": "distribution",
    "entries": [ { "item": "spear_pipe" } ]
  },
  {
    "type": "npc",
    "id": "STUDENT_SNOWMAN",
    "name_unique": "Wha Seon Ryuu",
    "name_suffix": "Student",
    "gender": "female",
    "class": "NC_ZHIGHSNOWMAN",
    "attitude": 0,
    "mission": 7,
    "chat": "TALK_ZHIGHSNOWMAN",
    "faction": "Zhigh_Survivors"
  },
  {
    "type": "talk_topic",
    "id": "TALK_ZHIGHSNOWMAN",
    "dynamic_line": "I am just a mascot, and damn, this suit is killing me.",
    "responses": [
      { "text": "I've got to go…", "topic": "TALK_DONE" }
    ]
  }
]