[
  {
    "type": "trait_group",
    "id": "Appearance_Archer",
    "subtype": "collection",
    "traits": [ { "trait": "hair_brown_long", "prob": 100 }, 
                { "trait": "eye_hazel", "prob": 100 }, 
                { "trait": "SKIN_LIGHT", "prob": 100 } ]
  },
  {
    "type": "item_group",
    "id": "NC_Archer_weapon",
    "items": [ 
      { "item": "hand_crossbow", "ammo-item": "bolt_cf", "charges": 1, "contents-item": [ "rail_laser_sight" ], "prob": 80 },
      { "item": "crossbow", "ammo-item": "bolt_cf", "charges": 1, "contents-item": [ "rail_laser_sight", "shoulder_strap" ], "prob": 20 }
     ]
  },
  {
    "type": "item_group",
    "id": "NC_Archer_worn",
    "subtype": "collection",
    "entries": [
      { "group": "npc_underwear_bottom_female" },
      { "group": "npc_underwear_top_female" },
      { "group": "ZhighNpc_underwear_feet_female" },
      { "item": "skirt_zhigh" },
      { "item": "dress_shirt_zhigh" },
      { "group": "npc_gloves" },
      { "group": "ZhighNpc_Tie" },
      { "item": "ski_jacket_archer" },
      { "item": "redhairpin" },
      { "group": "ZhighNpc_shoes_female" },
      { "item": "duffelbag" }
    ]
  },
  {
    "type": "item_group",
    "id": "NC_Archer_carry",
    "subtype": "collection",
    "entries": [
      { "item": "bolt_cf", "count": [ 3, 8 ] },
      { "item": "bolt_explosive" },
      { "item": "bolt_explosive" },
      { "item": "bolt_explosive" },
      { "item": "bolt_explosive" },
      { "item": "bolt_explosive" },
      { "item": "ID_1st" },
      { "item": "zhigh_smart_phone" }
    ]
  },
  {
    "type": "npc_class",
    "id": "NC_Archer",
    "name": { "str": "Archer" },
    "job_description": "I shoot others with a crossbow.",
    "traits": [
      { "group": "BG_survival_story_RURAL" },
      { "group": "NPC_starting_traits" },
      { "group": "Appearance_Archer" },
      [ "REGEN_zhigh", 100 ]
    ],
    "common": false,
    "worn_override": "NC_Archer_worn",
    "carry_override": "NC_Archer_carry",
    "weapon_override": "NC_Archer_weapon",
    "bonus_str": { "rng": [ 1, 3 ] },
    "bonus_int": { "rng": [ -2, 1 ] },
    "bonus_per": { "rng": [ -1, 1 ] },
    "bonus_dex": { "rng": [ 2, 3 ] },
    "skills": [
      { "skill": "ALL", "level": { "mul": [ { "one_in": 3 }, { "sum": [ { "dice": [ 2, 2 ] }, { "rng": [ 0, -4 ] } ] } ] } },
      { "skill": "dodge", "bonus": { "rng": [ 1, 3 ] } },
      { "skill": "melee", "bonus": { "rng": [ 2, 4 ] } },
      { "skill": "unarmed", "bonus": { "rng": [ 1, 3 ] } }
    ]
  },
  {
    "type": "npc",
    "id": "ARCHER",
    "name_unique": "Yae Seul Jeong",
    "name_suffix": "student",
    "gender": "female",
    "class": "NC_Archer",
    "attitude": 0,
    "mission": 8,
    "chat": "TALK_ARCHER",
    "mission_offered": "MISSION_SCHOOL_GET_GLUE",
    "faction": "Zhigh_Survivors"
  },
  {
    "type": "talk_topic",
    "id": "TALK_ARCHER",
    "dynamic_line": { "u_is_wearing": "armband_zhigh_halmon", "yes": "Hello monitor.", "no": "Hello there." },
    "responses": [
      { "text": "What is this place?", "topic": "TALK_ARCHER_PLACE" },
      { "text": "Can I join you guys?", "topic": "TALK_ARCHER_JOIN" },
      { "text": "Anything I can do for you?", "topic": "TALK_ARCHER_JOB" },
      { "text": "See you later.", "topic": "TALK_ARCHER_BYE" }
    ]
  },
  {
    "type": "talk_topic",
    "id": "TALK_ARCHER_PLACE",
    "dynamic_line": "This is a school that we've made into a sort of a safehouse from this whole... <the_cataclysm>.",
    "responses": [
      { "text": "So are you with the school or something?", "topic": "TALK_ARCHER_GOVERNMENT" },
      { "text": "What do you trade?", "topic": "TALK_ARCHER_TRADE" }
    ]
  },
  {
    "type": "talk_topic",
    "id": "TALK_ARCHER_GOVERNMENT",
    "dynamic_line": "Yeah. There is School hall monitor somewhere around here if you have any questions relating to what the school, or at least the ones who is left, is up to.",
    "responses": [
      { "text": "Oh, okay.", "topic": "TALK_ARCHER" },
      { "text": "Oh, okay.  I'll go look for him then!", "topic": "TALK_DONE" }
    ]
  },
  {
    "type": "talk_topic",
    "id": "TALK_ARCHER_TRADE",
    "dynamic_line": "Anything valuable really.  If you really want to know, go ask one of the actual traders.  I'm just protecting other survivors.",
    "responses": [
      { "text": "I'll go talk to them later.", "topic": "TALK_ARCHER" },
      { "text": "Will do, thanks!", "topic": "TALK_DONE" }
    ]
  },
  {
    "type": "talk_topic",
    "id": "TALK_ARCHER_JOIN",
    "dynamic_line": "Will not be easy, but possible.",
    "responses": [ { "text": "Okay...?", "topic": "TALK_ARCHER_JOIN2" } ]
  },
  {
    "type": "talk_topic",
    "id": "TALK_ARCHER_JOIN2",
    "dynamic_line": "Sorry, pal. Some things cannot be done.",
    "responses": [
      { "text": "So no negotiating?  No, 'If you do this quest then we'll let you in?'", "topic": "TALK_ARCHER_JOIN3" }
    ]
  },
  {
    "type": "talk_topic",
    "id": "TALK_ARCHER_JOIN3",
    "dynamic_line": "Hmm... There should be a way for that. Although I'm not so sure.",
    "responses": [
      { "text": "Well, what is it?", "topic": "TALK_ARCHER_JOB" },
      { "text": "Nah, I ain't gonna do that.", "topic": "TALK_ARCHER" }
    ]
  },
  {
    "type": "talk_topic",
    "id": "TALK_ARCHER_JOB",
    "dynamic_line": "Depends on what you want.  Go talk to a so-called merchant if you have anything to sell.  Otherwise the School hall monitor might have something, if you can find him.  But if you're just looking for someone to put a good word in, I might have something for you.",
    "responses": [
      { "text": "Alright then.", "topic": "TALK_ARCHER" },
      { "text": "A good word might be helpful.  What do you need?", "topic": "TALK_MISSION_LIST" },
      { "text": "School hall monitor huh, I'll go talk to him!", "topic": "TALK_DONE" }
    ]
  },
  {
    "type": "talk_topic",
    "id": "TALK_ARCHER_BYE",
    "dynamic_line": "Stay safe out there.  Hate to have to kill you after you've already died.",
    "responses": [ { "text": "Yeah, I won't.", "topic": "TALK_DONE" } ]
  },
  {
    "id": "MISSION_SCHOOL_GET_GLUE",
    "type": "mission_definition",
    "name": { "str": "Glue needed" },
    "description": "Get some crossbow bolts at the school by handing over three superglue.",
    "goal": "MGOAL_FIND_ITEM",
    "difficulty": 1,
    "value": 1000,
    "item": "superglue",
    "count": 3,
    "origins": [ "ORIGIN_SECONDARY" ],
    "followup": "MISSION_SCHOOL_GET_GLUE",
    "end": {
      "opinion": { "trust": 2, "value": 2 },
      "effect": [
        { "u_buy_item": "arrow_wood", "count": 1 }
      ]
    },
    "dialogue": {
      "describe": "Come on man, I just need some glue.",
      "offer": "With all that's been going on, it's been more and more difficult to find some glue.  My crossbow has been working bad for a while now.  Think you could help me out here?  A few glues are all I need.",
      "accepted": "Thanks, it's great to see someone willing to help a gal out.",
      "rejected": "Well, I'll find someone else to do it for me.",
      "advice": "Bit rare in towns.  Gotta be some left overs in some of them houses.  Or you could make some. You do have some tools here, so just get some ingredients.",
      "inquire": "Got the glue?",
      "success": "Thanks!  I'll be sure to put in a good word for you around the center.",
      "success_lie": "OK, then hand it over.",
      "failure": "Shit happens."
    }
  }
]