[
  {
    "type": "npc",
    "id": "GRUNT_MERC",
    "//": "Appears in the school as a partner for hire.",
    "name_suffix": "student",
    "class": "NC_GRUNT_MERC",
    "attitude": 0,
    "mission": 7,
    "chat": "TALK_GRUNT_MERC",
    "faction": "Zhigh_Survivors"
  },
  {
    "type": "npc_class",
    "id": "NC_GRUNT_MERC",
    "name": { "str": "Student - Grunt" },
    "job_description": "Fighting for the all-mighty dollar.",
    "common": false,
    "traits": [
      { "trait": "BGSS_Scavenger_Merc_1" },
      { "trait": "PSYCHOPATH" },
      { "trait": "QUICK" },
      { "trait": "TOUGH" },
      { "trait": "PARKOUR" },
      { "trait": "INSOMNIA" },
      { "trait": "REGEN_zhigh" },
      { "group": "Appearance_Mixed" }
    ],
    "bonus_str": { "rng": [ 2, 4 ] },
    "bonus_dex": { "rng": [ 1, 2 ] },
    "bonus_int": { "rng": [ -1, 0 ] },
    "bonus_per": { "rng": [ 1, 2 ] },
    "worn_override": "NC_GRUNT_MERC_worn",
    "carry_override": "NC_GRUNT_MERC_carry",
    "weapon_override": "ZhighGuardWeaponGroups",
    "skills": [
      { "skill": "ALL", "level": { "mul": [ { "one_in": 3 }, { "sum": [ { "dice": [ 2, 2 ] }, { "rng": [ 0, -4 ] } ] } ] } },
      { "skill": "melee", "bonus": { "rng": [ 2, 5 ] } },
      { "skill": "unarmed", "bonus": { "rng": [ 2, 3 ] } },
      { "skill": "stabbing", "bonus": { "rng": [ 2, 3 ] } },
      { "skill": "cutting", "bonus": { "rng": [ 2, 3 ] } },
      { "skill": "bashing", "bonus": { "rng": [ 2, 3 ] } },
      { "skill": "throw", "bonus": { "rng": [ 2, 3 ] } },
      { "skill": "dodge", "bonus": { "rng": [ 2, 3 ] } } 
    ]
  },
  {
    "type": "item_group",
    "id": "NC_GRUNT_MERC_worn",
    "subtype": "collection",
    "items": [
      { "item": "boxer_briefs" },
      { "item": "dress_shirt_zhigh" },
      { "item": "pants_zhigh" },
      { "group": "ZhighNpc_Tie" },
      { "group": "ZhighNpc_coat" },
      { "group": "ZhighNpc_masks" },
      { "group": "ZhighNpc_underwear_feet_male" },
      { "group": "ZhighNpc_shoes_male" },
      { "group": "ZhighNpc_Armor" },
      { "group": "ZhighNpc_stabbing", "container-item": "sheath" },
      { "group": "ZhighNpc_gloves" }
    ]
  },
  {
    "type": "item_group",
    "id": "NC_GRUNT_MERC_carry",
    "subtype": "collection",
    "items": [
      { "group": "NC_GUARD_misc" },
      { "item": "protein_bar_evac" }
    ]
  },
  {
    "id": "TALK_GRUNT_MERC",
    "type": "talk_topic",
    "dynamic_line": { "u_is_wearing": "armband_zhigh_halmon", "yes": "I haven't done anything wrong… yet.", "no": "Hm…" },
    "responses": [
      { "text": "Who are you?", "topic": "TALK_GRUNT_MERC_NEW" },
      { "text": "Any tips for surviving?", "topic": "TALK_GRUNT_MERC_TIPS" },
      { "text": "What would it cost to hire you?", "topic": "TALK_GRUNT_MERC_HIRE" },
      { "text": "Well, bye.", "topic": "TALK_DONE" }
    ]
  },
  {
    "id": "TALK_GRUNT_MERC_NEW",
    "type": "talk_topic",
    "dynamic_line": "I'm just a hired hand.  Someone pays me in cash or in items, and I do what needs to be done.",
    "responses": [ { "text": "…", "topic": "TALK_GRUNT_MERC" } ]
  },
  {
    "id": "TALK_GRUNT_MERC_TIPS",
    "type": "talk_topic",
    "dynamic_line": "If you have to fight your way out of an ambush, the only thing that is going to save you is having a party that can return fire.  People who work alone are easy pickings for monsters and bandits.",
    "responses": [ { "text": "I suppose I should hire a party then?", "topic": "TALK_GRUNT_MERC" } ]
  },
  {
    "id": "TALK_GRUNT_MERC_HIRE",
    "type": "talk_topic",
    "dynamic_line": "I'm currently waiting for a customer to return… I'll make you a deal though, ten caffeinated chewing gum will cover my expenses if I get a small cut of the loot.",
    "responses": [
      { "text": "Where could I get some?", "topic": "TALK_GRUNT_MERC_CAFFGUM" },
      { "text": "I might be back.", "topic": "TALK_GRUNT_MERC" },
      {
        "text": "[10 Caffeinated Chewing Gum] You have a deal.",
        "topic": "TALK_GRUNT_MERC_HIRE_SUCCESS",
        "condition": { "u_has_items": { "item": "caff_gum", "count": 10 } },
        "effect": { "u_consume_item": "caff_gum", "count": 10 }
      }
    ]
  },
  {
    "id": "TALK_GRUNT_MERC_CAFFGUM",
    "type": "talk_topic",
    "dynamic_line": "Duh, anywhere. Who cares anyway, since almost everyone is dead, right?",
    "responses": [
      { "text": "Makes sence.  Let's try this again from the start.", "topic": "TALK_GRUNT_MERC" },
      { "text": "Okay, how many caffeinated chewing gums do I need again?", "topic": "TALK_GRUNT_MERC_HIRE" },
      { "text": "Well, thanks for the info.  Bye!", "topic": "TALK_DONE" }
    ]
  },
  {
    "id": "TALK_GRUNT_MERC_HIRE_SUCCESS",
    "type": "talk_topic",
    "dynamic_line": "I guess you're the boss.",
    "responses": [
      {
        "text": "Glad to have you aboard.",
        "success": { "effect": "follow", "opinion": { "trust": 1, "value": 1 }, "topic": "TALK_DONE" }
      }
    ]
  }
]