[
  {
    "type": "trait_group",
    "id": "Hair_Green",
    "subtype": "distribution",
    "traits": [
      { "trait": "hair_green_crewcut", "prob": 25 },
      { "trait": "hair_green_mohawk", "prob": 1 },
      { "trait": "hair_green_fro", "prob": 1 },
      { "trait": "hair_green_short", "prob": 35 },
      { "trait": "hair_green_medium", "prob": 25 },
      { "trait": "hair_green_long", "prob": 13 }
    ]
  },
  {
    "type": "trait_group",
    "id": "Hair_LightPink",
    "subtype": "distribution",
    "traits": [
      { "trait": "hair_light_pink_crewcut", "prob": 25 },
      { "trait": "hair_light_pink_mohawk", "prob": 1 },
      { "trait": "hair_light_pink_fro", "prob": 1 },
      { "trait": "hair_light_pink_short", "prob": 35 },
      { "trait": "hair_light_pink_medium", "prob": 25 },
      { "trait": "hair_light_pink_long", "prob": 13 }
    ]
  },
  {
    "type": "trait_group",
    "id": "Hair_Blue",
    "subtype": "distribution",
    "traits": [
      { "trait": "hair_blue_crewcut", "prob": 25 },
      { "trait": "hair_blue_mohawk", "prob": 1 },
      { "trait": "hair_blue_fro", "prob": 1 },
      { "trait": "hair_blue_short", "prob": 35 },
      { "trait": "hair_blue_medium", "prob": 25 },
      { "trait": "hair_blue_long", "prob": 13 }
    ]
  },
  {
    "type": "trait_group",
    "id": "Hair_Orange",
    "subtype": "distribution",
    "traits": [
      { "trait": "hair_orange_crewcut", "prob": 25 },
      { "trait": "hair_orange_mohawk", "prob": 1 },
      { "trait": "hair_orange_fro", "prob": 1 },
      { "trait": "hair_orange_short", "prob": 35 },
      { "trait": "hair_orange_medium", "prob": 25 },
      { "trait": "hair_orange_long", "prob": 13 }
    ]
  },
  {
    "type": "trait_group",
    "id": "Hair_Pink",
    "subtype": "distribution",
    "traits": [
      { "trait": "hair_pink_crewcut", "prob": 25 },
      { "trait": "hair_pink_mohawk", "prob": 1 },
      { "trait": "hair_pink_fro", "prob": 1 },
      { "trait": "hair_pink_short", "prob": 35 },
      { "trait": "hair_pink_medium", "prob": 25 },
      { "trait": "hair_pink_long", "prob": 13 }
    ]
  },
  {
    "type": "trait_group",
    "id": "Hair_Weird",
    "subtype": "distribution",
    "traits": [
      { "group": "Hair_Green", "prob": 25 },
      { "group": "Hair_Blue", "prob": 25 },
      { "group": "Hair_Orange", "prob": 25 },
      { "group": "Hair_LightPink", "prob": 25 },
      { "group": "Hair_Pink", "prob": 25 }
    ]
  },
  {
    "type": "trait_group",
    "id": "Hair_Any",
    "subtype": "distribution",
    "traits": [
      { "group": "Hair_Weird", "prob": 20 },
      { "group": "Hair_Red", "prob": 5 },
      { "group": "Hair_Blond", "prob": 25 },
      { "group": "Hair_Black", "prob": 25 },
      { "group": "Hair_Brown", "prob": 25 },
      { "group": "Hair_Gray", "prob": 10 },
      { "group": "Hair_White", "prob": 10 },
      { "trait": "HAIR_BALD", "prob": 3 }
    ]
  },
  {
    "type": "trait_group",
    "id": "Hair_Irish",
    "subtype": "distribution",
    "traits": [
      { "group": "Hair_Weird", "prob": 20 },
      { "group": "Hair_Red", "prob": 10 },
      { "group": "Hair_Blond", "prob": 10 },
      { "group": "Hair_Black", "prob": 25 },
      { "group": "Hair_Brown", "prob": 40 },
      { "group": "Hair_Gray", "prob": 8 },
      { "group": "Hair_White", "prob": 7 },
      { "trait": "HAIR_BALD", "prob": 3 }
    ]
  },
  {
    "type": "trait_group",
    "id": "Hair_Fair",
    "subtype": "distribution",
    "traits": [
      { "group": "Hair_Weird", "prob": 20 },
      { "group": "Hair_Red", "prob": 5 },
      { "group": "Hair_Blond", "prob": 50 },
      { "group": "Hair_Black", "prob": 7 },
      { "group": "Hair_Brown", "prob": 40 },
      { "group": "Hair_Gray", "prob": 5 },
      { "group": "Hair_White", "prob": 8 },
      { "trait": "HAIR_BALD", "prob": 3 }
    ]
  },
  {
    "type": "trait_group",
    "id": "Hair_Dark",
    "subtype": "distribution",
    "traits": [
      { "group": "Hair_Weird", "prob": 20 },
      { "group": "Hair_Black", "prob": 50 },
      { "group": "Hair_Brown", "prob": 40 },
      { "group": "Hair_Gray", "prob": 6 },
      { "group": "Hair_White", "prob": 5 },
      { "trait": "HAIR_BALD", "prob": 3 }
    ]
  },
  {
    "type": "trait_group",
    "id": "Eye_any",
    "subtype": "distribution",
    "traits": [
      { "trait": "eye_brown", "prob": 40 },
      { "trait": "eye_hazel", "prob": 18 },
      { "trait": "eye_amber", "prob": 16 },
      { "trait": "eye_blue", "prob": 16 },
      { "trait": "eye_gray", "prob": 10 },
      { "trait": "eye_green", "prob": 10 },
      { "trait": "eye_red", "prob": 10 },
      { "trait": "eye_black", "prob": 10 },
      { "trait": "eye_yellow", "prob": 10 },
      { "trait": "eye_purple", "prob": 10 },
      { "trait": "eye_mint", "prob": 10 },
      { "trait": "eye_pink", "prob": 10 },
      { "trait": "eye_orange", "prob": 10 },
      { "trait": "eye_purp_V2", "prob": 2 },
      { "trait": "eye_cyan", "prob": 10 }
    ]
  }
]