[
  {
    "type": "item_group",
    "id": "ZhighNpc_underwear_feet_male",
    "items": [ 
      [ "socks", 80 ], 
      [ "socks_ankle", 60 ], 
      [ "socks_bowling", 15 ],
      [ "socks_wool", 20 ]
     ]
  },
  {
    "type": "item_group",
    "id": "ZhighNpc_underwear_feet_female",
    "items": [
      [ "socks", 50 ],
      [ "socks_ankle", 30 ],
      [ "socks_wool", 10 ],
      [ "stockings", 15 ],
      [ "socks_bowling", 15 ],
      [ "tights", 20 ]
    ]
  },
  {
    "type": "item_group",
    "id": "ZhighNpc_suit_pants_male",
    "items": [
      [ "pants_zhigh", 100 ]
    ]
  },
  {
    "type": "item_group",
    "id": "ZhighNpc_suit_pants_female",
    "items": [
      [ "pants_zhigh", 20 ],
      [ "skirt_zhigh", 90 ]
    ]
  },
  {
    "type": "item_group",
    "id": "ZhighNpc_Tie",
    "items": [
      [ "tie_necktie_zhigh", 50 ],
      [ "tie_bow_zhigh", 50 ]
    ]
  },
  {
    "type": "item_group",
    "id": "ZhighNpc_workout_pants_male",
    "items": [
      [ "shorts_tracksuit_zhigh", 60 ],
      [ "pants_tracksuit_zhigh", 40 ]
    ]
  },
  {
    "type": "item_group",
    "id": "ZhighNpc_workout_pants_female",
    "items": [
      [ "shorts_tracksuit_zhigh", 60 ],
      [ "pants_tracksuit_zhigh", 40 ]
    ]
  },
  {
    "type": "item_group",
    "id": "ZhighNpc_shirt_male",
    "items": [
      [ "dress_shirt_zhigh", 100 ]
    ]
  },
  {
    "type": "item_group",
    "id": "ZhighNpc_shirt_female",
    "items": [
      [ "dress_shirt_zhigh", 100 ]
    ]
  },
  {
    "type": "item_group",
    "id": "ZhighNpc_gloves",
    "items": [
      [ "null", 60 ],
      [ "gloves_leather", 20 ],
      [ "gloves_fingerless", 10 ],
      [ "gloves_light_fingerless", 5 ],
      [ "gloves_wool_fingerless", 5 ],
      [ "fire_gauntlets", 20 ],
      [ "gloves_work", 10 ],
      [ "gloves_fingerless_mod", 5 ],
      [ "gloves_medical", 10 ],
      [ "gloves_winter", 5 ],
      [ "gloves_wool", 20 ],
      [ "gloves_light", 20 ],
      [ "gloves_tactical", 5 ]
    ]
  },
  {
    "type": "item_group",
    "id": "ZhighNpc_coat",
    "items": [
      [ "null", 20 ],
      [ "blazer_zhigh", 95 ],
      [ "jacket_baseball", 35 ],
      [ "jacket_baseball_2", 35 ]
    ]
  },
  {
    "type": "item_group",
    "id": "ZhighNpc_shoes_male",
    "items": [
      { "group": "shoes_unisex", "prob": 80 },
      [ "mocassins", 10 ],
      [ "roller_shoes_off", 10 ],
      [ "shoes_bowling", 20 ],
      [ "golf_shoes", 10 ],
      [ "dress_shoes", 80 ],
      [ "sneakers", 60 ],
      [ "lowtops", 40 ]
    ]
  },
  {
    "type": "item_group",
    "id": "ZhighNpc_shoes_female",
    "items": [
      { "group": "shoes_unisex", "prob": 80 },
      [ "mocassins", 10 ],
      [ "roller_shoes_off", 10 ],
      [ "shoes_bowling", 20 ],
      [ "golf_shoes", 20 ],
      [ "dress_shoes", 80 ],
      [ "sneakers", 80 ],
      [ "lowtops", 40 ]
    ]
  },
  {
    "type": "item_group",
    "id": "ZhighNpc_masks",
    "items": [
      [ "null", 20 ],
      [ "mask_dust", 5 ],
      [ "bandana", 5 ],
      [ "mask_filter", 5 ],
      [ "mask_gas", 5 ],
      [ "mask_bunker", 5 ],
      [ "glasses_safety", 5 ], 
      [ "sunglasses", 15 ],
      [ "fancy_sunglasses", 5 ],
      [ "mask_guy_fawkes", 5 ],
      [ "respirator", 5 ],
      [ "mask_DarkSkies", 5 ],
      [ "mask_CrewChief", 5 ],
      [ "mask_Rogue", 5 ],
      [ "mask_Muscle", 5 ],
      [ "mask_Armorer", 5 ],
      [ "mask_Crook", 5 ],
      [ "mask_Burglar", 5 ],
      [ "mask_Clown", 5 ],
      [ "mask_Infiltrator", 5 ],
      [ "mask_Gambler", 5 ],
      [ "mask_Grinder", 5 ],
      [ "mask_Maniac", 5 ],
      [ "mask_ExPresident", 5 ],
      [ "mask_Yakuza", 5 ],
      [ "mask_Anarchist", 5 ],
      [ "mask_Hacker", 5 ],
      [ "mask_Biker", 5 ],
      [ "mask_Kingpin", 5 ],
      [ "mask_wooden", 5 ],
      [ "mask_skull", 5 ],
      [ "bandana_skull", 5 ],
      [ "balclava_skull", 5 ],
      [ "bandana", 5 ],
      [ "balclava", 5 ],
      [ "mask_cavalry_iron", 5 ],
      [ "mask_bal", 5 ],
      [ "mask_dust", 5 ],
      [ "mask_rioter", 5 ],
      [ "thermal_mask", 5 ],
      [ "drinking_hat", 5 ],
      [ "foodperson_mask", 1 ],
      [ "mask_cavalry_bronze", 5 ],
      [ "mask_ski_loose", 5 ],
      [ "mask_ski", 5 ],
      [ "hat_ball", 5 ],
      [ "hat_hard", 5 ],
      [ "hat_boonie", 5 ],
      [ "hat_cotton", 5 ],
      [ "hat_fur", 5 ],
      [ "hat_knit", 5 ],
      [ "hat_newsboy", 5 ],
      [ "cowboy_hat", 5 ],
      [ "hat_sombrero", 5 ],
      [ "10gal_hat", 5 ],
      [ "straw_hat", 5 ],
      [ "hat_hunting", 5 ],
      [ "hat_hard_hooded", 5 ],
      [ "helmet_bike", 5 ],
      [ "helmet_riot", 5 ],
      [ "helmet_motor", 5 ],
      [ "helmet_skid", 5 ],
      [ "welding_mask_crude", 5 ],
      [ "welding_mask", 5 ],
      [ "helmet_ball", 5 ],
      [ "helmet_football", 5 ],
      [ "pot_helmet", 5 ],
      [ "firehelmet", 5 ],
      [ "helmet_army", 5 ],
      [ "clown_wig", 5 ],
      [ "wetsuit_hood", 5 ],
      [ "goggles_swim", 5 ],
      [ "rebreather", 5 ],
      [ "fitover_sunglasses", 5 ],
      [ "headgear", 5 ],
      [ "porkpie", 5 ],
      [ "cowl_wool", 5 ],
      [ "headgear", 5 ],
      [ "kippah", 5 ],
      [ "hat_sombrero", 5 ],
      [ "tophat", 5 ],
      [ "tricorne", 5 ],
      [ "balclava", 5 ],
      [ "cap_arming", 5 ],
      [ "beekeeping_hood", 5 ],
      [ "chainmail_hood", 5 ],
      [ "helmet_barbute", 5 ],
      [ "helmet_conical", 5 ],
      [ "helmet_kabuto", 5 ],
      [ "helmet_larmor", 5 ],
      [ "helmet_nasal", 5 ],
      [ "helmet_galea", 5 ],
      [ "mask_h20survivor", 5 ],
      [ "beret", 5 ],
      [ "beret_wool", 5 ],
      [ "hat_chef", 5 ],
      [ "hat_golf", 5 ],
      [ "bowhat", 5 ],
      [ "iggaak", 5 ],
      [ "eclipse_glasses", 5 ],
      [ "knit_scarf", 5 ], 
      [ "long_knit_scarf", 5 ], 
      [ "scarf", 5 ], 
      [ "scarf_long", 5 ]
    ]
  },
  {
    "type": "item_group",
    "id": "ZhighNpc_Armor",
    "items": [
      [ "null", 60 ],
      [ "football_armor", 10 ],
      [ "flotation_vest", 10 ],
      [ "shield_wooden", 10 ],
      [ "knee_pads", 20 ],
      [ "elbow_pads", 20 ],
      [ "armguard_bronze", 5 ],
      [ "armguard_lightplate", 5 ],
      [ "armguard_larmor", 5 ],
      [ "vambrace_larmor", 5 ],
      [ "gloves_plate", 5 ],
      [ "chainmail_arms", 5 ],
      [ "chainmail_hands", 5 ]
    ]
  },
  {
    "type": "item_group",
    "id": "ZhighNpc_extra",
    "items": [
      [ "null", 1 ],
      [ "clown_nose", 5 ],
      { "group": "accessory_weaponcarry", "prob": 80 },
      { "group": "jewelry_accessories", "prob": 80 },
      { "group": "accessory_bracelet", "prob": 80 },
      { "group": "accessory_earring", "prob": 80 },
      { "group": "accessory_necklace", "prob": 80 }
    ]
  },
  {
    "type": "item_group",
    "id": "ZhighNpc_wrist",
    "items": [
      [ "null", 20 ],
      [ "case_violin", 5 ],
      [ "diving_watch", 30 ],
      [ "game_watch", 15 ],
      [ "gold_watch", 15 ],
      [ "wristwatch", 60 ],
      [ "sf_watch", 15 ]
    ]
  },
  {
    "type": "item_group",
    "id": "ZhighNpc_ids",
    "items": [
      [ "ID_1st", 30 ],
      [ "ID_2nd", 30 ],
      [ "ID_3rd", 30 ]
    ]
  },
  {
    "type": "item_group",
    "id": "NC_JUVENILE_MERC_wield",
    "items": [
      { "item": "bbsmg", "ammo-item": "bb", "charges": 300, "contents-item": [ "shoulder_strap" ], "prob": 20 },
      { "item": "bbDMR", "ammo-item": "bb", "charges": 60, "contents-item": [ "grip", "acog_scope", "shoulder_strap" ], "prob": 20 },
      { "item": "bbM4", "ammo-item": "bb", "charges": 300, "contents-item": [ "grip", "acog_scope", "shoulder_strap" ], "prob": 20 },
      { "item": "bbgun", "ammo-item": "bb", "charges": 300, "contents-item": [ "shoulder_strap" ], "prob": 30 },
      { "item": "bbSnip", "ammo-item": "bb", "charges": 5, "contents-item": [ "acog_scope", "shoulder_strap" ], "prob": 20 },
      { "item": "bbmachinepistol", "ammo-item": "bb", "charges": 75, "prob": 20 },
      { "item": "bbpistol", "ammo-item": "bb", "charges": 45, "prob": 20 }
    ]
  },
  {
    "type": "item_group",
    "id": "ZhighNpc_storage",
    "items": [
      [ "null", 60 ],
      [ "backpack", 20 ],
      [ "backpack_leather", 20 ],
      [ "rucksack", 5 ],
      [ "mbag", 20 ],
      [ "runner_bag", 5 ],
      [ "duffelbag", 5 ],
      [ "dive_bag", 5 ],
      [ "slingpack", 10 ],
      [ "molle_pack", 5 ]
    ]
  },
  {
    "type": "item_group",
    "id": "ZhighNpc_belt",
    "items": [ [ "null", 20 ], [ "leather_belt", 50 ], [ "tool_belt", 10 ] ]
  },
  {
    "type": "item_group",
    "id": "ZhighNpc_holster",
    "items": [ [ "null", 50 ], [ "sholster", 10 ], [ "sheath", 10 ] ]
  },
  {
    "type": "item_group",
    "id": "ZhighNpc_stabbing",
    "items": [ { "group": "survivor_knife" } ]
  },
  {
    "type": "item_group",
    "id": "ZhighNpc_throw",
    "items": [ [ "null", 50 ], [ "beanbag", 10 ], [ "throwing_knife", 7 ], [ "throwing_axe", 4 ] ]
  },
  {
    "type": "item_group",
    "id": "ZhighNpc_misc",
    "ammo": 75,
    "magazine": 50,
    "items": [
      [ "zhigh_smart_phone", 95 ]
    ]
  }
]
