[
  {
    "type": "trait_group",
    "id": "Appearance_MedicZhigh",
    "subtype": "collection",
    "traits": [ { "trait": "hair_medic", "prob": 100 }, 
                { "trait": "eye_black", "prob": 100 }, 
                { "trait": "SKIN_PINK", "prob": 100 } ]
  },
  {
    "type": "item_group",
    "id": "NC_MedicZhigh_weapon",
    "items": [
      { "item": "nailsmg", "ammo-item": "combatnail", "charges": 99 }
    ]
  },
  {
    "type": "item_group",
    "id": "NC_MedicZhigh_worn",
    "subtype": "collection",
    "entries": [
      { "group": "npc_underwear_bottom_female" },
      { "group": "npc_underwear_top_female" },
      { "group": "ZhighNpc_underwear_feet_female" },
      { "item": "skirt_zhigh" },
      { "item": "dress_shirt_zhigh" },
      { "group": "npc_gloves" },
      { "group": "ZhighNpc_Tie" },
      { "item": "blazer_zhigh" },
      { "group": "ZhighNpc_shoes_female" },
      { "item": "backpack_leather" },
      { "item": "medkitRecharge", "ammo-item": "battery", "charges": 120 }
    ]
  },
  {
    "type": "item_group",
    "id": "NC_MedicZhigh_carry",
    "subtype": "collection",
    "entries": [
      { "item": "medium_disposable_cell", "prob": 90 },
      { "item": "medkit2", "count": [ 3, 5 ] },
      { "item": "medkit1", "count": [ 3, 8 ] },
      { "item": "syringe", "count": [ 7, 11 ] },
      { "item": "combatnail" },
      { "item": "combatnail" },
      { "item": "scalpel" },
      { "item": "ID_1st" },
      { "item": "zhigh_smart_phone" }
    ]
  },
  {
    "type": "npc_class",
    "id": "NC_MedicZhigh",
    "name": { "str": "MedicZhigh" },
    "job_description": "I heal people.",
    "traits": [
      { "group": "BG_survival_story_RURAL" },
      { "group": "NPC_starting_traits" },
      { "group": "Appearance_MedicZhigh" },
      [ "REGEN_zhigh", 100 ]
    ],
    "common": false,
    "worn_override": "NC_MedicZhigh_worn",
    "carry_override": "NC_MedicZhigh_carry",
    "weapon_override": "NC_MedicZhigh_weapon",
    "bonus_str": { "rng": [ -2, 1 ] },
    "bonus_int": { "rng": [ 1, 4 ] },
    "bonus_per": { "rng": [ 1, 3 ] },
    "skills": [
      { "skill": "ALL", "level": { "mul": [ { "one_in": 3 }, { "sum": [ { "dice": [ 2, 2 ] }, { "rng": [ 0, -4 ] } ] } ] } },
      { "skill": "dodge", "bonus": { "rng": [ 2, 3 ] } },
      { "skill": "firstaid", "bonus": { "rng": [ 3, 5 ] } }
    ]
  },
  {
    "type": "npc",
    "id": "MEDICZhigh",
    "name_unique": "Yoori Lee",
    "name_suffix": "student",
    "gender": "female",
    "class": "NC_MedicZhigh",
    "attitude": 0,
    "mission": 7,
    "chat": "TALK_ZHIGH_MEDIC",
    "mission_offered": "MISSION_ZHIGH_MEDIC_1",
    "faction": "Zhigh_Survivors"
  },
  {
    "type": "talk_topic",
    "id": "TALK_ZHIGH_MEDIC",
    "dynamic_line": "Hi, do you need any help?",
    "responses": [
      { "text": "What is your job here?", "topic": "TALK_ZHIGH_MEDIC_JOB" },
      { "text": "Do you need any help?", "topic": "TALK_ZHIGH_MEDIC_HIRE" },
      { "text": "I could use your medical assistance.", "topic": "TALK_ZHIGH_MEDIC_AID" },
      { "text": "I've got to go…", "topic": "TALK_DONE" }
    ]
  },
  {
    "type": "talk_topic",
    "id": "TALK_ZHIGH_MEDIC_JOB",
    "dynamic_line": "I was a practicing medicine so I've taken over the medical responsibilities of the outpost till we can locate a physician.",
    "responses": [ { "text": "OK.", "topic": "TALK_ZHIGH_MEDIC" } ]
  },
  {
    "type": "talk_topic",
    "id": "TALK_ZHIGH_MEDIC_HIRE",
    "dynamic_line": "I'm willing to pay a premium for medical supplies that you might be able to scavenge up.  I also have a few miscellaneous jobs from time to time.",
    "repeat_responses": {
      "for_item": [
        "1st_aid",
        "medkit1",
        "medkit2",
        "medkit3",
        "medkit4",
        "antibiotics",
        "aspirin",
        "bandages",
        "bfipowder",
        "chem_hydrogen_peroxide",
        "codeine",
        "dayquil",
        "disinfectant",
        "morphine",
        "nyquil",
        "oxycodone",
        "poppy_pain",
        "poppysyrup",
        "quikclot",
        "thyme_oil",
        "tramadol",
        "vaccine_shot",
        "weak_antibiotic",
        "cattail_jelly"
      ],
      "response": { "text": "Here's <topic_item>.", "topic": "TALK_DELIVER_ASK" }
    },
    "responses": [
      { "text": "What kind of jobs do you have for me?", "topic": "TALK_MISSION_LIST" },
      { "text": "Not now.", "topic": "TALK_ZHIGH_MEDIC" }
    ]
  },
  {
    "id": "TALK_ZHIGH_MEDIC_AID",
    "type": "talk_topic",
    "dynamic_line": {
      "npc_service": true,
      "yes": "I can take a look at you or your companions if you are injured.  Supplies are in shortage, so unfortunately I'll have to ask you for 200 Merch, or 80 if it's just you.",
      "no": "Come back later, I need to take care of a few things first."
    },
    "responses": [
      {
        "text": "[2 first aid kit, 30m] I need you to patch me up. Here's some medikits.",
        "topic": "TALK_ZHIGH_MEDIC_AID_DONE",
        "condition": { "u_has_items": { "item": "1st_aid", "count": 2 } },
        "effect": [ { "u_sell_item": "1st_aid", "count": 2 }, "give_aid" ]
      },
      {
        "text": "[6 first aid kit, 1h] I need you to patch up me and my companions.",
        "topic": "TALK_ZHIGH_MEDIC_AID_DONE",
        "condition": { "u_has_items": { "item": "1st_aid", "count": 6 } },
        "effect": [ { "u_sell_item": "1st_aid", "count": 6 }, "give_all_aid" ]
      },
      { "text": "On second thought, I should be fine.", "topic": "TALK_ZHIGH_MEDIC" }
    ]
  },
  {
    "type": "talk_topic",
    "id": "TALK_ZHIGH_MEDIC_AID_DONE",
    "dynamic_line": "Hold still then.  It's the best I can do on short notice.",
    "responses": [ { "text": "Alright…", "topic": "TALK_DONE" } ]
  },
  {
    "id": "MISSION_ZHIGH_MEDIC_1",
    "type": "mission_definition",
    "name": { "str": "Collect 100 Aspirin" },
    "goal": "MGOAL_FIND_ITEM",
    "difficulty": 5,
    "value": 50000,
    "item": "aspirin",
    "count": 100,
    "origins": [ "ORIGIN_SECONDARY" ],
    "followup": "MISSION_ZHIGH_MEDIC_2",
    "dialogue": {
      "describe": "We need help…",
      "offer": "I've got a handful of bandages and a few first aid kits to work with at the moment… in other words I'm completely unable to treat most serious medical emergencies.  I'm supposed to have priority on any medical supplies that the scavengers bring in but I imagine the black market for the stuff will prevent me from ever seeing it.  I could use your help getting a few bottles of aspirin to start with.",
      "accepted": "I'm counting on you.",
      "rejected": "Come back when you get a chance.  We need skilled survivors.",
      "advice": "Aspirin is pretty common in homes and convenience stores.",
      "inquire": "Do you have the aspirin?",
      "success": "We'll go through this pretty quickly but it does help.",
      "success_lie": "What good does this do us?",
      "failure": "It was a lost cause anyways…"
    }
  },
  {
    "id": "MISSION_ZHIGH_MEDIC_2",
    "type": "mission_definition",
    "name": { "str": "Collect 3 Hotplates" },
    "goal": "MGOAL_FIND_ITEM",
    "difficulty": 5,
    "value": 50000,
    "item": "hotplate",
    "count": 3,
    "origins": [ "ORIGIN_SECONDARY" ],
    "followup": "MISSION_ZHIGH_MEDIC_3",
    "dialogue": {
      "describe": "We need help…",
      "offer": "I was given a few bottles of bleach when I arrived but I need a number of hotplates to actually sterilize equipment.  I'm sure you can find them in any old house or appliance store.  Three should be enough for now.",
      "accepted": "I'm counting on you.",
      "rejected": "Come back when you get a chance.  We need skilled survivors.",
      "advice": "It should be a fairly common item, don't know what else to say.",
      "inquire": "Do you have the hotplates?",
      "success": "Thank you for your assistance.",
      "success_lie": "What good does this do us?",
      "failure": "It was a lost cause anyways…"
    }
  },
  {
    "id": "MISSION_ZHIGH_MEDIC_3",
    "type": "mission_definition",
    "name": { "str": "Collect 200 Multivitamin Pills" },
    "goal": "MGOAL_FIND_ITEM",
    "difficulty": 5,
    "value": 50000,
    "item": "vitamins",
    "count": 200,
    "origins": [ "ORIGIN_SECONDARY" ],
    "followup": "MISSION_ZHIGH_MEDIC_4",
    "dialogue": {
      "describe": "We need help…",
      "offer": "Disease is spreading rapidly due to poor nutrition and there is little that I can do about it.  With food being scarce, people are willing to survive on whatever they can.  I need to start supplementing the outpost's diet with vitamins to prevent potential deaths indirectly attributable to nutrition.  I know it is a lot but if you could bring me 200 multivitamin pills I'd be able to treat the most vulnerable before they spread anything to the rest of us.",
      "accepted": "I'm counting on you.",
      "rejected": "Come back when you get a chance.  We need skilled survivors.",
      "advice": "It should be a fairly common item, don't know what else to say.",
      "inquire": "Do you have the vitamins?",
      "success": "Thank you for your assistance.",
      "success_lie": "What good does this do us?",
      "failure": "It was a lost cause anyways…"
    }
  },
  {
    "id": "MISSION_ZHIGH_MEDIC_4",
    "type": "mission_definition",
    "name": { "str": "Make 4 Charcoal Purifiers" },
    "goal": "MGOAL_FIND_ITEM",
    "difficulty": 5,
    "value": 50000,
    "item": "char_purifier",
    "count": 4,
    "origins": [ "ORIGIN_SECONDARY" ],
    "followup": "MISSION_ZHIGH_MEDIC_5",
    "dialogue": {
      "describe": "We need help…",
      "offer": "Despite my recommendations, we continue to have travelers come in with illnesses I've been able to trace back to contaminated drinking water.  When boiling water isn't an option they need some form of charcoal water filter that they can use.  If you could build me four charcoal water filters I'll distribute them to groups as they pass through.",
      "accepted": "I'm counting on you.",
      "rejected": "Come back when you get a chance.  We need skilled survivors.",
      "advice": "With some basic survival and crafting skills you should be able to make them with little effort.",
      "inquire": "Do you have the charcoal water filters?",
      "success": "Thank you for your assistance.",
      "success_lie": "What good does this do us?",
      "failure": "It was a lost cause anyways…"
    }
  },
  {
    "id": "MISSION_ZHIGH_MEDIC_5",
    "type": "mission_definition",
    "name": { "str": "Find a Chemistry Set" },
    "goal": "MGOAL_FIND_ITEM",
    "difficulty": 5,
    "value": 50000,
    "item": "chemistry_set",
    "origins": [ "ORIGIN_SECONDARY" ],
    "followup": "MISSION_ZHIGH_MEDIC_6",
    "dialogue": {
      "describe": "We need help…",
      "offer": "I've been working on producing some of our own medical supplies but I'm going to need a chemistry set to get everything that I need in order.  Is there any way you could go through one of the school chemistry labs and steal me a chemistry set?",
      "accepted": "I'm counting on you.",
      "rejected": "Come back when you get a chance.  We need skilled survivors.",
      "advice": "You might be able to find one in a pharmacy if you can't find a school.",
      "inquire": "Do you have the chemistry set?",
      "success": "Thank you for your assistance.",
      "success_lie": "What good does this do us?",
      "failure": "It was a lost cause anyways…"
    }
  },
  {
    "id": "MISSION_ZHIGH_MEDIC_6",
    "type": "mission_definition",
    "name": { "str": "Find 10 Filter Masks" },
    "goal": "MGOAL_FIND_ITEM",
    "difficulty": 5,
    "value": 50000,
    "item": "mask_filter",
    "count": 10,
    "origins": [ "ORIGIN_SECONDARY" ],
    "followup": "MISSION_ZHIGH_MEDIC_7",
    "dialogue": {
      "describe": "We need help…",
      "offer": "The number of airway infections that I've encountered in the past week has depleted my supply of masks.  Could you find me 10 filter masks?  I tend to only distribute them in severe cases so I'll be sure to make them last.",
      "accepted": "I'm counting on you.",
      "rejected": "Come back when you get a chance.  We need skilled survivors.",
      "advice": "You may be able to make one if you had the right guide.",
      "inquire": "Do you have the filter masks?",
      "success": "Thank you for your assistance.",
      "success_lie": "What good does this do us?",
      "failure": "It was a lost cause anyways…"
    }
  },
  {
    "id": "MISSION_ZHIGH_MEDIC_7",
    "type": "mission_definition",
    "name": { "str": "Find 4 Pairs of Rubber Gloves" },
    "goal": "MGOAL_FIND_ITEM",
    "difficulty": 5,
    "value": 50000,
    "item": "gloves_rubber",
    "count": 4,
    "origins": [ "ORIGIN_SECONDARY" ],
    "followup": "MISSION_ZHIGH_MEDIC_8",
    "dialogue": {
      "describe": "We need help…",
      "offer": "The bodily fluids that I often have to clean up and the caustic chemicals I deal with have done a number on my current pair of gloves.  Could you find me four pairs of heavy rubber gloves?  That should be enough that I can task a few laborers with cleanup details in the event of an outbreak.",
      "accepted": "I'm counting on you.",
      "rejected": "Come back when you get a chance.  We need skilled survivors.",
      "advice": "You should be able to find them in cleaning closets.",
      "inquire": "Do you have the rubber gloves?",
      "success": "Thank you for your assistance.",
      "success_lie": "What good does this do us?",
      "failure": "It was a lost cause anyways…"
    }
  },
  {
    "id": "MISSION_ZHIGH_MEDIC_8",
    "type": "mission_definition",
    "name": { "str": "Find 2 Scalpels" },
    "goal": "MGOAL_FIND_ITEM",
    "difficulty": 5,
    "value": 50000,
    "item": "scalpel",
    "count": 2,
    "origins": [ "ORIGIN_SECONDARY" ],
    "followup": "MISSION_ZHIGH_MEDIC_9",
    "dialogue": {
      "describe": "We need help…",
      "offer": "I heard that we may have a physician on his way here.  The workers have already begun expanding the clinic but I need you to locate a pair of scalpels to use in surgery when he arrives.  I'm sure you should be able to find them in a hospital or craft shop.",
      "accepted": "I'm counting on you.",
      "rejected": "Come back when you get a chance.  We need skilled survivors.",
      "advice": "Hospitals and crafting stores should have a few.",
      "inquire": "Do you have the scalpels?",
      "success": "Thank you for your assistance.",
      "success_lie": "What good does this do us?",
      "failure": "It was a lost cause anyways…"
    }
  },
  {
    "id": "MISSION_ZHIGH_MEDIC_9",
    "type": "mission_definition",
    "name": { "str": "Find Advanced Emergency Care" },
    "goal": "MGOAL_FIND_ITEM",
    "difficulty": 5,
    "value": 50000,
    "item": "emergency_book",
    "origins": [ "ORIGIN_SECONDARY" ],
    "followup": "MISSION_ZHIGH_MEDIC_10",
    "dialogue": {
      "describe": "We need help…",
      "offer": "Have you heard of a book called the 'Guide to Advanced Emergency Care?'  I really need a copy.  The doctor is requesting a lot of supplies that I'm not familiar with but I believe I could make if I could get a copy of the book.",
      "accepted": "I'm counting on you.",
      "rejected": "Come back when you get a chance.  We need skilled survivors.",
      "advice": "Libraries are the only place I'd think to look.",
      "inquire": "Do you have the Guide to Advanced Emergency Care?",
      "success": "Thank you for your assistance.",
      "success_lie": "What good does this do us?",
      "failure": "It was a lost cause anyways…"
    }
  },
  {
    "id": "MISSION_ZHIGH_MEDIC_10",
    "type": "mission_definition",
    "name": { "str": "To save a life..." },
    "goal": "MGOAL_FIND_ITEM",
    "difficulty": 5,
    "value": 50000,
    "item": "1st_aid",
    "count": 2,
    "origins": [ "ORIGIN_SECONDARY" ],
    "followup": "MISSION_ZHIGH_MEDIC_11",
    "dialogue": {
      "describe": "We need help…",
      "offer": "I need a first aid kit to help a person. It's not urgent, but I used the last one and need another.",
      "accepted": "I'm counting on you.",
      "rejected": "Come back when you get a chance.  We need skilled survivors.",
      "advice": "Hospitals or clinics might have a few sitting around.",
      "inquire": "Do you have the first aid kit?",
      "success": "Thank you for your assistance.",
      "success_lie": "What good does this do us?",
      "failure": "It was a lost cause anyways…"
    }
  },
  {
    "id": "MISSION_ZHIGH_MEDIC_11",
    "type": "mission_definition",
    "name": { "str": "... is to take one." },
    "goal": "MGOAL_KILL_MONSTER_SPEC",
    "monster_species": "ZOMBIE",
    "monster_kill_goal": 10,
    "difficulty": 5,
    "value": 25000,
    "end": {
      "update_mapgen": [
        { "om_terrain": "ZhighSchool_2_6", "place_npcs": [ { "class": "BOMBER", "x": 11, "y": 5 } ] }
      ],
      "opinion": { "trust": 2, "value": 2 },
      "effect": [
        { "u_buy_item": "medkit2", "count": 2 }
      ]
    },
    "origins": [ "ORIGIN_SECONDARY" ],
    "followup": "MISSION_SCHOOL_KILL_ROOFTOP_ZED",
    "dialogue": {
      "describe": "You seem to know this new world better than most…",
      "offer": "You're kitted out better than most… would you be interested in making this world a little better for the rest of us?  The towns have enough supplies for us survivors to start securing a foothold but we don't have anyone with the skills and equipment to thin the masses of undead.  You and 10 zombies laid to rest, what do you say?",
      "accepted": "Hell ya, we may get ourselves killed but we'll be among the first legends of the apocalypse.",
      "rejected": "Hey, I know I wouldn't volunteer for it either… but then I remember that most of us survivors won't make it unless someone decides to take the initiative.",
      "advice": "I'd secure an ammo cache and try to sweep a town in multiple passes.",
      "inquire": "Got this knocked out?",
      "success": "Man… you're a goddamn machine.  It was a pleasure working with you.  You know, you may just change our little neck of the world if you keep this up.",
      "success_lie": "I don't think that was quite a hundred dead zeds.",
      "failure": "Quitting already?"
    }
  },
  {
    "id": "MISSION_ZHIGH_MEDIC_12",
    "type": "mission_definition",
    "name": { "str": "Find 3 Syringes" },
    "goal": "MGOAL_FIND_ITEM",
    "difficulty": 5,
    "value": 50000,
    "item": "syringe",
    "count": 3,
    "origins": [ "ORIGIN_SECONDARY" ],
    "end": {
      "opinion": { "trust": 2, "value": 2 },
      "effect": [
        { "u_buy_item": "medkit2", "count": 2 }
      ]
    },
    "followup": "MISSION_ZHIGH_MEDIC_12",
    "dialogue": {
      "describe": "We need help…",
      "offer": "We are starting to isolate a few natural antibiotic serums but we don't have the supplies to administer the cocktails.  I need you to bring me 10 empty syringes to use.  I'll take care of cleaning them to prevent transferring infections.",
      "accepted": "I'm counting on you.",
      "rejected": "Come back when you get a chance.  We need skilled survivors.",
      "advice": "Hospitals or clinics might have a few sitting around.",
      "inquire": "Do you have the empty syringes?",
      "success": "Thank you for your assistance.",
      "success_lie": "What good does this do us?",
      "failure": "It was a lost cause anyways…"
    }
  }
]