[
  {
    "type": "npc",
    "id": "GUNSMITH",
    "name_unique": "Xian Lim",
    "gender": "male",
    "name_suffix": "Student",
    "class": "NC_GUNSMITH",
    "attitude": 0,
    "mission": 3,
    "chat": "TALK_GUNSMITH",
    "faction": "Zhigh_Survivors"
  },
  {
    "type": "item_group",
    "id": "NC_GunSmith_worn",
    "subtype": "collection",
    "entries": [
      { "group": "npc_underwear_bottom_male" },
      { "group": "npc_underwear_top_male" },
      { "group": "ZhighNpc_underwear_feet_male" },
      { "group": "ZhighNpc_shoes_male" },
      { "item": "pants_zhigh" },
      { "item": "dress_shirt_zhigh" },
      { "group": "npc_gloves" },
      { "item": "jacket_baseball" },
      { "item": "molle_pack" },
      { "item": "wristwatch", "prob": 80 },
      { "item": "mask_CombatFake" },
      { "item": "hat_golf" }
    ]
  },
  {
    "type": "trait_group",
    "id": "Appearance_GunSmith",
    "subtype": "collection",
    "traits": [ { "trait": "eye_brown" }, { "trait": "SKIN_MEDIUM" } ]
  },
  {
    "type": "npc_class",
    "id": "NC_GUNSMITH",
    "name": { "str": "Student" },
    "job_description": "Guns and ammo I deal.",
    "traits": [
      { "trait": "BGSS_Scavenger_Merc_1" },
      { "trait": "PSYCHOPATH" },
      { "trait": "REGEN_zhigh" }, 
      { "group": "Appearance_GunSmith" }
    ],
    "common": false,
    "bonus_str": { "rng": [ -1, 2 ] },
    "bonus_int": { "rng": [ 0, 2 ] },
    "bonus_per": { "rng": [ 1, 2 ] },
    "bonus_dex": { "rng": [ 1, 2 ] },
    "weapon_override": "NC_GUNSMITH_weapon",
    "carry_override": "NC_GUNSMITH_misc",
    "worn_override": "NC_GunSmith_worn",
    "skills": [
      { "skill": "computer", "bonus": { "rng": [ 1, 3 ] } },
      { "skill": "mechanics", "bonus": { "rng": [ 2, 4 ] } },
      { "skill": "speech", "bonus": { "rng": [ 1, 2 ] } },
      { "skill": "gun", "bonus": { "rng": [ 2, 5 ] } },
      { "skill": "smg", "bonus": { "rng": [ 1, 3 ] } }
    ]
  },
  {
    "type": "item_group",
    "id": "NC_GUNSMITH_weapon",
    "items": [
      { "item": "marble_gun", "ammo-item": "combatnail", "charges": 5 }
    ]
  },
  {
    "type": "item_group",
    "subtype": "collection",
    "id": "NC_GUNSMITH_misc",
    "items": [
      { "item": "combatnail" },
      { "item": "combatnail" },
      { "item": "vaccine_shot", "count-min": 10, "count-max": 15, "prob": 100 },
      { "item": "quikclot", "count": [ 30, 50 ], "prob": 100 }
    ]
  },
  {
    "id": "TALK_GUNSMITH",
    "type": "talk_topic",
    "dynamic_line": {
      "u_is_wearing": "armband_zhigh_halmon",
      "yes": [
        "Still plenty of shitters in the world, perhaps you should clean 'em up, school hall monitor... But you need to be prepared first.",
        "Oh, a school hall monitor, huh.",
        "Oi, <name_g>!"
      ],
      "no": [ "Oi, <name_g>!" ]
    },
    "responses": [
      { "text": "What are you doing here?", "topic": "TALK_GUNSMITH_DOING" },
      { "text": "I'd like to buy some guns and ammo.", "topic": "TALK_GUNSMITH_GUNDEAL" },
      { "text": "Well, bye.", "topic": "TALK_DONE" }
    ]
  },
  {
    "id": "TALK_GUNSMITH_DOING",
    "type": "talk_topic",
    "dynamic_line": {
      "u_is_wearing": "armband_zhigh_halmon",
      "yes": "I do my own business, school hall monitor.  Give me something and I will give you something. Seems like a fair deal?",
      "no": "I supply this school with fake firearms. The roads are though and dangerous, but there is no other way. And I could provide you some help, for a right price of course."
    },
    "responses": [ { "text": "Okay then. Keep safe, <name_g>.", "topic": "TALK_GUNSMITH" } ]
  },
  {
    "id": "TALK_GUNSMITH_GUNDEAL",
    "type": "talk_topic",
    "dynamic_line": {
      "npc_has_effect": "currently_busy",
      "yes": "I'm out of some things, <name_g>.  It takes a while to craft the guns - but I'm working hard to replace it.  What can I get you in the meantime?",
      "no": "I'll see what I've got around here for you.  I've gotta warn you: it ain't cheap.  Hard to stay supplied in the apocalypse, you know.  What do you need?"
    },
    "responses": [
      { "text": "Nevermind.", "topic": "TALK_GUNSMITH" },
      {
        "text": "[180$]  I'll buy a marble gun.",
        "effect": [ { "u_buy_item": "marble_gun", "cost": 18000, "count": 1 } ],
        "topic": "TALK_GUNSMITH_GUNDEAL_END"
      },
      {
        "text": "[180$]  I'll buy a pump slingshot.",
        "effect": [ { "u_buy_item": "marble_pump_gun", "cost": 18000, "count": 1 } ],
        "topic": "TALK_GUNSMITH_GUNDEAL_END"
      },
      {
        "text": "[80$]  I'll buy a BB gun.",
        "effect": [ { "u_buy_item": "bbgun", "cost": 8000, "count": 1 } ],
        "topic": "TALK_GUNSMITH_GUNDEAL_END"
      },
      {
        "text": "[80$]  I'll buy a BB pistol.",
        "effect": [ { "u_buy_item": "bbpistol", "cost": 8000, "count": 1 } ],
        "topic": "TALK_GUNSMITH_GUNDEAL_END"
      },
      {
        "text": "[120$]  I'll buy a BB machine pistol.",
        "effect": [ { "u_buy_item": "bbmachinepistol", "cost": 12000, "count": 1 } ],
        "topic": "TALK_GUNSMITH_GUNDEAL_END"
      },
      {
        "text": "[160$]  I'll buy a BB SMG.",
        "effect": [ { "u_buy_item": "bbsmg", "cost": 16000, "count": 1 } ],
        "topic": "TALK_GUNSMITH_GUNDEAL_END"
      },
      {
        "text": "[180$]  I'll buy a BB DMR.",
        "effect": [ { "u_buy_item": "bbDMR", "cost": 18000, "count": 1 } ],
        "topic": "TALK_GUNSMITH_GUNDEAL_END"
      },
      {
        "text": "[200$]  I'll buy a BB sniper.",
        "effect": [ { "u_buy_item": "bbSnip", "cost": 20000, "count": 1 } ],
        "topic": "TALK_GUNSMITH_GUNDEAL_END"
      },
      {
        "text": "[200$]  I'll buy a tacical BB rifle.",
        "effect": [ { "u_buy_item": "bbM4", "cost": 20000, "count": 1 } ],
        "topic": "TALK_GUNSMITH_GUNDEAL_END"
      },
      {
        "text": "[200$]  I'll buy a BB machine gun.",
        "effect": [ { "u_buy_item": "bbM60", "cost": 20000, "count": 1 } ],
        "topic": "TALK_GUNSMITH_GUNDEAL_END"
      },
      {
        "text": "[5$]  I'll buy a bag of BBs.",
        "effect": [ { "u_buy_item": "bb", "cost": 500, "count": 1 } ],
        "topic": "TALK_GUNSMITH_GUNDEAL_END"
      },
      {
        "text": "[2$]  I'll buy a bag of plastic BBs.",
        "effect": [ { "u_buy_item": "bbPlastic", "cost": 200, "count": 1 } ],
        "topic": "TALK_GUNSMITH_GUNDEAL_END"
      },
      {
        "text": "[100$]  I'll buy a paintball gun.",
        "effect": [ { "u_buy_item": "paintballgun", "cost": 10000, "count": 1 } ],
        "topic": "TALK_GUNSMITH_GUNDEAL_END"
      },
      {
        "text": "[110$]  I'll buy a paintball rifle.",
        "effect": [ { "u_buy_item": "paintballG_AR15", "cost": 11000, "count": 1 } ],
        "topic": "TALK_GUNSMITH_GUNDEAL_END"
      },
      {
        "text": "[40$]  I'll buy a double barrel paintball gun.",
        "effect": [ { "u_buy_item": "shotgun_d_paint", "cost": 4000, "count": 1 } ],
        "topic": "TALK_GUNSMITH_GUNDEAL_END"
      },
      {
        "text": "[70$]  I'll buy a pump action paintball gun.",
        "effect": [ { "u_buy_item": "shotgun_pump_paint", "cost": 7000, "count": 1 } ],
        "topic": "TALK_GUNSMITH_GUNDEAL_END"
      },
      {
        "text": "[80$]  I'll buy a paintball pistol.",
        "effect": [ { "u_buy_item": "paintballgun_pistol", "cost": 8000, "count": 1 } ],
        "topic": "TALK_GUNSMITH_GUNDEAL_END"
      },
      {
        "text": "[20$]  I'll buy a water gun.",
        "effect": [ { "u_buy_item": "water_gun", "cost": 2000, "count": 1 } ],
        "topic": "TALK_GUNSMITH_GUNDEAL_END"
      },
      {
        "text": "[20$]  I'll buy a water pistol.",
        "effect": [ { "u_buy_item": "water_pistol", "cost": 2000, "count": 1 } ],
        "topic": "TALK_GUNSMITH_GUNDEAL_END"
      },
      {
        "text": "[20$]  I'll buy a roman candle.",
        "effect": [ { "u_buy_item": "Rc_Packed", "cost": 2000, "count": 1 } ],
        "topic": "TALK_GUNSMITH_GUNDEAL_END"
      },
      {
        "text": "[20$]  I'll buy a bag of paintballs.",
        "effect": [ { "u_buy_item": "paintball", "cost": 2000, "count": 1 } ],
        "topic": "TALK_GUNSMITH_GUNDEAL_END"
      },
      {
        "text": "[25$]  I'll buy a bag of acid paintballs.",
        "effect": [ { "u_buy_item": "paintball_acid", "cost": 2500, "count": 1 } ],
        "topic": "TALK_GUNSMITH_GUNDEAL_END"
      },
      {
        "text": "[25$]  I'll buy a bag of shot paintballs.",
        "effect": [ { "u_buy_item": "paintball_shot", "cost": 2500, "count": 1 } ],
        "topic": "TALK_GUNSMITH_GUNDEAL_END"
      },
      {
        "text": "[35$]  I'll buy a bag of pepperballs.",
        "effect": [ { "u_buy_item": "paintball_tg", "cost": 3500, "count": 1 } ],
        "topic": "TALK_GUNSMITH_GUNDEAL_END"
      },
      {
        "text": "[50$]  I'll buy a bag of explosive paintballs.",
        "effect": [ { "u_buy_item": "paintball_exp", "cost": 5000, "count": 1 } ],
        "topic": "TALK_GUNSMITH_GUNDEAL_END"
      },
      {
        "text": "[25$]  I'll buy a bag of beanbag paintballs.",
        "effect": [ { "u_buy_item": "paintball_beanb", "cost": 2500, "count": 1 } ],
        "topic": "TALK_GUNSMITH_GUNDEAL_END"
      },
      {
        "text": "[25$]  I'll buy a bag of glow in the dark paintballs.",
        "effect": [ { "u_buy_item": "paintball_glow", "cost": 2500, "count": 1 } ],
        "topic": "TALK_GUNSMITH_GUNDEAL_END"
      },
      {
        "text": "[20$]  I'll buy a cash blaster.",
        "effect": [ { "u_buy_item": "cash_blaster", "cost": 2000, "count": 1 } ],
        "topic": "TALK_GUNSMITH_GUNDEAL_END"
      },
      {
        "text": "[20$]  I'll buy a cash pistol.",
        "effect": [ { "u_buy_item": "cash_gun", "cost": 2000, "count": 1 } ],
        "topic": "TALK_GUNSMITH_GUNDEAL_END"
      },
      {
        "text": "[25$]  I'll buy a disc launcher.",
        "effect": [ { "u_buy_item": "discShooter", "cost": 2500, "count": 1 } ],
        "topic": "TALK_GUNSMITH_GUNDEAL_END"
      }
    ]
  },
  {
    "id": "TALK_GUNSMITH_GUNDEAL_END",
    "type": "talk_topic",
    "dynamic_line": [ "Is there anything else you need?" ],
    "responses": [
      { "text": "Nevermind.", "topic": "TALK_DONE" },
      {
        "text": "[80$]  I'll buy some marble gun.",
        "effect": [ { "u_buy_item": "marble_gun", "cost": 8000, "count": 1 } ],
        "topic": "TALK_GUNSMITH_GUNDEAL_END"
      },
      {
        "text": "[80$]  I'll buy a pump slingshot.",
        "effect": [ { "u_buy_item": "marble_pump_gun", "cost": 8000, "count": 1 } ],
        "topic": "TALK_GUNSMITH_GUNDEAL_END"
      },
      {
        "text": "[80$]  I'll buy a BB pistol.",
        "effect": [ { "u_buy_item": "bbpistol", "cost": 8000, "count": 1 } ],
        "topic": "TALK_GUNSMITH_GUNDEAL_END"
      },
      {
        "text": "[80$]  I'll buy a BB gun.",
        "effect": [ { "u_buy_item": "bbgun", "cost": 8000, "count": 1 } ],
        "topic": "TALK_GUNSMITH_GUNDEAL_END"
      },
      {
        "text": "[120$]  I'll buy a BB machine pistol.",
        "effect": [ { "u_buy_item": "bbmachinepistol", "cost": 12000, "count": 1 } ],
        "topic": "TALK_GUNSMITH_GUNDEAL_END"
      },
      {
        "text": "[160$]  I'll buy a BB SMG.",
        "effect": [ { "u_buy_item": "bbsmg", "cost": 16000, "count": 1 } ],
        "topic": "TALK_GUNSMITH_GUNDEAL_END"
      },
      {
        "text": "[180$]  I'll buy a BB DMR.",
        "effect": [ { "u_buy_item": "bbDMR", "cost": 18000, "count": 1 } ],
        "topic": "TALK_GUNSMITH_GUNDEAL_END"
      },
      {
        "text": "[200$]  I'll buy a BB sniper.",
        "effect": [ { "u_buy_item": "bbSnip", "cost": 20000, "count": 1 } ],
        "topic": "TALK_GUNSMITH_GUNDEAL_END"
      },
      {
        "text": "[200$]  I'll buy a tacical BB rifle.",
        "effect": [ { "u_buy_item": "bbM4", "cost": 20000, "count": 1 } ],
        "topic": "TALK_GUNSMITH_GUNDEAL_END"
      },
      {
        "text": "[200$]  I'll buy a BB machine gun.",
        "effect": [ { "u_buy_item": "bbM60", "cost": 20000, "count": 1 } ],
        "topic": "TALK_GUNSMITH_GUNDEAL_END"
      },
      {
        "text": "[5$]  I'll buy a bag of BBs.",
        "effect": [ { "u_buy_item": "bb", "cost": 500, "count": 1 } ],
        "topic": "TALK_GUNSMITH_GUNDEAL_END"
      },
      {
        "text": "[2$]  I'll buy a bag of plastic BBs.",
        "effect": [ { "u_buy_item": "bbPlastic", "cost": 200, "count": 1 } ],
        "topic": "TALK_GUNSMITH_GUNDEAL_END"
      },
      {
        "text": "[100$]  I'll buy a paintball gun.",
        "effect": [ { "u_buy_item": "paintballgun", "cost": 10000, "count": 1 } ],
        "topic": "TALK_GUNSMITH_GUNDEAL_END"
      },
      {
        "text": "[110$]  I'll buy a paintball rifle.",
        "effect": [ { "u_buy_item": "paintballG_AR15", "cost": 11000, "count": 1 } ],
        "topic": "TALK_GUNSMITH_GUNDEAL_END"
      },
      {
        "text": "[40$]  I'll buy a double barrel paintball gun.",
        "effect": [ { "u_buy_item": "shotgun_d_paint", "cost": 4000, "count": 1 } ],
        "topic": "TALK_GUNSMITH_GUNDEAL_END"
      },
      {
        "text": "[70$]  I'll buy a pump action paintball gun.",
        "effect": [ { "u_buy_item": "shotgun_pump_paint", "cost": 7000, "count": 1 } ],
        "topic": "TALK_GUNSMITH_GUNDEAL_END"
      },
      {
        "text": "[80$]  I'll buy a paintball pistol.",
        "effect": [ { "u_buy_item": "paintballgun_pistol", "cost": 8000, "count": 1 } ],
        "topic": "TALK_GUNSMITH_GUNDEAL_END"
      },
      {
        "text": "[20$]  I'll buy a water gun.",
        "effect": [ { "u_buy_item": "water_gun", "cost": 2000, "count": 1 } ],
        "topic": "TALK_GUNSMITH_GUNDEAL_END"
      },
      {
        "text": "[20$]  I'll buy a water pistol.",
        "effect": [ { "u_buy_item": "water_pistol", "cost": 2000, "count": 1 } ],
        "topic": "TALK_GUNSMITH_GUNDEAL_END"
      },
      {
        "text": "[20$]  I'll buy a roman candle.",
        "effect": [ { "u_buy_item": "Rc_Packed", "cost": 2000, "count": 1 } ],
        "topic": "TALK_GUNSMITH_GUNDEAL_END"
      },
      {
        "text": "[20$]  I'll buy a bag of paintballs.",
        "effect": [ { "u_buy_item": "paintball", "cost": 2000, "count": 1 } ],
        "topic": "TALK_GUNSMITH_GUNDEAL_END"
      },
      {
        "text": "[25$]  I'll buy a bag of acid paintballs.",
        "effect": [ { "u_buy_item": "paintball_acid", "cost": 2500, "count": 1 } ],
        "topic": "TALK_GUNSMITH_GUNDEAL_END"
      },
      {
        "text": "[25$]  I'll buy a bag of shot paintballs.",
        "effect": [ { "u_buy_item": "paintball_shot", "cost": 2500, "count": 1 } ],
        "topic": "TALK_GUNSMITH_GUNDEAL_END"
      },
      {
        "text": "[35$]  I'll buy a bag of pepperballs.",
        "effect": [ { "u_buy_item": "paintball_tg", "cost": 3500, "count": 1 } ],
        "topic": "TALK_GUNSMITH_GUNDEAL_END"
      },
      {
        "text": "[50$]  I'll buy a bag of explosive paintballs.",
        "effect": [ { "u_buy_item": "paintball_exp", "cost": 5000, "count": 1 } ],
        "topic": "TALK_GUNSMITH_GUNDEAL_END"
      },
      {
        "text": "[25$]  I'll buy a bag of beanbag paintballs.",
        "effect": [ { "u_buy_item": "paintball_beanb", "cost": 2500, "count": 1 } ],
        "topic": "TALK_GUNSMITH_GUNDEAL_END"
      },
      {
        "text": "[25$]  I'll buy a bag of glow in the dark paintballs.",
        "effect": [ { "u_buy_item": "paintball_glow", "cost": 2500, "count": 1 } ],
        "topic": "TALK_GUNSMITH_GUNDEAL_END"
      },
      {
        "text": "[20$]  I'll buy a cash blaster.",
        "effect": [ { "u_buy_item": "cash_blaster", "cost": 2000, "count": 1 } ],
        "topic": "TALK_GUNSMITH_GUNDEAL_END"
      },
      {
        "text": "[20$]  I'll buy a cash pistol.",
        "effect": [ { "u_buy_item": "cash_gun", "cost": 2000, "count": 1 } ],
        "topic": "TALK_GUNSMITH_GUNDEAL_END"
      },
      {
        "text": "[25$]  I'll buy a disc launcher.",
        "effect": [ { "u_buy_item": "discShooter", "cost": 2500, "count": 1 } ],
        "topic": "TALK_GUNSMITH_GUNDEAL_END"
      }
    ]
  }
]