[
  {
    "type": "overmap_terrain",
    "id": "BanditSub_station",
    "name": "subway station",
    "sym": "S",
    "color": "yellow",
    "looks_like": "sub_station",
    "see_cost": 5,
    "extras": "build",
    "mondensity": 2,
    "flags": [ "KNOWN_DOWN", "SIDEWALK" ]
  },
  {
    "type": "overmap_terrain",
    "id": "sewer_BanditSub_station",
    "name": "subway station (sewer level)",
    "sym": "S",
    "color": "yellow",
    "looks_like": "sewer_sub_station",
    "see_cost": 5,
    "extras": "subway",
    "flags": [ "KNOWN_UP", "KNOWN_DOWN" ]
  },
  {
    "type": "overmap_terrain",
    "id": "underground_BanditSub_station",
    "name": "subway station (underground level)",
    "sym": "S",
    "color": "yellow",
    "looks_like": "underground_sub_station",
    "see_cost": 5,
    "extras": "subway",
    "flags": [ "KNOWN_UP" ]
  },
  {
    "type": "overmap_terrain",
    "id": "underground_BanditSub_station2",
    "name": "subway station (underground level)",
    "sym": "S",
    "color": "yellow",
    "looks_like": "underground_sub_station",
    "see_cost": 5,
    "extras": "subway",
    "flags": [ "KNOWN_UP", "KNOWN_DOWN" ]
  },
  {
    "type": "overmap_special",
    "id": "BanditSub_station",
    "locations": [ "land" ],
    "occurrences": [ 0, 1 ],
    "overmaps": [
      { "point": [ 0, 0, 0 ], "overmap": "BanditSub_station_north" },
      { "point": [ 0, 0, 1 ], "overmap": "sub_station_roof_north" },
      { "point": [ 0, 0, -1 ], "overmap": "sewer_BanditSub_station_north" },
      { "point": [ 0, 0, -2 ], "overmap": "underground_BanditSub_station2_north" },
      { "point": [ 0, 0, -3 ], "overmap": "sewer_BanditSub_station_north" },
      { "point": [ 0, 0, -4 ], "overmap": "underground_BanditSub_station_north" }
    ],
    "connections": [
      { "point": [ 0, 1, 0 ], "connection": "local_road" },
      { "point": [ 0, -1, -2 ], "connection": "subway_tunnel", "from": [ 0, 0, -2 ] },
      { "point": [ 0, 1, -2 ], "connection": "subway_tunnel", "from": [ 0, 0, -2 ] },
      { "point": [ 0, -1, -4 ], "connection": "subway_tunnel", "from": [ 0, 0, -4 ] },
      { "point": [ 0, 1, -4 ], "connection": "subway_tunnel", "from": [ 0, 0, -4 ] }
    ]
  },
  {
    "type": "mapgen",
    "method": "json",
    "om_terrain": [ "BanditSub_station" ],
    "weight": 250,
    "object": {
      "fill_ter": "t_thconc_floor",
      "rows": [
        "SSSSSSSSSSSSSSSSSSSSSSSS",
        "SSSSГSSSSSSSSSSSSSSГSSSS",
        "SS||-;;-||-;;-||-;;-||SS",
        "SS|     |      |     |SS",
        "SS|!!  !!!!  !!!!  !!|SS",
        "SS|b                b|SS",
        "SS|b                b|SS",
        "SS|b    bb    bb    b|SS",
        "SS|D    bM    Mb    F|SS",
        "SS|D    bM    Mb    F|SS",
        "SS|D    bM    Mb    F|SS",
        "SS|b   Гbb    bbГ   b|SS",
        "SS|b                b|SS",
        "SS|b                b|SS",
        "SS|                  |SS",
        "SS|                  |SS",
        "SS|                  |SS",
        "SS|                  |SS",
        "SS||                ||SS",
        "SSS||              ||SSS",
        "SSSS||>>>      >>>||SSSS",
        "SSSSS||||||||||||||SSSSS",
        "SSSSSSSSSSSSSSSS4SSSSSSS",
        "SSSSSSSSSSSSSSSSSSSSSSSS"
      ],
      "palettes": [ "BanditSubway" ],
      "place_npcs": [
        { "class": "thug", "x": [ 4, 21 ], "y": [ 4, 21 ] },
        { "class": "thug", "x": [ 4, 21 ], "y": [ 4, 21 ] },
        { "class": "thug", "x": [ 4, 21 ], "y": [ 4, 21 ] },
        { "class": "thug", "x": [ 4, 21 ], "y": [ 4, 21 ] },
        { "class": "thug", "x": [ 4, 21 ], "y": [ 4, 21 ] },
        { "class": "thug", "x": [ 4, 21 ], "y": [ 4, 21 ] },
        { "class": "bandit", "x": [ 4, 21 ], "y": [ 4, 21 ] },
        { "class": "thug", "x": [ 4, 21 ], "y": [ 4, 21 ] },
        { "class": "thug", "x": [ 4, 21 ], "y": [ 4, 21 ] },
        { "class": "thug", "x": [ 4, 21 ], "y": [ 4, 21 ] },
        { "class": "bandit", "x": [ 4, 21 ], "y": [ 4, 21 ] },
        { "class": "thug", "x": [ 4, 21 ], "y": [ 4, 21 ] }
      ],
      "vendingmachines": { "D": { "item_group": "vending_drink" }, "F": { "item_group": "vending_food" } }
    }
  },
  {
    "type": "mapgen",
    "method": "json",
    "om_terrain": [ "sewer_BanditSub_station" ],
    "weight": 250,
    "object": {
      "fill_ter": "t_thconc_floor",
      "rows": [
        "########################",
        "########################",
        "#####IIIIIIIIIIIIII#####",
        "#####IbbCI>>>>IJbbI#####",
        "IIIIII            I#####",
        "INNNNI            I#####",
        "IN   I            I#####",
        "IN   I            I#####",
        "IIII+I            III###",
        "##II  Г          Г  II##",
        "##I      I+I~~I      I##",
        "##I      ~    ~      I##",
        "##IsZzzZsIQc  IsZzzZsI##",
        "##I      ~QQQ +      I##",
        "##IM     ~~~~~I     MI##",
        "##IT  Г          Г  TI##",
        "##IIAT            TAII##",
        "###III            III###",
        "#####I            I#####",
        "#####I            I#####",
        "#####I<<<IJbbCI<<<I#####",
        "#####IIIIIIIIIIIIII#####",
        "########################",
        "########################"
      ],
      "palettes": [ "BanditSubway_underground" ],
      "place_npcs": [
        { "class": "thug", "x": [ 4, 21 ], "y": [ 4, 21 ] },
        { "class": "thug", "x": [ 4, 21 ], "y": [ 4, 21 ] },
        { "class": "bandit", "x": [ 4, 21 ], "y": [ 4, 21 ] },
        { "class": "thug", "x": [ 4, 21 ], "y": [ 4, 21 ] },
        { "class": "thug", "x": [ 4, 21 ], "y": [ 4, 21 ] },
        { "class": "bandit", "x": [ 4, 21 ], "y": [ 4, 21 ] },
        { "class": "thug", "x": [ 4, 21 ], "y": [ 4, 21 ] },
        { "class": "thug", "x": [ 4, 21 ], "y": [ 4, 21 ] }
      ],
      "vendingmachines": { "J": { "item_group": "vending_drink" }, "C": { "item_group": "vending_food" } },
      "place_monsters": [ { "monster": "GROUP_ZOMBIE", "x": [ 6, 20 ], "y": [ 4, 9 ], "repeat": [ 5, 9 ] } ],
      "place_item": [ { "item": "subwaymap", "x": 1, "y": [ 6, 7 ], "chance": 75 } ]
    }
  },
  {
    "type": "mapgen",
    "method": "json",
    "om_terrain": [ "underground_BanditSub_station" ],
    "weight": 250,
    "object": {
      "fill_ter": "t_thconc_floor",
      "rows": [
        "#!!!X!!!X^IIII^X!!!X!!!#",
        "#Г^-x---x-_W_W-x---x-^Г#",
        "#^^^X^^^X^___W^X^W^XWW^#",
        "R^W^X^^^X^<<<<^X^WWX^^^R",
        "R^^-x---x-____-x---x-^^R",
        "G^^^X^^WX^__W_^X^^^XW^^G",
        "RW^^X^^^X^____^X^W^X^^^R",
        "R^^-x---x-_MM_-x---x-^^R",
        "RW^^X^^WX^_bb_^X^^^XW^^R",
        "B^^^X^^WX^_bb_^X^^^X^^^B",
        "B^^-x---x-_bb_-x---x-^^B",
        "B^^^XW^^X^_MM_^X^^^X^^^B",
        "B^W^X^^WX^____^X^^^X^^^B",
        "BГ^-x---x-____-x---x-^ГB",
        "B^^^X^^^X^_MM_^XW^^X^^^B",
        "R^^WX^^^X^_bb_^X^^^XW^^R",
        "R^^-x---x-_bb_-x---x-^^R",
        "RW^^X^^^X^_bb_^XW^^X^^^R",
        "G^^^X^W^X^_MM_^X^^^X^^WG",
        "R^^-x---x-____-x---x-^^R",
        "R^^^X^^^X^__WW^X^^^X^^^R",
        "#W^^X^^^X^_W__^X^^^X^^^#",
        "#Г^-x---x-___W-x---x-^Г#",
        "#!!!X!!!XWIIII^X!!!X!!!#"
      ],
      "palettes": [ "BanditSubway_underground" ],
      "place_npcs": [
        { "class": "bandit", "x": [ 4, 21 ], "y": [ 4, 21 ] },
        { "class": "thug", "x": [ 4, 21 ], "y": [ 4, 21 ] },
        { "class": "bandit", "x": [ 4, 21 ], "y": [ 4, 21 ] },
        { "class": "thug", "x": [ 4, 21 ], "y": [ 4, 21 ] },
        { "class": "bandit", "x": [ 4, 21 ], "y": [ 4, 21 ] },
        { "class": "thug", "x": [ 4, 21 ], "y": [ 4, 21 ] },
        { "class": "bandit", "x": [ 4, 21 ], "y": [ 4, 21 ] },
        { "class": "thug", "x": [ 4, 21 ], "y": [ 4, 21 ] },
        { "class": "bandit", "x": [ 4, 21 ], "y": [ 4, 21 ] },
        { "class": "thug", "x": [ 4, 21 ], "y": [ 4, 21 ] }
      ]
    }
  },
  {
    "type": "mapgen",
    "method": "json",
    "om_terrain": [ "underground_BanditSub_station2" ],
    "weight": 250,
    "object": {
      "fill_ter": "t_thconc_floor",
      "rows": [
        "#!!!X!!!X^IIII^X!!!X!!!#",
        "#Г^-x---x-_W_W-x---x-^Г#",
        "#^^^X^^^X^___W^X^W^XWW^#",
        "R^W^X^^^X^<<<<^X^WWX^^^R",
        "R^^-x---x-____-x---x-^^R",
        "G^^^X^^WX^__W_^X^^^XW^^G",
        "RW^^X^^^X^____^X^W^X^^^R",
        "R^^-x---x-_MM_-x---x-^^R",
        "RW^^X^^WX^_bb_^X^^^XW^^R",
        "B^^^X^^WX^_bb_^X^^^X^^^B",
        "B^^-x---x-_bb_-x---x-^^B",
        "B^^^XW^^X^_MM_^X^^^X^^^B",
        "B^W^X^^WX^____^X^^^X^^^B",
        "BГ^-x---x-____-x---x-^ГB",
        "B^^^X^^^X^_MM_^XW^^X^^^B",
        "R^^WX^^^X^_bb_^X^^^XW^^R",
        "R^^-x---x-_bb_-x---x-^^R",
        "RW^^X^^^X^_bb_^XW^^X^^^R",
        "G^^^X^W^X^_MM_^X^^^X^^WG",
        "R^^-x---x-____-x---x-^^R",
        "R^^^X^^^X^>>>>^X^^^X^^^R",
        "#W^^X^^^X^_W__^X^^^X^^^#",
        "#Г^-x---x-___W-x---x-^Г#",
        "#!!!X!!!XWIIII^X!!!X!!!#"
      ],
      "palettes": [ "BanditSubway_underground" ],
      "place_npcs": [
        { "class": "thug", "x": [ 4, 21 ], "y": [ 4, 21 ] },
        { "class": "thug", "x": [ 4, 21 ], "y": [ 4, 21 ] },
        { "class": "thug", "x": [ 4, 21 ], "y": [ 4, 21 ] },
        { "class": "thug", "x": [ 4, 21 ], "y": [ 4, 21 ] },
        { "class": "bandit", "x": [ 4, 21 ], "y": [ 4, 21 ] },
        { "class": "thug", "x": [ 4, 21 ], "y": [ 4, 21 ] },
        { "class": "thug", "x": [ 4, 21 ], "y": [ 4, 21 ] },
        { "class": "bandit", "x": [ 4, 21 ], "y": [ 4, 21 ] },
        { "class": "thug", "x": [ 4, 21 ], "y": [ 4, 21 ] },
        { "class": "thug", "x": [ 4, 21 ], "y": [ 4, 21 ] }
      ]
    }
  },
  {
    "type": "palette",
    "id": "BanditSubway",
    "terrain": {
      ".": "t_region_groundcover_barren",
      "|": "t_brick_wall",
      "-": "t_wall_glass",
      ";": "t_door_glass_c",
      "S": "t_sidewalk",
      "*": "t_region_shrub_decorative",
      ">": "t_stairs_down",
      "<": "t_stairs_up",
      "Г": "t_utility_light",
      "4": "t_gutter_downspout"
    },
    "furniture": { "&": "f_trashcan", "!": "f_sandbag_half", "b": "f_bench", "1": "f_indoor_plant", "2": "f_indoor_plant_y" },
    "signs": { "M": { "signage": "Subway Map: <city> stop" } }
  },
  {
    "type": "palette",
    "id": "BanditSubway_underground",
    "terrain": {
      "#": "t_rock",
      "R": "t_rock_red",
      "G": "t_rock_green",
      "B": "t_rock_blue",
      ".": "t_rock_floor",
      "_": "t_thconc_floor",
      ">": "t_stairs_down",
      "<": "t_stairs_up",
      "^": "t_railroad_rubble",
      "t": "t_railroad_tie",
      "-": "t_railroad_tie_h",
      "|": "t_railroad_tie_v",
      "/": "t_railroad_tie_d",
      "X": "t_railroad_track",
      "H": "t_railroad_track_h",
      "V": "t_railroad_track_v",
      "D": "t_railroad_track_d",
      "E": "t_railroad_track_d1",
      "F": "t_railroad_track_d2",
      "x": "t_railroad_track_on_tie",
      "h": "t_railroad_track_h_on_tie",
      "v": "t_railroad_track_v_on_tie",
      "d": "t_railroad_track_d_on_tie",
      "S": "t_buffer_stop",
      "I": "t_brick_wall",
      "+": "t_door_metal_c",
      "~": "t_laminated_glass",
      "z": "t_fence_metal",
      "Z": "t_gate_metal_c",
      "A": "t_atm",
      "T": "t_ticket_vendor",
      "Г": "t_utility_light",
      "s": "t_ticket_machine"
    },
    "furniture": { 
      "&": "f_trashcan", 
      "b": "f_bench", 
      "Q": "f_desk", 
      "!": "f_sandbag_half",
      "W": "f_crate_o", 
      "c": "f_chair", 
      "N": "f_rack" 
    },
    "signs": { "M": { "signage": "Hells Raiders Rule!" } },
    "items": {
      "W": [ { "item": "guns_survival", "chance": 100, "magazine": 100, "ammo": 100, "repeat": [ 3, 6 ] },
             { "item": "ZhighFoodGroupsNumbers", "chance": 50 },
             { "item": "magazines", "chance": 50 },
             { "item": "SUS_evac_shelter_locker", "chance": 30 } ],
      "N": { "item": "tools_construction", "chance": 90, "repeat": 3 },
      "Q": { "item": "office_paper", "chance": 90, "repeat": 5 }
    }
  }
]