[
  {
    "type": "mod_tileset",
    "compatibility": [
      "Chibi_Ultica",
      "UltimateCataclysm",
      "MshockXottoplus",
      "UNDEAD_PEOPLE",
      "UNDEAD_PEOPLE_BASE",
      "UNDEAD_PEOPLE_LEGACY",
      "UlticaShell",
      "MshockXottoplus12",
      "MSX++DEAD_PEOPLE",
      "MXplus12_for_cosmetics",
      "MSXotto+"
    ],
    "tiles-new": [
      {
        "file": "Zhigh_muts.png",
        "tiles": [
          { "id": "overlay_female_mutation_hair_mj_roll", "fg": 1 },
          { "id": "overlay_male_mutation_hair_mj_roll", "fg": 1 },
          { "id": "overlay_female_mutation_hair_paint_eyeC", "fg": 2 },
          { "id": "overlay_male_mutation_hair_paint_eyeC", "fg": 2 },
          { "id": "overlay_female_mutation_hair_blast", "fg": 3 },
          { "id": "overlay_male_mutation_hair_blast", "fg": 3 },
          { "id": "overlay_female_mutation_hair_olivia", "fg": 5 },
          { "id": "overlay_male_mutation_hair_olivia", "fg": 5 },
          { "id": "overlay_female_mutation_hair_splasher", "fg": 6 },
          { "id": "overlay_male_mutation_hair_splasher", "fg": 6 },
          { "id": "overlay_female_mutation_eye_red", "fg": 7 },
          { "id": "overlay_male_mutation_eye_red", "fg": 7 },
          { "id": "overlay_female_mutation_eye_black", "fg": 8 },
          { "id": "overlay_male_mutation_eye_black", "fg": 8 },
          { "id": "overlay_female_mutation_eye_grey", "fg": 9 },
          { "id": "overlay_male_mutation_eye_grey", "fg": 9 },
          { "id": "overlay_female_mutation_eye_yellow", "fg": 10 },
          { "id": "overlay_male_mutation_eye_yellow", "fg": 10 },
          { "id": "overlay_female_mutation_eye_purple", "fg": 11 },
          { "id": "overlay_male_mutation_eye_purple", "fg": 11 },
          { "id": "overlay_female_mutation_eye_mint", "fg": 12 },
          { "id": "overlay_male_mutation_eye_mint", "fg": 12 },
          { "id": "overlay_female_mutation_eye_pink", "fg": 13 },
          { "id": "overlay_male_mutation_eye_pink", "fg": 13 },
          { "id": "overlay_female_mutation_eye_orange", "fg": 14 },
          { "id": "overlay_male_mutation_eye_orange", "fg": 14 },
          { "id": "overlay_female_mutation_eye_green", "fg": 15 },
          { "id": "overlay_male_mutation_eye_green", "fg": 15 },
          { "id": "overlay_female_mutation_hair_poison", "fg": 16 },
          { "id": "overlay_male_mutation_hair_poison", "fg": 16 },
          { "id": "overlay_female_mutation_hair_tamer", "fg": 17 },
          { "id": "overlay_male_mutation_hair_tamer", "fg": 17 },
          { "id": "overlay_female_mutation_hair_sword_pony", "fg": 18 },
          { "id": "overlay_male_mutation_hair_sword_pony", "fg": 18 },
          { "id": "overlay_female_mutation_hair_dead_eye", "fg": 19 },
          { "id": "overlay_male_mutation_hair_dead_eye", "fg": 19 },
          { "id": "overlay_female_mutation_eye_cyan", "fg": 20 },
          { "id": "overlay_male_mutation_eye_cyan", "fg": 20 },
          { "id": "overlay_female_mutation_eye_purp_V2", "fg": 21 },
          { "id": "overlay_male_mutation_eye_purp_V2", "fg": 21 },
          { "id": "overlay_female_mutation_hair_shutter", "fg": 22 },
          { "id": "overlay_male_mutation_hair_shutter", "fg": 22 },
          { "id": "overlay_female_mutation_hair_aid", "fg": 23 },
          { "id": "overlay_male_mutation_hair_aid", "fg": 23 },
          { "id": "overlay_female_mutation_hair_boxer", "fg": 24 },
          { "id": "overlay_male_mutation_hair_boxer", "fg": 24 },
          { "id": "overlay_female_mutation_hair_lancer", "fg": 25 },
          { "id": "overlay_male_mutation_hair_lancer", "fg": 25 },
          { "id": "overlay_female_mutation_ONISKIN", "fg": 26 },
          { "id": "overlay_male_mutation_ONISKIN", "fg": 27 },
          { "id": "overlay_female_mutation_hair_nurse", "fg": 28 },
          { "id": "overlay_male_mutation_hair_nurse", "fg": 28 },
          { "id": "overlay_female_mutation_hair_medic", "fg": 29 },
          { "id": "overlay_male_mutation_hair_medic", "fg": 29 },
          { "id": "overlay_female_mutation_hair_chair", "fg": 31 },
          { "id": "overlay_male_mutation_hair_chair", "fg": 31 },
          { "id": "overlay_male_mutation_hair_pink_short", "fg": 32 },
          { "id": "overlay_female_mutation_hair_pink_short", "fg": 33 },
          { "id": "overlay_male_mutation_hair_pink_mohawk", "fg": 34 },
          { "id": "overlay_female_mutation_hair_pink_mohawk", "fg": 34 },
          { "id": "overlay_male_mutation_hair_pink_medium", "fg": 35 },
          { "id": "overlay_female_mutation_hair_pink_medium", "fg": 36 },
          { "id": "overlay_male_mutation_hair_pink_long", "fg": 37 },
          { "id": "overlay_female_mutation_hair_pink_long", "fg": 38 },
          { "id": "overlay_male_mutation_hair_pink_fro", "fg": 39 },
          { "id": "overlay_female_mutation_hair_pink_fro", "fg": 39 },
          { "id": "overlay_male_mutation_hair_pink_crewcut", "fg": 40 },
          { "id": "overlay_female_mutation_hair_pink_crewcut", "fg": 41 },
          { "id": "overlay_male_mutation_hair_fireman", "fg": 42 },
          { "id": "overlay_female_mutation_hair_fireman", "fg": 42 },
          { "id": "overlay_female_mutation_eye_indigo", "fg": 43 },
          { "id": "overlay_male_mutation_eye_indigo", "fg": 43 },
          { "id": "overlay_male_mutation_hair_orange_short", "fg": 48 },
          { "id": "overlay_female_mutation_hair_orange_short", "fg": 49 },
          { "id": "overlay_male_mutation_hair_orange_mohawk", "fg": 50 },
          { "id": "overlay_female_mutation_hair_orange_mohawk", "fg": 50 },
          { "id": "overlay_male_mutation_hair_orange_medium", "fg": 51 },
          { "id": "overlay_female_mutation_hair_orange_medium", "fg": 52 },
          { "id": "overlay_male_mutation_hair_orange_long", "fg": 53 },
          { "id": "overlay_female_mutation_hair_orange_long", "fg": 54 },
          { "id": "overlay_male_mutation_hair_orange_fro", "fg": 55 },
          { "id": "overlay_female_mutation_hair_orange_fro", "fg": 55 },
          { "id": "overlay_male_mutation_hair_orange_crewcut", "fg": 56 },
          { "id": "overlay_female_mutation_hair_orange_crewcut", "fg": 57 },
          { "id": "overlay_male_mutation_hair_blue_short", "fg": 64 },
          { "id": "overlay_female_mutation_hair_blue_short", "fg": 65 },
          { "id": "overlay_male_mutation_hair_blue_mohawk", "fg": 66 },
          { "id": "overlay_female_mutation_hair_blue_mohawk", "fg": 66 },
          { "id": "overlay_male_mutation_hair_blue_medium", "fg": 67 },
          { "id": "overlay_female_mutation_hair_blue_medium", "fg": 68 },
          { "id": "overlay_male_mutation_hair_blue_long", "fg": 69 },
          { "id": "overlay_female_mutation_hair_blue_long", "fg": 70 },
          { "id": "overlay_male_mutation_hair_blue_fro", "fg": 71 },
          { "id": "overlay_female_mutation_hair_blue_fro", "fg": 71 },
          { "id": "overlay_male_mutation_hair_blue_crewcut", "fg": 72 },
          { "id": "overlay_female_mutation_hair_blue_crewcut", "fg": 73 },
          { "id": "overlay_male_mutation_hair_green_short", "fg": 80 },
          { "id": "overlay_female_mutation_hair_green_short", "fg": 81 },
          { "id": "overlay_male_mutation_hair_green_mohawk", "fg": 82 },
          { "id": "overlay_female_mutation_hair_green_mohawk", "fg": 82 },
          { "id": "overlay_male_mutation_hair_green_medium", "fg": 83 },
          { "id": "overlay_female_mutation_hair_green_medium", "fg": 84 },
          { "id": "overlay_male_mutation_hair_green_long", "fg": 85 },
          { "id": "overlay_female_mutation_hair_green_long", "fg": 86 },
          { "id": "overlay_male_mutation_hair_green_fro", "fg": 87 },
          { "id": "overlay_female_mutation_hair_green_fro", "fg": 87 },
          { "id": "overlay_male_mutation_hair_green_crewcut", "fg": 88 },
          { "id": "overlay_female_mutation_hair_green_crewcut", "fg": 89 },
          { "id": "overlay_male_mutation_hair_light_pink_short", "fg": 96 },
          { "id": "overlay_female_mutation_hair_light_pink_short", "fg": 97 },
          { "id": "overlay_male_mutation_hair_light_pink_mohawk", "fg": 98 },
          { "id": "overlay_female_mutation_hair_light_pink_mohawk", "fg": 98 },
          { "id": "overlay_male_mutation_hair_light_pink_medium", "fg": 99 },
          { "id": "overlay_female_mutation_hair_light_pink_medium", "fg": 100 },
          { "id": "overlay_male_mutation_hair_light_pink_long", "fg": 101 },
          { "id": "overlay_female_mutation_hair_light_pink_long", "fg": 102 },
          { "id": "overlay_male_mutation_hair_light_pink_fro", "fg": 103 },
          { "id": "overlay_female_mutation_hair_light_pink_fro", "fg": 103 },
          { "id": "overlay_male_mutation_hair_light_pink_crewcut", "fg": 104 },
          { "id": "overlay_female_mutation_hair_light_pink_crewcut", "fg": 105 }
        ],
        "//": "range 1 to 128",
        "sprite_width": 32,
        "sprite_height": 32,
        "sprite_offset_x": 0,
        "sprite_offset_y": 0
      }
    ]
  }
]