[
  {
    "id": "marble_gun",
    "copy-from": "tihar",
    "type": "GUN",
    "name": { "str": "marble gun" },
    "description": "An improvised rifle, handcrafted from scrap.  Normally, they were used for hunting and self defence. Usually they use alcohol as an ignition, this one use a pneumatic system. Be careful where you reload it, pumping air into the tank takes a few seconds.  Pretty quiet, quite deadly, and it can use nails, marbles, and paintball as ammo.",
    "price": "40 USD",
    "material": [ "steel", "wood", "plastic" ],
    "ammo": [ "nail", "paintball", "pebble" ],
    "weight": "1300 g",
    "volume": "1500 ml",
    "barrel_length": "500 ml",
    "ranged_damage": { "damage_type": "bash", "amount": 14, "armor_penetration": 5 },
    "range": 40,
    "clip_size": 5,
    "modes": [ [ "DEFAULT", "semi", 1 ] ],
    "reload": 30,
    "loudness": 10
  },
  {
    "id": "marble_pump_gun",
    "copy-from": "tihar",
    "type": "GUN",
    "name": { "str": "pump slingshot" },
    "description": "An improvised rifle, handcrafted from scrap.  Slingshot is normally a toy, and does almost nothing against a zombie. However, this one is modified and much better. Easy to reload and powerful.",
    "price": "400 USD",
    "weapon_category": [ "SLINGSHOTS", "1SHOT", "SUBMACHINE_GUNS", "ELASTIC" ],
    "skill": "smg",
    "material": [ "steel", "wood", "plastic" ],
    "ammo": [ "paintball", "pebble" ],
    "weight": "1300 g",
    "volume": "1300 ml",
    "barrel_length": "500 ml",
    "flags": [ "RELOAD_ONE", "PUMP_ACTION", "NEVER_JAMS", "NEEDS_NO_LUBE", "NON_FOULING" ],
    "ranged_damage": { "damage_type": "bash", "amount": 12, "armor_penetration": 7 },
    "range": 15,
    "clip_size": 20,
    "modes": [ [ "DEFAULT", "semi", 1 ] ],
    "reload": 25,
    "valid_mod_locations": [
      [ "accessories", 4 ],
      [ "barrel", 1 ],
      [ "sling", 1 ],
      [ "sights", 1 ],
      [ "stock", 1 ],
      [ "grip", 1 ],
      [ "rail", 1 ],
      [ "underbarrel", 1 ]
    ],
    "loudness": 10
  },
  {
    "id": "ashot_db",
    "copy-from": "ashot",
    "type": "GUN",
    "name": { "str": "double barrel 12 gauge pistol" },
    "description": "A double shot pistol that loads two 12 gauge shotgun shells, handcrafted from scrap. You can fire it one by one, or you can fire both barrels at the same time.",
    "weight": "928 g",
    "volume": "600 ml",
    "clip_size": 2,
    "modes": [ [ "DEFAULT", "single", 1 ], [ "BURST", "double", 2 ] ]
  },
  {
    "id": "ashot_40",
    "copy-from": "ashot",
    "type": "GUN",
    "name": { "str": "40mm pistol" },
    "description": "A single shot pistol that loads 40mm grenades, handcrafted from scrap. Pocket sized ka-boom it is!",
    "weight": "1028 g",
    "volume": "550 ml",
    "bashing": 10,
    "barrel_length": "130 ml",
    "price_postapoc": 800,
    "flags": [ "RELOAD_ONE", "RELOAD_EJECT", "NEVER_JAMS" ],
    "ammo": "40x46mm",
    "ranged_damage": { "damage_type": "bullet", "amount": 2 },
    "dispersion": 180,
    "durability": 8,
    "reload": 90
  },
  {
    "id": "bbpistol",
    "copy-from": "bbgun",
    "type": "GUN",
    "price": "400 USD",
    "looks_like": "glock_19",
    "name": { "str": "BB pistol" },
    "weight": "800 g",
    "weapon_category": [ "PISTOLS", "PNEUMATIC" ],
    "volume": "500 ml",
    "barrel_length": "80 ml",
    "range": 12,
    "skill": "pistol",
    "ranged_damage": { "damage_type": "bullet", "amount": 4 },
    "dispersion": 100,
    "clip_size": 50,
    "reload": 120,
    "modes": [ [ "DEFAULT", "single", 1 ] ],
    "valid_mod_locations": [
      [ "accessories", 4 ],
      [ "barrel", 1 ],
      [ "sights", 1 ],
      [ "stock", 1 ],
      [ "grip", 1 ],
      [ "rail", 1 ],
      [ "underbarrel", 1 ]
    ]
  },
  {
    "id": "bbmachinepistol",
    "copy-from": "bbgun",
    "type": "GUN",
    "price": "600 USD",
    "looks_like": "mac_10",
    "name": { "str": "BB machine pistol" },
    "weight": "800 g",
    "weapon_category": [ "PISTOLS", "PNEUMATIC" ],
    "volume": "500 ml",
    "barrel_length": "80 ml",
    "range": 8,
    "skill": "pistol",
    "ranged_damage": { "damage_type": "bullet", "amount": 6 },
    "dispersion": 100,
    "clip_size": 300,
    "reload": 160,
    "magazines": [ [ "BB", [ "BBclip300" ] ] ],
    "modes": [ [ "DEFAULT", "full auto", 10 ] ],
    "valid_mod_locations": [
      [ "accessories", 4 ],
      [ "barrel", 1 ],
      [ "sights", 1 ],
      [ "stock", 1 ],
      [ "grip", 1 ],
      [ "rail", 1 ],
      [ "underbarrel", 1 ]
    ]
  },
  {
    "id": "bbsmg",
    "copy-from": "bbgun",
    "type": "GUN",
    "price": "800 USD",
    "looks_like": "hk_mp5",
    "name": { "str": "BB smg" },
    "weight": "1600 g",
    "weapon_category": [ "SUBMACHINE_GUNS", "PNEUMATIC" ],
    "volume": "1200 ml",
    "barrel_length": "130 ml",
    "range": 10,
    "skill": "smg",
    "ranged_damage": { "damage_type": "bullet", "amount": 2 },
    "dispersion": 100,
    "clip_size": 300,
    "reload": 130,
    "valid_mod_locations": [
      [ "accessories", 4 ],
      [ "barrel", 1 ],
      [ "sling", 1 ],
      [ "sights", 1 ],
      [ "stock", 1 ],
      [ "grip", 1 ],
      [ "rail", 1 ],
      [ "underbarrel", 1 ]
    ],
    "magazines": [ [ "BB", [ "BBclip300" ] ] ],
    "modes": [ [ "DEFAULT", "single", 1 ], [ "BURST", "3 rd.", 3 ], [ "AUTO", "full auto", 8 ] ]
  },
  {
    "id": "laser_spotlight",
    "copy-from": "laser_rifle",
    "looks_like": "gatling_mech_laser",
    "type": "GUN",
    "name": { "str": "spotlight - wide" },
    "description": "A crappy laser machine gun, made with duct tape, lots of circuts, a steel drum, and hope.",
    "weight": "6500 g",
    "volume": "5 L",
    "price": "1000 USD",
    "price_postapoc": "500 USD",
    "range": 35,
    "ranged_damage": { "damage_type": "heat", "amount": 6, "armor_penetration": 3 },
    "dispersion": 30,
    "modes": [ [ "DEFAULT", "semi", 1 ], [ "BURST", "low auto", 10 ], ["AUTO", "high auto", 30] ],
    "loudness": 40,
    "ups_charges": 10,
    "valid_mod_locations": [
      [ "emitter", 1 ],
      [ "lens", 1 ],
      [ "sling", 1 ],
      [ "grip", 1 ],
      [ "rail", 1 ],
      [ "sights", 1 ],
      [ "stock", 1 ],
      [ "underbarrel", 1 ]
    ],
    "ammo_effects": [ "LASER", "PLASMA_BUBBLE",  "INCENDIARY" ]
  },
  {
    "id": "laser_beamlight",
    "copy-from": "laser_rifle",
    "looks_like": "gatling_mech_laser",
    "type": "GUN",
    "name": { "str": "spotlight - beam" },
    "description": "A crappy laser sniper rifle, made with duct tape, lots of circuts, a steel drum, and hope.",
    "weight": "6500 g",
    "volume": "5 L",
    "price": "1000 USD",
    "price_postapoc": "500 USD",
    "range": 45,
    "ranged_damage": { "damage_type": "heat", "amount": 21, "armor_penetration": 3 },
    "dispersion": 30,
    "modes": [ [ "DEFAULT", "semi", 1 ] ],
    "loudness": 40,
    "ups_charges": 60,
    "valid_mod_locations": [
      [ "emitter", 1 ],
      [ "lens", 1 ],
      [ "sling", 1 ],
      [ "grip", 1 ],
      [ "rail", 1 ],
      [ "sights", 1 ],
      [ "stock", 1 ],
      [ "underbarrel", 1 ]
    ],
    "ammo_effects": [ "LASER", "PLASMA", "EXPLOSIVE", "PLASMA_BUBBLE",  "INCENDIARY" ]
  },
  {
    "id": "pistol_flintlock_double",
    "copy-from": "pistol_flintlock",
    "type": "GUN",
    "name": { "str": "double barrel flintlock pistol" },
    "weight": "900 g",
    "volume": "450 ml",
    "price": "4000 USD",
    "price_postapoc": "200 USD",
    "clip_size": 2
  },
  {
    "id": "pistol_blunderbuss",
    "copy-from": "pistol_flintlock",
    "type": "GUN",
    "name": { "str": "pistol blunderbuss" },
    "description": "A beautifully decorated blunderbuss pistol. Good old version of a 12 guage pistol.",
    "ammo": "blunderbuss",
    "range": 2,
    "dispersion": 855,
    "durability": 3,
    "loudness": 200,
    "clip_size": 1,
    "reload": 300,
    "barrel_length": "50 ml"
  },
  {
    "id": "pistol_flintlock_revolver",
    "copy-from": "pistol_flintlock",
    "looks_like": "surv_hand_cannon",
    "type": "GUN",
    "name": { "str": "flintlock revolver" },
    "weight": "1500 g",
    "volume": "850 ml",
    "price": "600 USD",
    "price_postapoc": "230 USD",
    "ranged_damage": { "damage_type": "bullet", "amount": 2 },
    "dispersion": 720,
    "durability": 6,
    "blackpowder_tolerance": 60,
    "loudness": 25,
    "clip_size": 6
  },
  {
    "id": "lemat_revolver_flintlock",
    "copy-from": "lemat_revolver",
    "looks_like": "rm99_pistol",
    "type": "GUN",
    "name": { "str": "flintlock LeMat" },
    "description": "A scrappy and bulky reproduction of the civil war era LeMat revolver, this one use the older paper cartridge ammo. Despite modern quality materials, the design is still rather delicate.",
    "weight": "1500 g",
    "volume": "900 ml",
    "price": "1200 USD",
    "price_postapoc": "400 USD",
    "ammo": "flintlock",
    "dispersion": 620,
    "durability": 6,
    "blackpowder_tolerance": 60,
    "valid_mod_locations": [
      [ "accessories", 2 ],
      [ "barrel", 1 ],
      [ "bore", 1 ],
      [ "grip", 1 ],
      [ "stock", 1 ],
      [ "underbarrel", 1 ],
      [ "rail", 1 ],
      [ "sights", 1 ]
    ],
    "built_in_mods": [ "lemat_revolver_shotgun" ]
  },
  {
    "id": "lemat_revolver_flintlock_shotgun",
    "copy-from": "lemat_revolver_shotgun",
    "type": "GUNMOD",
    "name": { "str": "flintlock LeMat blunderbuss" },
    "description": "The flintlock Lemat revolver is unique in that its cylinder axis pin is also a fully functional blunderbuss barrel.  It's irremovable.",
    "volume": "50 ml",
    "mod_target_category": [ [ "PISTOLS" ], [ "REVOLVERS" ] ],
    "gun_data": {
      "ammo": "blunderbuss",
      "skill": "shotgun",
      "range": -3,
      "ranged_damage": { "damage_type": "bullet", "amount": -5 },
      "dispersion": 650,
      "durability": 9,
      "reload": 200
    }
  },
  {
    "id": "blunderlock",
    "copy-from": "rifle_flintlock",
    "type": "GUN",
    "name": "flintlock blunderbuss",
    "description": "A mixture of a flintlock, and a blunderbuss, and can shoot both rounds... Gods, an abomination! Who created this atrocity?",
    "weight": "3200 g",
    "ammo": [ "blunderbuss", "flintlock" ],
    "volume": "1400 ml",
    "proportional": { "dispersion": 0.5, "reload": 2.0 }
  },
  {
    "id": "flint_nock",
    "copy-from": "rifle_flintlock",
    "type": "GUN",
    "name": "nock gun",
    "description": "A flintlock with seven barrels, so it is used as some kind of shotgun or a machine gun. Very powerful, but takes a lot of time to reload.",
    "weight": "3200 g",
    "ammo": [ "flintlock" ],
    "clip_size": 7,
    "modes": [ [ "DEFAULT", "7 rd.", 7 ] ],
    "volume": "1400 ml",
    "proportional": { "dispersion": 3.5, "reload": 1.3 }
  },
  {
    "id": "underbarrel_ashot",
    "copy-from": "lemat_revolver_shotgun",
    "looks_like": "m203",
    "type": "GUNMOD",
    "name": { "str": "underbarrel 12 guage shotgun" },
    "description": "A single shot underbarrel gun that loads 12 gauge shotgun shells, handcrafted from scrap.",
    "volume": "50 ml",
    "flags": [ "RELOAD_EJECT", "RELOAD_ONE", "NEVER_JAMS" ],
    "mod_target_category": [ [ "SUBMACHINE_GUNS" ], [ "PISTOLS" ], [ "REVOLVERS" ] ],
    "gun_data": {
      "ammo": [ "shot", "signal_flare" ],
      "skill": "pistol",
      "range": -3,
      "ranged_damage": { "damage_type": "bullet", "amount": -5 },
      "dispersion": 950,
      "durability": 7,
      "reload": 200
    }
  },
  {
    "id": "paintballgun_pistol",
    "copy-from": "paintballgun",
    "looks_like": "2_shot_special",
    "type": "GUN",
    "name": { "str": "Paintball pistol" },
    "price": "65 USD",
    "price_postapoc": "30 USD",
    "skill": "pistol",
    "weight": "300 g",
    "volume": "500 ml",
    "bashing": 2,
    "dispersion": 200,
    "clip_size": 20,
    "reload": 20,
    "valid_mod_locations": [
      [ "grip", 1 ],
      [ "rail", 1 ],
      [ "sights", 1 ],
      [ "underbarrel", 1 ]
    ]
  },
  {
    "id": "crossbow_triple",
    "copy-from": "crossbow",
    "type": "GUN",
    "name": { "str": "triple crossbow" },
    "description": "A slow-loading hand weapon that launches three bolts.  Stronger people can reload it much faster.  Bolts fired from this weapon have a good chance of remaining intact for re-use.",
    "price": "9000 USD",
    "price_postapoc": "6000 USD",
    "weight": "3000 g",
    "volume": "2300 ml",
    "dispersion": 390,
    "clip_size": 3,
    "ups_charges": 60,
    "modes": [ [ "DEFAULT", "semi", 1 ], [ "BURST", "burst", 3 ] ],
    "extend": { "flags": [ "FIRE_TWOHAND", "RELOAD_ONE" ] }
  },
  {
    "id": "megaphone_zhigh",
    "type": "GUN",
    "name": { "str_sp": "megaphone" },
    "description": "A megaphone, which has been modified to make loud noises... and damage stuff?",
    "volume": "300 ml",
    "price": "4500 USD",
    "material": [ "plastic" ],
    "symbol": "(",
    "color": "red",
    "skill": "pistol",
    "range": 7,
    "ranged_damage": { "damage_type": "bullet", "amount": 9, "armor_penetration": 5 },
    "dispersion": 6,
    "ammo": [ "NOISE_zhigh" ],
    "durability": 10,
    "clip_size": 100,
    "loudness": 50,
    "reload": 1,
    "ammo_effects": [ "JET", "BEANBAG" ],
    "modes": [ [ "SINGLE", "Shout", 1 ] ],
    "flags": [ "NEVER_JAMS", "NON_FOULING", "WATERPROOF_GUN" ]
  },
  {
    "id": "water_gun",
    "copy-from": "watercannon",
    "type": "GUN",
    "name": { "str": "squirt gun" },
    "description": "Made to spray some liquid, especially water, this thing is just a toy. What did you expect? You are not gonna use this... right?",
    "weight": "1451 g",
    "volume": "3 L",
    "price": "10 USD",
    "skill": "rifle",
    "material": "plastic",
    "range": 15,
    "modes": [ [ "DEFAULT", "Shoot", 1 ], [ "BURST", "burst", 3 ] ],
    "ammo_effects": [ "JET" ],
    "flags": [ "NEVER_JAMS", "NON_FOULING", "WATERPROOF_GUN" ],
    "dispersion": 100,
    "ranged_damage": { "damage_type": "bullet", "amount": 20 },
    "ammo": [ "acid", "water", "chemical_spray", "reactor_slurry" ],
    "clip_size": 30,
    "valid_mod_locations": [ [ "sling", 1 ], [ "grip", 1 ], [ "rail", 1 ], [ "sights", 1 ], [ "underbarrel", 1 ] ],
    "relative": { "reload": 10 }
  },
  {
    "id": "water_pistol",
    "copy-from": "water_gun",
    "type": "GUN",
    "name": { "str": "squirt pistol" },
    "description": "Made to spray some liquid, especially water, this thing is just a toy. What did you expect? You are not gonna use this... right?",
    "weight": "451 g",
    "volume": "750 ml",
    "price": "10 USD",
    "skill": "pistol",
    "material": "plastic",
    "range": 11,
    "modes": [ [ "DEFAULT", "Shoot", 1 ] ],
    "flags": [ "NEVER_JAMS", "NON_FOULING", "WATERPROOF_GUN" ],
    "dispersion": 100,
    "ranged_damage": { "damage_type": "bullet", "amount": 14 },
    "ammo": [ "acid", "water", "chemical_spray", "reactor_slurry" ],
    "clip_size": 5,
    "valid_mod_locations": [ [ "grip", 1 ], [ "rail", 1 ], [ "sights", 1 ], [ "underbarrel", 1 ] ],
    "relative": { "reload": 10 }
  },
  {
    "id": "ice_gun",
    "copy-from": "water_gun",
    "type": "GUN",
    "name": { "str": "freeze gun" },
    "description": "Made to spray some water, this thing is not a toy, but a weapon. It freezes your enemies.",
    "range": 13,
    "dispersion": 70,
    "ranged_damage": { "damage_type": "bullet", "amount": 15, "armor_penetration": 6 },
    "ammo": [ "water" ],
    "clip_size": 25,
    "ammo_effects": [ "FREEZEAMMO2" ],
    "relative": { "reload": 20 }
  },
  {
    "id": "slingshot_bow",
    "copy-from": "slingshot",
    "type": "GUN",
    "name": { "str": "sling bow" },
    "ammo": [ "pebble", "arrow", "bolt" ],
    "description": "A wooden sling bow, easy to use and accurate.  This one have some modification so that it can shoot arrows and bolts.",
    "ranged_damage": { "damage_type": "bash", "amount": 4 },
    "range": 7
  },
  {
    "id": "wristrocket_bow",
    "copy-from": "wristrocket",
    "type": "GUN",
    "name": { "str": "brace sling bow" },
    "ammo": [ "pebble", "arrow", "bolt" ],
    "description": "A modern slingshot with a wrist brace, it is easy to use, accurate, and quite powerful. This one have some modification so that it can shoot arrows and bolts.",
    "ranged_damage": { "damage_type": "bash", "amount": 6 },
    "range": 10
  },
  {
    "id": "bbM134",
    "copy-from": "gatling_base",
    "type": "GUN",
    "name": { "str": "BB minigun" },
    "weight": "6000 g",
    "volume": "5000 ml",
    "ammo": "BB",
    "looks_like": "m134",
    "barrel_length": "500 ml",
    "material" : [ "steel", "plastic" ],
    "description": "Popular among children. More accurate than the original one, and easliy modifiable, but BBs deal nearly no damage.",
    "range": 18,
    "ranged_damage": { "damage_type": "bullet", "amount": 1, "armor_penetration": 6 },
    "dispersion": 100,
    "reload": 500,
    "valid_mod_locations": [
      [ "accessories", 4 ],
      [ "barrel", 1 ],
      [ "sling", 1 ],
      [ "sights", 1 ],
      [ "stock", 1 ],
      [ "grip", 1 ],
      [ "rail", 1 ],
      [ "underbarrel", 1 ]
    ],
    "magazines": [ [ "BB", [ "BBbelt_500" ] ] ],
    "delete": { "flags": [ "MOUNTED_GUN" ] },
    "modes": [ [ "SINGLE", "single", 1 ], [ "BURST", "6 rd.", 6 ], [ "DEFAULT", "full auto", 24 ] ]
  },
  {
    "id": "BBbelt_500",
    "copy-from": "shotbelt_20",
    "type": "MAGAZINE",
    "name": { "str": "BB belt" },
    "description": "A non-disintegrating cloth ammo belt which can hold up to 1200 BBs.  Notably less reliable than metal ammo belts.",
    "ammo_type": "BB",
    "capacity": 1200,
    "armor_data": { "covers": [ "torso" ], "coverage": 5, "material_thickness": 1, "encumbrance": 1 }
  },
  {
    "id": "nailsmg",
    "copy-from": "nailgun",
    "type": "GUN",
    "name": { "str": "nail smg" },
    "description": "A tool used to drive nails into wood or other material.  It could also be used as an ad-hoc weapon. This one is modified and can shoot nails in bursts.",
    "volume": "560 ml",
    "dispersion": 80,
    "clip_size": 100,
    "reload": 60,
    "flags": [ "NEVER_JAMS", "NON_FOULING", "NEEDS_NO_LUBE" ],
    "ammo_effects": [ "BOUNCE" ],
    "modes": [ [ "DEFAULT", "semi", 1 ], [ "BURST", "burst", 3 ] ],
    "ranged_damage": { "damage_type": "bullet", "amount": 3, "armor_penetration": 4 },
    "valid_mod_locations": [ [ "grip", 1 ], [ "rail", 1 ], [ "sights", 1 ], [ "stock", 1 ], [ "underbarrel", 1 ] ],
    "range": 10
  },
  {
    "id": "Rc_Packed",
    "type": "TOOL",
    "category": "guns",
    "looks_like": "roman_candle",
    "name": { "str": "packed roman candle" },
    "description": "This is a roman candle, packed in its storage form.  Use it to pop it out and make it ready to fire.  Once it is activated, it cannot be repacked.",
    "weight": "300 g",
    "volume": "500 ml",
    "price": "20 USD",
    "price_postapoc": "4 USD",
    "bashing": 2,
    "material": "paper",
    "symbol": ")",
    "color": "green",
    "flags": [ "SHEATH_SPEAR", "FRAGILE" ],
    "use_action": {
      "target": "roman_candle",
      "msg": "You unpacked your roman candle, ready to fire it if needed.",
      "target_charges": 7,
      "target_ammo": "flintlock_ammo",
      "menu_text": "Activate",
      "type": "transform"
    }
  },
  {
    "id": "roman_candle",
    "copy-from": "rifle_flintlock",
    "type": "GUN",
    "name": "Roman candle",
    "description": "A Roman candle is a traditional type of firework that ejects one or more stars or exploding shells. It is only usable once, so you have to throw this away after you empty the cartridge.",
    "weight": "300 g",
    "volume": "500 ml",
    "material": [ "paper" ],
    "ammo": "flintlock",
    "clip_size": 7,
    "modes": [ [ "DEFAULT", "7 rd.", 7 ] ],
    "range": 7,
    "ammo_effects": [ "LASER", "FLARE" ],
    "flags": [ "NEVER_JAMS", "NO_UNLOAD", "NO_RELOAD", "NON_FOULING", "FRAGILE", "SHEATH_SPEAR" ],
    "proportional": { "dispersion": 0.2 }
  },
  {
    "id": "cash_blaster",
    "copy-from": "tihar",
    "type": "GUN",
    "name": { "str": "cash blaster" },
    "description": "An improvised... rifle? Well, you can use this as a long ranged weapon, but it is almost useless. You have been warned.",
    "price": "10 USD",
    "material": [ "steel", "plastic" ],
    "ammo": [ "MONEY_zhigh" ],
    "weight": "2500 g",
    "volume": "1500 ml",
    "barrel_length": "500 ml",
    "ranged_damage": { "damage_type": "bullet", "amount": -1, "armor_penetration": 1 },
    "range": 25,
    "recoil": 30,
    "clip_size": 60,
    "modes": [ [ "DEFAULT", "spraying cash", 3 ] ],
    "reload": 40,
    "loudness": 5
  },
  {
    "id": "cash_gun",
    "copy-from": "tihar",
    "weapon_category": [ "PISTOLS", "AUTOLOADING" ],
    "type": "GUN",
    "name": { "str": "cash pistol" },
    "description": "An improvised... pistol? Well, you can use this as a ranged weapon, but it is almost useless. You have been warned.",
    "price": "8 USD",
    "material": [ "steel", "plastic" ],
    "ammo": [ "MONEY_zhigh" ],
    "weight": "500 g",
    "volume": "500 ml",
    "ranged_damage": { "damage_type": "bullet", "amount": 1, "armor_penetration": 1 },
    "range": 8,
    "recoil": 3,
    "clip_size": 90,
    "modes": [ [ "DEFAULT", "spraying cash", 9 ] ],
    "reload": 60,
    "loudness": 5
  },
  {
    "id": "discShooter",
    "copy-from": "hand_crossbow",
    "type": "GUN",
    "name": { "str": "disc launcher" },
    "description": "A single shot pistol that loads discs. Surprisingly, those discs does not just include normal frizbees, but more.",
    "ammo": "DISC_zhigh",
    "ranged_damage": { "damage_type": "bullet", "amount": 9 },
    "dispersion": 400,
    "range": 18,
    "flags": [ "CROSSBOW", "RELOAD_ONE" ],
    "reload": 50
  },
  {
    "id": "bbSnip",
    "looks_like": "m107a1",
    "copy-from": "bbgun",
    "type": "GUN",
    "name": { "str": "sniper BB rifle" },
    "weight": "2600 g",
    "volume": "1700 ml",
    "barrel_length": "280 ml",
    "description": "Popular among children. More accurate than the original one, and easliy modifiable, but BBs deal nearly no damage.",
    "range": 40,
    "modes": [ [ "DEFAULT", "semi", 1 ] ],
    "ranged_damage": { "damage_type": "bullet", "amount": 5, "armor_penetration": 20 },
    "dispersion": 100,
    "clip_size": 5,
    "reload": 20,
    "valid_mod_locations": [
      [ "accessories", 4 ],
      [ "barrel", 1 ],
      [ "sling", 1 ],
      [ "sights", 1 ],
      [ "stock", 1 ],
      [ "grip", 1 ],
      [ "rail", 1 ],
      [ "underbarrel", 1 ]
    ]
  },
  {
    "id": "bbDMR",
    "looks_like": "m14ebr",
    "copy-from": "bbgun",
    "type": "GUN",
    "name": { "str": "DMR BB" },
    "weight": "2600 g",
    "volume": "1700 ml",
    "barrel_length": "280 ml",
    "description": "Popular among children. More accurate than the original one, and easliy modifiable, but BBs deal nearly no damage.",
    "range": 25,
    "modes": [ [ "DEFAULT", "semi", 1 ], [ "BURST", "burst", 3 ] ],
    "ranged_damage": { "damage_type": "bullet", "amount": 3, "armor_penetration": 10 },
    "dispersion": 100,
    "clip_size": 60,
    "reload": 90,
    "valid_mod_locations": [
      [ "accessories", 4 ],
      [ "barrel", 1 ],
      [ "sling", 1 ],
      [ "sights", 1 ],
      [ "stock", 1 ],
      [ "grip", 1 ],
      [ "rail", 1 ],
      [ "underbarrel", 1 ]
    ]
  },
  {
    "id": "watch_conan",
    "copy-from": "tihar",
    "looks_like": "platinum_watch",
    "type": "GUN",
    "name": { "str": "watch tranquilzer gun" },
    "description": "A weird watch, which could be used for stunning people and zombies. Works well with a indigo colored blazer and a bow tie.",
    "price": "4000 USD",
    "material": [ "steel", "plastic" ],
    "ammo": [ "nail" ],
    "skill": "pistol",
    "weapon_category": [ "PISTOLS", "1SHOT" ],
    "weight": "80 g",
    "volume": "350 ml",
    "ranged_damage": { "damage_type": "bash", "amount": 30, "armor_penetration": 20 },
    "range": 5,
    "clip_size": 1,
    "modes": [ [ "DEFAULT", "semi", 1 ] ],
    "reload": 50,
    "dispersion": 2,
    "sight_dispersion": 2,
    "valid_mod_locations": [  ],
    "ammo_effects": [ "PARALYZEPOISON", "HEAVY_HIT", "BLINDS_EYES" ],
    "armor_data": { "covers": [ "hand_either" ], "coverage": 10, "encumbrance": 2, "material_thickness": 2 },
    "loudness": 5,
    "use_action": "WEATHER_TOOL",
    "flags": [ "THERMOMETER", "HYGROMETER", "BAROMETER", "WATCH", "SUPER_FANCY", "BELTED", "FRAGILE", "ALLOWS_NATURAL_ATTACKS", "WATER_FRIENDLY", "OVERSIZE" ]
  },
  {
    "id": "crossbowhl2",
    "copy-from": "crossbow",
    "type": "GUN",
    "weapon_category": [ "M_XBOWS", "ELASTIC", "MAGNETIC" ],
    "reload_noise_volume": 5,
    "flags": [ "CROSSBOW", "RELOAD_ONE" ],
    "name": { "str": "rail crossbow" },
    "description": "A slow-loading hand weapon that launches bolts.  Stronger people can reload it much faster.  Bolts fired from this weapon have a good chance of remaining intact for re-use. This one had been modified to give some extra heat damage.",
    "price": "6000 USD",
    "price_postapoc": "3500 USD",
    "material": [ "wood", "steel" ],
    "weight": "3528 g",
    "volume": "1800 ml",
    "loudness": 20,
    "ranged_damage": { "damage_type": "stab", "amount": 40 },
    "range": 14,
    "dispersion": 320,
    "durability": 5,
    "reload": 900,
    "ups_charges": 35,
    "ammo": [ "12mm", "bolt", "metal_rail", "nail" ],
    "ammo_effects": [ "BOUNCE", "TRAIL", "INCENDIARY" ],
    "valid_mod_locations": [ [ "dampening", 1 ], [ "rail", 1 ], [ "sights", 1 ], [ "underbarrel", 1 ] ]
  },
  {
    "id": "blowpipe",
    "type": "GUN",
    "color": "brown",
    "name": { "str": "blowpipe" },
    "description": "A wooden blowgun, it isn't hard to use, and is very accurate. Darts or bbs are used as ammunition.",
    "price": "10 USD",
    "skill": "rifle",
	"symbol": "|",
    "clip_size": 1,
    "reload": 8,
    "ammo_effects": [ "NEVER_MISFIRES", "PARALYZEPOISON" ],
    "material": "wood",
    "weapon_category": [ "PNEUMATIC" ],
    "flags": [ "NEVER_JAMS", "PRIMITIVE_RANGED_WEAPON", "WATERPROOF_GUN", "BELT_CLIP" ],
    "ammo": [ "nail", "BB" ],
    "weight": "500 g",
    "volume": "1250 ml",
    "price_postapoc": "5 USD",
    "to_hit": 3,
    "ranged_damage": { "damage_type": "bash", "amount": 1 },
    "range": 8,
    "dispersion": 50,
    "durability": 9
  },
  {
    "id": "penLaser",
    "copy-from": "laser_rifle",
    "type": "GUN",
    "name": { "str": "laser pen" },
    "description": "A pen shaped laser gun, it isn't hard to use, and is very accurate.",
    "price": "150 USD",
    "price_postapoc": "50 USD",
    "range": 15,
    "weight": "20 g",
    "volume": "40 ml",
    "flags": [ "NEVER_JAMS", "NON_FOULING", "WATERPROOF_GUN", "BELT_CLIP" ],
    "ranged_damage": { "damage_type": "heat", "amount": 1, "armor_penetration": 1 },
    "dispersion": 30,
    "modes": [ [ "DEFAULT", "semi", 1 ] ],
    "loudness": 1,
    "ups_charges": 5,
    "valid_mod_locations": [
      [ "emitter", 1 ],
      [ "lens", 1 ]
    ],
    "ammo_effects": [ "LASER", "BLINDS_EYES", "INCENDIARY" ]
  },
  {
    "id": "penGun",
    "type": "GUN",
    "copy-from": "bbgun",
    "color": "brown",
    "name": { "str": "pen gun" },
    "description": "A steel pen gun, it isn't hard to use, and is very accurate. Darts are used as ammunition. Do not expect a lot of damage.",
    "price": "150 USD",
    "skill": "pistol",
	"symbol": "|",
    "reload": 40,
    "clip_size": 3,
    "ammo_effects": [ "NEVER_MISFIRES", "BEANBAG" ],
    "material": "steel",
    "weapon_category": [ "PNEUMATIC" ],
    "flags": [ "NEVER_JAMS", "NON_FOULING", "WATERPROOF_GUN", "BELT_CLIP" ],
    "ammo": [ "nail", "BB" ],
    "weight": "20 g",
    "volume": "40 ml",
    "price_postapoc": "50 USD",
    "to_hit": 3,
    "ranged_damage": { "damage_type": "bash", "amount": 10 },
    "modes": [ [ "DEFAULT", "single", 1 ] ],
    "range": 6,
    "loudness": 1,
    "dispersion": 20,
    "durability": 9
  },
  {
    "id": "penFlame",
    "type": "GUN",
    "color": "brown",
    "name": { "str": "pen flamer" },
    "description": "A steel pen flamethrower, it isn't hard to use, and is very accurate. Flammable liquid is used as ammunition. Do not expect a lot of damage.",
    "price": "150 USD",
    "skill": "pistol",
	"symbol": "|",
    "reload_noise": "slosh.",
    "reload": 60,
    "clip_size": 3,
    "material": "steel",
    "use_action": { "type": "firestarter", "moves": 200 },
    "weapon_category": [ "PNEUMATIC", "FLAMETHROWERS" ],
    "flags": [ "NEVER_JAMS", "NON_FOULING", "PYROMANIAC_WEAPON", "FIRESTARTER", "WATERPROOF_GUN", "BELT_CLIP" ],
    "ammo": [ "flammable", "diesel", "gasoline" ],
    "weight": "20 g",
    "volume": "40 ml",
    "price_postapoc": "50 USD",
    "to_hit": 3,
    "range": -1,
    "loudness": 1,
    "dispersion": 20,
    "durability": 9,
    "ammo_effects": [ "NEVER_MISFIRES", "FLARE", "INCENDIARY" ]
  },
  {
    "id": "penChem",
    "type": "GUN",
    "color": "brown",
    "name": { "str": "pen chemical shooter" },
    "description": "A steel pen chemical thrower, it isn't hard to use, and is very accurate. Various types of liquid is used as ammunition. Do not expect a lot of damage.",
    "price": "150 USD",
    "skill": "pistol",
	"symbol": "|",
    "reload_noise": "slosh.",
    "reload": 60,
    "clip_size": 3,
    "material": "steel",
    "weapon_category": [ "PNEUMATIC", "SPRAY_GUNS" ],
    "flags": [ "NEVER_JAMS", "NON_FOULING", "WATERPROOF_GUN", "BELT_CLIP" ],
    "ammo": [ "water", "acid", "chemical_spray" ],
    "weight": "20 g",
    "volume": "40 ml",
    "price_postapoc": "50 USD",
    "to_hit": 3,
    "range": 1,
    "loudness": 1,
    "dispersion": 20,
    "durability": 9,
    "ammo_effects": [ "JET", "BEANBAG", "NEVER_MISFIRES" ]
  },
  {
    "id": "fireEx_zhigh_Packed",
    "type": "TOOL",
    "category": "guns",
    "looks_like": "extinguisher",
    "name": { "str": "packed modified fire extinguisher" },
    "description": "This is a modified fire extinguisher, packed in its storage form.  Use it to pop it out and make it ready to fire.  Once it is activated, it cannot be repacked.",
    "weight": "300 g",
    "volume": "500 ml",
    "price": "2000 USD",
    "price_postapoc": "40 USD",
    "bashing": 2,
    "material": "paper",
    "symbol": ")",
    "color": "green",
    "use_action": {
      "target": "fireEx_zhigh",
      "msg": "You unpacked your fire extinguisher, ready to fire it if needed.",
      "target_charges": 100,
      "target_ammo": "powderFire",
      "menu_text": "Activate",
      "type": "transform"
    }
  },
  {
    "id": "fireEx_zhigh",
    "type": "GUN",
    "looks_like": "extinguisher",
    "name": { "str_sp": "modified fire extinguisher" },
    "description": "A fire extinguisher, which has been modified to make smoke cover... and damage stuff?",
    "skill": "launcher",
    "range": 8,
    "ranged_damage": { "damage_type": "bullet", "amount": 5, "armor_penetration": 1 },
    "dispersion": 900,
    "durability": 10,
    "ammo": "powder_zhigh",
    "loudness": 0,
    "weight": "13813 g",
    "volume": "20000 ml",
    "price": "5000 USD",
    "price_postapoc": "100 USD",
    "to_hit": -4,
    "bashing": 18,
    "material": "steel",
    "symbol": ";",
    "color": "red",
    "clip_size": 100,
    "modes": [ [ "DEFAULT", "Spray", 2 ] ],
    "flags": [ "NEVER_JAMS", "NON_FOULING", "NO_UNLOAD", "NO_RELOAD", "WATERPROOF_GUN" ]
  },
  {
    "id": "shotgun_d_paint",
    "looks_like": "shotgun_d",
    "copy-from": "paintballgun",
    "type": "GUN",
    "name": { "str": "double barrel paintball gun" },
    "description": "A cheap copy of an old shotgun, possibly antique. It is little more than a pair of barrels, a wood stock, and a hammer to strike the cartridges.",
    "modes": [ [ "DEFAULT", "single", 1 ], [ "DOUBLE", "double", 2 ] ],
    "weight": "3000 g",
    "volume": "2500 ml",
    "handling": 50,
    "clip_size": 2,
    "reload": 10,
    "valid_mod_locations": [
      [ "accessories", 4 ],
      [ "barrel", 1 ],
      [ "sling", 1 ],
      [ "sights", 1 ],
      [ "stock", 1 ],
      [ "grip", 1 ],
      [ "rail", 1 ],
      [ "underbarrel", 1 ]
    ],
    "flags": [ "NEVER_JAMS", "RELOAD_ONE", "NON_FOULING" ],
    "ranged_damage": { "damage_type": "bullet", "amount": 16 },
    "range": 9
  },
  {
    "id": "shotgun_pump_paint",
    "looks_like": "winchester_1897",
    "copy-from": "paintballgun",
    "type": "GUN",
    "name": { "str": "pump action paintball gun" },
    "description": "A cheap copy of an old shotgun, possibly antique. It is little more than a barrel, a wood stock, and a hammer to strike the cartridges.",
    "modes": [ [ "DEFAULT", "single", 1 ] ],
    "weight": "3000 g",
    "volume": "2500 ml",
    "handling": 50,
    "clip_size": 10,
    "reload": 10,
    "valid_mod_locations": [
      [ "accessories", 4 ],
      [ "barrel", 1 ],
      [ "sling", 1 ],
      [ "sights", 1 ],
      [ "stock", 1 ],
      [ "grip", 1 ],
      [ "rail", 1 ],
      [ "underbarrel", 1 ]
    ],
    "flags": [ "NEEDS_UNFOLD", "RELOAD_ONE", "NEVER_JAMS", "NON_FOULING" ],
    "ranged_damage": { "damage_type": "bullet", "amount": 2 },
    "range": 9
  },
  {
    "id": "paintballG_AR15",
    "looks_like": "ar15",
    "copy-from": "paintballgun",
    "type": "GUN",
    "name": { "str": "paintball rifle" },
    "description": "An expensive copy of a rifle. Although it is used to shoot pepperballs, it could be also used for shooting paintballs.",
    "modes": [ [ "DEFAULT", "single", 1 ] ],
    "weight": "3000 g",
    "volume": "2500 ml",
    "handling": 50,
    "clip_size": 15,
    "reload": 80,
    "valid_mod_locations": [
      [ "accessories", 4 ],
      [ "barrel", 1 ],
      [ "sling", 1 ],
      [ "sights", 1 ],
      [ "stock", 1 ],
      [ "grip", 1 ],
      [ "rail", 1 ],
      [ "underbarrel", 1 ]
    ],
    "flags": [ "NEEDS_UNFOLD", "NEVER_JAMS", "NON_FOULING" ],
    "ranged_damage": { "damage_type": "bullet", "amount": 1 },
    "range": 12
  },
  {
    "id": "bangstik",
    "looks_like": "pipe",
    "copy-from": "pipe_shotgun",
    "type": "GUN",
    "name": { "str": "bang stick" },
    "description": "A home-made shotgun.  It is simply a pipe attached to a stock, with a hammer to strike the single round it holds. Easliy craftable, but easliy breakable.",
    "weight": "2067 g",
    "volume": "2000 ml",
    "ranged_damage": { "damage_type": "bullet", "amount": -3 },
    "dispersion": 995,
    "durability": 2,
    "clip_size": 1,
    "reload": 180,
    "bashing": 10
  },
  {
    "id": "BBallglove",
    "copy-from": "sling",
    "type": "GUN",
    "name": { "ctxt": "weapon", "str": "catcher's mitt" },
    "description": "A leather glove, easy to use and accurate.  It helps the user to throw rocks and pebbles as ammunition.",
    "price": "1500 USD",
    "flags": [ "BELT_CLIP", "RELOAD_AND_SHOOT", "WATER_FRIENDLY", "WATERPROOF_GUN", "NEVER_JAMS" ],
    "weight": "247 g",
    "volume": "600 ml",
    "price_postapoc": "469 USD",
    "ranged_damage": { "damage_type": "bash", "amount": 8 },
    "range": 9,
    "armor_data": { "covers": [ "hand_either" ], "coverage": 10, "encumbrance": 15, "material_thickness": 2 },
    "dispersion": 80,
    "durability": 10
  },
  {
    "id": "rock_launcher",
    "copy-from": "surv_rocket_launcher",
    "type": "GUN",
    "name": { "str": "rock launcher" },
    "description": "An improvised, huge, and direct launcher for rocks.  Essentially, a thick-walled steel pipe, equipped with a rubber band.  Effective only at medium range, barely.",
    "range": 20,
    "ranged_damage": { "damage_type": "bullet", "amount": 21, "armor_penetration": 6 },
    "dispersion": 60,
    "durability": 4,
    "loudness": 5,
    "flags": [ "RELOAD_ONE" ],
    "ammo_effects": [ "BEANBAG", "NOGIB" ],
    "ammo": "rock"
  },
  {
    "id": "flamethrower_big",
    "copy-from": "flamethrower_base",
    "type": "GUN",
    "name": { "str": "heavy flamethrower" },
    "description": "A large flamethrower with substantial gas reserves.  Very menacing and deadly. This one is so big that needs to be mounted.",
    "weight": "65000 g",
    "volume": "8 L",
    "price": "10000 USD",
    "price_postapoc": "7500 USD",
    "material": "steel",
    "range": 35,
    "dispersion": 200,
    "modes": [ [ "DEFAULT", "semi", 1 ], [ "AUTO", "auto", 3 ] ],
    "valid_mod_locations": [
      [ "accessories", 1 ],
      [ "grip", 1 ],
      [ "sling", 1 ],
      [ "rail", 1 ],
      [ "stock", 1 ],
      [ "sights", 1 ],
      [ "underbarrel", 1 ]
    ],
    "extend": { "flags": [ "MOUNTED_GUN", "MODE_BURST" ] },
    "clip_size": 5000
  },
  {
    "id": "bullet_hand_crossbow",
    "looks_like": "hand_crossbow",
    "copy-from": "bullet_crossbow",
    "type": "GUN",
    "name": { "str": "bullet pistol crossbow" },
    "description": "A modified version of the classic hand crossbow which utilizes stones as projectiles instead of the traditional quarrel.  Primarily intended for hunting small game, stronger people can reload it much faster.",
    "ammo": [ "pebble", "paintball" ],
    "weight": "900 g",
    "volume": "500 ml",
    "bashing": 4,
    "ranged_damage": { "damage_type": "bash", "amount": 10 },
    "range": 12,
    "dispersion": 60,
    "durability": 5,
    "reload": 25,
    "valid_mod_locations": [
      [ "accessories", 4 ],
      [ "grip", 1 ],
      [ "mechanism", 4 ],
      [ "rail", 1 ],
      [ "sights", 1 ],
      [ "sling", 1 ],
      [ "stock", 1 ],
      [ "underbarrel", 1 ],
      [ "dampening", 1 ]
    ]
  },
  {
    "id": "bolterZhigh",
    "copy-from": "saiga_12",
    "type": "GUN",
    "name": { "str": "bolter" },
    "description": "The bolter, also called a boltgun, and its variants are some of the most powerful, hand-held, ballistic anti-personnel weaponry in use by the military forces. This one is a rifle variant.",
    "weapon_category": [ "GRENADE_LAUNCHERS", "AUTOLOADING" ],
    "weight": "2400 g",
    "volume": "3450 ml",
    "price": "378000 USD",
    "handling": 35,
    "range": 100,
    "price_postapoc": "9000 USD",
    "material": [ "steel" ],
    "dispersion": 450,
    "skill": "rifle",
    "durability": 8,
    "modes": [ [ "DEFAULT", "semi", 1 ], [ "BURST", "burst", 3 ], [ "AUTO", "auto", 5 ] ],
    "ammo": "8x40mm",
    "barrel_length": "500 ml",
    "magazine_well": "500 ml",
    "valid_mod_locations": [
      [ "accessories", 2 ],
      [ "sling", 1 ],
      [ "stock", 1 ],
      [ "mechanism", 4 ],
      [ "barrel", 1 ],
      [ "brass catcher", 1 ],
      [ "grip", 1 ],
      [ "rail", 1 ],
      [ "sights", 1 ],
      [ "underbarrel", 1 ]
    ],
    "magazines": [ [ "8x40mm", [ "boltermag", "boltersmolmag" ] ] ]
  },
  {
    "id": "boltPistolZhigh",
    "copy-from": "bolterZhigh",
    "type": "GUN",
    "name": { "str": "bolt pistol" },
    "description": "The bolter, also called a boltgun, and its variants are some of the most powerful, hand-held, ballistic anti-personnel weaponry in use by the military forces. This one is a pistol variant.",
    "weight": "1023 g",
    "volume": "830 ml",
    "price": "328000 USD",
    "range": 60,
    "price_postapoc": "6000 USD",
    "dispersion": 650,
    "skill": "pistol",
    "modes": [ [ "DEFAULT", "semi", 1 ] ],
    "barrel_length": "50 ml",
    "magazines": [ [ "8x40mm", [ "boltersmolmag", "boltermag" ] ] ]
  },
  {
    "id": "boltermag",
    "looks_like": "saiga10mag",
    "type": "MAGAZINE",
    "name": { "str": "bolter box magazine" },
    "description": "A removable plastic magazine for the bolter. Holds 25 rounds.",
    "weight": "150 g",
    "volume": "900 ml",
    "price": "9500 USD",
    "price_postapoc": "2300 USD",
    "material": "plastic",
    "symbol": "#",
    "color": "dark_gray",
    "ammo_type": "8x40mm",
    "capacity": 25,
    "reliability": 9,
    "flags": [ "MAG_COMPACT" ]
  },
  {
    "id": "boltersmolmag",
    "looks_like": "saiga10mag",
    "type": "MAGAZINE",
    "name": { "str": "compact bolter box magazine" },
    "description": "A removable plastic and compact magazine for the bolter. Holds 8 rounds.",
    "weight": "80 g",
    "volume": "300 ml",
    "price": "9500 USD",
    "price_postapoc": "2300 USD",
    "material": "plastic",
    "symbol": "#",
    "color": "dark_gray",
    "ammo_type": "8x40mm",
    "capacity": 8,
    "reliability": 9,
    "flags": [ "MAG_COMPACT" ]
  },
  {
    "id": "DiscShooterV2",
    "copy-from": "bbM134",
    "type": "GUN",
    "name": { "str": "maelstrom disc blaster" },
    "weight": "5500 g",
    "volume": "2500 ml",
    "ammo": "DISC_zhigh",
    "barrel_length": "500 ml",
    "material" : [ "steel", "plastic" ],
    "description": "Disc shooting guns were a simple toy before cataclysm, and wasn't much of a danger, much less to call it a weapon. However, some people did had some twisted intent and made the good ol' toy into a deadly, multi-targeting weapon. It's heavy, but reliable for a hand-made weapon.",
    "range": 18,
    "ranged_damage": { "damage_type": "bullet", "amount": 5, "armor_penetration": 6 },
    "dispersion": 100,
    "reload": 250,
    "magazines": [ [ "DISC_zhigh", [ "DiscClip_50" ] ] ],
    "ammo_effects": [ "BOUNCE" ],
    "modes": [ [ "SINGLE", "single", 1 ], [ "BURST", "3 rd.", 3 ], [ "DEFAULT", "full auto", 6 ] ]
  },
  {
    "id": "DiscClip_50",
    "copy-from": "garandclip",
    "type": "MAGAZINE",
    "looks_like": "can_food_big",
    "name": { "str": "disc clip" },
    "description": "A large can, cut in almost half. Holds up 50 rounds of discs.",
    "ammo_type": "DISC_zhigh",
    "capacity": 50
  },
  {
    "id": "samEdge",
    "copy-from": "m9",
    "type": "GUN",
    "name": { "str_sp": "Samurai Edge" },
    "description": "This pistol is a series of customised Beretta 92Fs produced by a famous gunsmith called Joseph Kendo on behalf of the Kendo Gun Shop in Raccoon City. The Samurai Edges were purpose-built for the Special Tactics and Rescue Service, and inspired later lines of modified Beretta 92s. Accepts both 45 and 9mm.",
    "weight": "950 g",
    "volume": "525 ml",
    "price": "850 USD",
    "price_postapoc": "55 USD",
    "range": 3,
    "ranged_damage": { "damage_type": "bullet", "amount": 2, "armor_penetration": 2 },
    "durability": 9,
    "ammo": [ "9mm", "45" ],
    "magazines": [ [ "9mm", [ "m9mag", "m9bigmag" ] ], [ "45", [ "m1911mag", "m1911bigmag" ] ] ],
    "flags": [ "WATERPROOF_GUN", "NEVER_JAMS" ],
    "ammo_effects": [ "JET", "BEANBAG", "NEVER_MISFIRES" ]
  },
  {
    "id": "laser_musket",
    "copy-from": "rifle_energy",
    "type": "GUN",
    "name": { "str": "laser musket" },
    "description": "A poor survivor's laser rifle.  Not good as a coperate made laser rifle, this weapon can still do the same to your foes.",
    "weight": "2950 g",
    "volume": "3 L",
    "price": "16 kUSD",
    "price_postapoc": "75 USD",
    "material": [ "wood", "plastic" ],
    "color": "yellow",
    "range": 20,
    "ranged_damage": { "damage_type": "heat", "amount": 15, "armor_penetration": 8 },
    "dispersion": 10,
    "modes": [ [ "DEFAULT", "semi", 1 ] ],
    "flags": [ "NEVER_JAMS", "FIRE_50", "NEEDS_NO_LUBE", "NON_FOULING" ],
    "loudness": 12,
    "ammo": "battery",
    "ammo_effects": [ "LASER", "INCENDIARY" ],
    "magazines": [
      [
        "battery",
        [
          "heavy_battery_cell",
          "heavy_plus_battery_cell",
          "heavy_atomic_battery_cell",
          "heavy_disposable_cell",
          "medium_battery_cell",
          "medium_plus_battery_cell",
          "medium_atomic_battery_cell",
          "medium_disposable_cell",
          "light_disposable_cell",
          "light_minus_disposable_cell",
          "light_battery_cell",
          "light_plus_battery_cell",
          "light_minus_battery_cell",
          "light_atomic_battery_cell",
          "light_minus_atomic_battery_cell"
        ]
      ]
    ],
    "magazine_well": "2 L"
  },
  {
    "id": "laser_musket_crank",
    "copy-from": "rifle_energy",
    "type": "GUN",
    "name": { "str": "crank laser musket" },
    "description": "A poor survivor's laser rifle.  Not good as a coperate made laser rifle, this weapon can still do the same to your foes.  This one also have a hand crank to charge a battery, but due to this, you can only reload certain type of batteries.",
    "weight": "3250 g",
    "volume": "3 L",
    "price": "16 kUSD",
    "price_postapoc": "75 USD",
    "material": [ "wood", "plastic" ],
    "color": "yellow",
    "range": 21,
    "ranged_damage": { "damage_type": "heat", "amount": 16, "armor_penetration": 9 },
    "dispersion": 10,
    "modes": [ [ "DEFAULT", "semi", 1 ] ],
    "flags": [ "NEVER_JAMS", "FIRE_50", "NEEDS_NO_LUBE", "NON_FOULING" ],
    "loudness": 12,
    "ammo": "battery",
    "ammo_effects": [ "LASER", "INCENDIARY" ],
    "use_action": "HAND_CRANK",
    "magazines": [
      [
        "battery",
        [
          "heavy_battery_cell",
          "heavy_plus_battery_cell",
          "light_battery_cell",
          "light_plus_battery_cell",
          "light_minus_battery_cell",
          "medium_battery_cell",
          "medium_plus_battery_cell"
        ]
      ]
    ]
  },
  {
    "id": "microwave_rifle",
    "copy-from": "plasma_rifle",
    "type": "GUN",
    "name": { "str": "microwave plasma rifle" },
    "description": "Boeing developed the focused plasma weaponry together with DARPA.  It heats solid hydrogen to create plasma and envelops it with polymers to reduce blooming.  While powerful, it suffers from short range.  Powered by UPS.  This one has been modified by a survivor to have some additonal feautures.",
    "price": "25000 USD",
    "ups_charges": 5,
    "ammo_effects": [ "PLASMA", "BOUNCE", "INCENDIARY", "EXPLOSIVE_SMALL", "FLAME" ],
    "ammo": "plasma",
    "weight": "5535 g",
    "volume": "4250 ml",
    "price_postapoc": "90 USD",
    "ranged_damage": { "damage_type": "heat", "amount": 6 },
    "dispersion": 75,
    "modes": [ [ "DEFAULT", "semi", 1 ], [ "AUTO", "auto", 3 ] ],
    "clip_size": 30,
    "reload": 750,
    "valid_mod_locations": [
      [ "accessories", 4 ],
      [ "emitter", 1 ],
      [ "grip", 1 ],
      [ "mechanism", 4 ],
      [ "rail", 1 ],
      [ "sights", 1 ],
      [ "sling", 1 ],
      [ "stock", 1 ],
      [ "underbarrel", 2 ]
    ]
  },
  {
    "id": "BBclip300",
    "looks_like": "stanag30",
    "type": "MAGAZINE",
    "name": { "str": "bb magazine" },
    "description": "This magazine can hold 300 BBs.",
    "weight": "108 g",
    "volume": "300 ml",
    "price": "22 USD",
    "price_postapoc": "1 USD",
    "material": "steel",
    "symbol": "#",
    "color": "light_gray",
    "ammo_type": [ "BB" ],
    "capacity": 300,
    "flags": [ "SPEEDLOADER" ]
  },
  {
    "id": "bbM4",
    "looks_like": "h&k416a5",
    "copy-from": "bbgun",
    "type": "GUN",
    "name": { "str": "tactical BB rifle" },
    "weight": "2600 g",
    "volume": "1700 ml",
    "barrel_length": "280 ml",
    "description": "Popular among children. More accurate than the original one, and easliy modifiable, but BBs deal nearly no damage.",
    "range": 18,
    "ranged_damage": { "damage_type": "bullet", "amount": 1, "armor_penetration": 3 },
    "dispersion": 100,
    "clip_size": 300,
    "reload": 130,
    "valid_mod_locations": [
      [ "accessories", 4 ],
      [ "barrel", 1 ],
      [ "sling", 1 ],
      [ "sights", 1 ],
      [ "stock", 1 ],
      [ "grip", 1 ],
      [ "rail", 1 ],
      [ "underbarrel", 1 ]
    ],
    "magazines": [ [ "BB", [ "BBclip300" ] ] ],
    "modes": [ [ "DEFAULT", "single", 1 ], [ "BURST", "3 rd.", 3 ], [ "AUTO", "full auto", 8 ] ]
  }
]