[
  {
    "method": "json",
    "om_terrain": [ [ "hotel_tower_1_3", "hotel_tower_1_2", "hotel_tower_1_1" ] ],
    "type": "mapgen",
    "weight": 250,
    "object": {
      "fill_ter": "t_pavement",
      "rows": [
        " ssssssssssssssssssssssss!________sssss________ssssssssssssssssssssssss!",
        " s_____,_____,_____,_____,________s'''s________,_____,_____,_____,_____s",
        " s_____,_____,_____,_____,________s'''s________,_____,_____,_____,_____s",
        " s_____,_V___,_____,_V___,________s'''s________,_V___,_____,_V___,_____s",
        " s_____,_____,_____,_____,________s'''s________,_____,_____,_____,_____s",
        " s_____,_____,_____,_____,________sssss________,_____,_____,_____,_____s",
        " s_____,_____,_____,_____,_____________________,_____,_____,_____,_____s",
        " s_____________________________________________________________________s",
        " s_____________________________________________________________________s",
        " s_____________________________________________________________________s",
        " s_____________________________________________________________________s",
        " s_____________________________________________________________________s",
        " s_____,_____,_____,_____,_____________________,_____,_____,_____,_____s",
        " s___V_,_____,___V_,_____,________sssss________,_____,_V___,_____,_V___s",
        " s_____,_____,_____,_____,________s'''s________,_____,_____,_____,_____s",
        " s_____,_____,_____,_____,________s'''s________,_____,_____,_____,_____s",
        " s_____,_____,_____,_____,________s'''s________,_____,_____,_____,_____s",
        " s_____,_____,_____,_____,________s'''s________,_____,_____,_____,_____s",
        " sssssssssssssssssssssssss________s'''s________sssssssssssssssssssssssss",
        " sssssssssssssssssssssssss________s'''s________sssssssssssssssssssssssss",
        " s_____,_____,_____,_____,________s'''s________,_____,_____,_____,_____s",
        " s_____,_____,_____,_____,________s'''s________,_____,_____,_____,_____s",
        " s_____,_____,_____,_____,________sssss________,_____,_____,_____,_____s",
        " s_____,_____,_____,_____,_____________________,_____,_____,_____,_____s"
      ],
      "palettes": [ "hotel_tower_palette.json" ],
      "vehicles": { "V": { "vehicle": "suburban_home", "chance": 50, "rotation": 270 } },
      "terrain": { "V": "t_pavement" },
      "place_monsters": [
        { "monster": "GROUP_ZOMBIE", "x": [ 0, 23 ], "y": [ 0, 23 ], "chance": 2 },
        { "monster": "GROUP_ZOMBIE", "x": [ 24, 47 ], "y": [ 0, 23 ], "chance": 2 },
        { "monster": "GROUP_ZOMBIE", "x": [ 48, 71 ], "y": [ 0, 23 ], "chance": 2 }
      ]
    }
  },
  {
    "method": "json",
    "om_terrain": [ [ "hotel_tower_1_6", "hotel_tower_1_5", "hotel_tower_1_4" ] ],
    "type": "mapgen",
    "weight": 250,
    "object": {
      "fill_ter": "t_floor",
      "rows": [
        " s_____,_____,_____,_____,_____________________,_____,_____,_____,_____s",
        " s_____,_____,_____,_____,_____________________,_____,_____,_____,_____s",
        " s_____________________________________________________________________s",
        " s_____________________________________________________________________s",
        " s_____________________________________________________________________s",
        " s_____________________________________________________________________s",
        " s_____________________________________________________________________s",
        " s___________________________sssssssssssssss___________________________s",
        " s_____,_____,_____,_____,_sssssssssssssssssss_,_____,_____,_____,_____s",
        " s_____,_____,_____,_____,sssssssssssssssssssss,_____,_V___,_____,_____s",
        " s_____,_____,_____,_____,ssssss%HHGGGHH%ssssss,_____,_____,_____,_____s",
        " s_____,___v_,_____,_____,sssss%%^.....^%%sssss,_____,_____,_____,___v_s",
        " s_____,_____,_____,_____,ssss%%^......Yc%%ssss,_____,_____,_____,_____s",
        " s_____,_____,_____,_____,sss%%^.......YcD%%sss,_____,_____,_____,_____s",
        " ssssssssssssssssssssssssssssH^........YcxDHssssssssssssssssssssssssssss",
        " ssssssssssssssssssssssssssssH..........ch.Hssssssssssssssssssssssssssss",
        " s'''''''''''''''''''''''''''H.j.t......c..H'''''''''''''''''''''''''''s",
        " s'''''''''''''''''''''''''''H.j.t......ch.H'''''''''''''''''''''''''''s",
        " s''''''''''T'''''T'''''''T''H.j........c..H''T'''''''T'''''T''''''''''s",
        " s'''''''''''''''''''''''''''%.jjj......c.L%'''''''''''''''''''''''''''s",
        " s''''%%www%%%www%%%www%%%www%%.........%+%%www%%%www%%%www%%%www%%''''s",
        " s''''%...Ld|....d|....d|....d|...........|d..ht|d....|d..L.|d....%''''s",
        " s''''%c..BB|o..BB|c.LBB|c..BB|h.........h|BB..h|BB..o|BB..c|BB..c%''''s",
        " s''''%c..BB|c..BB|o..BB|c.LBB|t.........t|BB..c|BB..c|BB..o|BB..o%''''s"
      ],
      "palettes": [ "hotel_tower_palette.json" ],
      "terrain": { "V": "t_pavement", "w": "t_window_domestic", "x": "t_console_broken" },
      "furniture": { "D": "f_desk" },
      "items": {
        "B": { "item": "bed", "chance": 100 },
        "L": { "item": "hotel_luggage", "chance": 100 },
        "c": { "item": "magazines", "chance": 100 },
        "d": { "item": "book_hotel_tower_bible", "chance": 2 },
        "o": { "item": "hotel_coffee_bar", "chance": 100 }
      },
      "vehicles": {
        "V": { "vehicle": "suburban_home", "chance": 60, "rotation": 270 },
        "v": { "vehicle": "suburban_home", "chance": 60, "rotation": 90 }
      },
      "place_monsters": [
        { "monster": "GROUP_ZOMBIE", "x": [ 7, 23 ], "y": [ 0, 23 ] },
        { "monster": "GROUP_ZOMBIE", "x": [ 24, 47 ], "y": [ 7, 23 ], "repeat": 2 },
        { "monster": "GROUP_ZOMBIE", "x": [ 49, 65 ], "y": [ 0, 23 ] }
      ]
    }
  },
  {
    "method": "json",
    "om_terrain": [ [ "hotel_tower_flr2_1_6", "hotel_tower_flr2_1_5", "hotel_tower_flr2_1_4" ] ],
    "type": "mapgen",
    "weight": 250,
    "object": {
      "fill_ter": "t_floor",
      "rows": [
        "************************************************************************",
        "************************************************************************",
        "************************************************************************",
        "************************************************************************",
        "************************************************************************",
        "************************************************************************",
        "************************************************************************",
        "************************************************************************",
        "************************************************************************",
        "************************************************************************",
        "********************************111111111*******************************",
        "*******************************11111011111******************************",
        "******************************1111100011111*****************************",
        "*****************************111110000011111****************************",
        "*****************************111100000001111****************************",
        "*****************************111000000000111****************************",
        "*****************************111000000000111****************************",
        "*****************************111000000000111****************************",
        "*****************************111000000000111****************************",
        "*****************************111111111111111****************************",
        "******%%www%%%www%%%www%%%www%%H%%HHHHH%%H%%www%%%www%%%www%%%www%%*****",
        "******%...Ld|....d|....d|....d|^...^^....^|d..ht|d....|d..L.|d....%*****",
        "******%c..BB|o..BB|c.LBB|c..BB|h.........h|BB..h|BB..o|BB..c|BB..c%*****",
        "******%c..BB|c..BB|o..BBXc.LBB|t.........t|BB..cXBB..c|BB..o|BB..o%*****"
      ],
      "palettes": [ "hotel_tower_palette.json" ],
      "terrain": { "w": "t_window_domestic", "x": "t_console_broken" },
      "furniture": { "D": "f_desk" },
      "items": {
        "B": { "item": "bed", "chance": 100 },
        "L": { "item": "hotel_luggage", "chance": 100 },
        "c": { "item": "magazines", "chance": 100 },
        "d": { "item": "book_hotel_tower_bible", "chance": 2 },
        "o": { "item": "hotel_coffee_bar", "chance": 100 }
      },
      "place_monsters": [
        { "monster": "GROUP_ZOMBIE", "x": [ 7, 23 ], "y": [ 21, 23 ] },
        { "monster": "GROUP_ZOMBIE", "x": [ 24, 47 ], "y": [ 21, 23 ], "repeat": 2 },
        { "monster": "GROUP_ZOMBIE", "x": [ 49, 65 ], "y": [ 21, 23 ] }
      ]
    }
  },
  {
    "method": "json",
    "om_terrain": [ [ "hotel_tower_flr3_1_6", "hotel_tower_flr3_1_5", "hotel_tower_flr3_1_4" ] ],
    "type": "mapgen",
    "weight": 250,
    "object": {
      "fill_ter": "t_floor",
      "rows": [
        "************************************************************************",
        "************************************************************************",
        "************************************************************************",
        "************************************************************************",
        "************************************************************************",
        "************************************************************************",
        "************************************************************************",
        "************************************************************************",
        "************************************************************************",
        "************************************************************************",
        "************************************************************************",
        "************************************************************************",
        "************************************************************************",
        "************************************************************************",
        "************************************************************************",
        "************************************************************************",
        "************************************************************************",
        "************************************************************************",
        "************************************************************************",
        "************************************************************************",
        "******%%www%%%www%%%www%%%www%%%H%%HHH%%H%%%www%%%www%%%www%%%www%%*****",
        "******%...Ld|....d|....d|....d|^.........^|d..ht|d....|d..L.|d....%*****",
        "******%c..BB|o..BB|c.LBB|c..BB|h.........h|BB..h|BB..o|BB..c|BB..c%*****",
        "******%c..BB|c..BB|o..BB|c.LBB|t.........t|BB..c|BB..c|BB..o|BB..o%*****"
      ],
      "palettes": [ "hotel_tower_palette.json" ],
      "terrain": { "w": "t_window_domestic", "x": "t_console_broken" },
      "furniture": { "D": "f_desk" },
      "items": {
        "B": { "item": "bed", "chance": 100 },
        "L": { "item": "hotel_luggage", "chance": 100 },
        "c": { "item": "magazines", "chance": 100 },
        "d": { "item": "book_hotel_tower_bible", "chance": 2 },
        "o": { "item": "hotel_coffee_bar", "chance": 100 }
      },
      "place_monsters": [
        { "monster": "GROUP_ZOMBIE", "x": [ 7, 23 ], "y": [ 21, 23 ] },
        { "monster": "GROUP_ZOMBIE", "x": [ 24, 47 ], "y": [ 21, 23 ], "repeat": 2 },
        { "monster": "GROUP_ZOMBIE", "x": [ 49, 65 ], "y": [ 21, 23 ] }
      ]
    }
  },
  {
    "method": "json",
    "om_terrain": [ [ "hotel_tower_flr4_1_6", "hotel_tower_flr4_1_5", "hotel_tower_flr4_1_4" ] ],
    "type": "mapgen",
    "weight": 250,
    "object": {
      "fill_ter": "t_floor",
      "rows": [
        "************************************************************************",
        "************************************************************************",
        "************************************************************************",
        "************************************************************************",
        "************************************************************************",
        "************************************************************************",
        "************************************************************************",
        "************************************************************************",
        "************************************************************************",
        "************************************************************************",
        "************************************************************************",
        "************************************************************************",
        "************************************************************************",
        "************************************************************************",
        "************************************************************************",
        "************************************************************************",
        "************************************************************************",
        "************************************************************************",
        "************************************************************************",
        "************************************************************************",
        "******%%www%%%www%%%www%%%www%%%H%%HHH%%H%%%www%%%www%%%www%%%www%%*****",
        "******%...Ld|....d|....d|....d|^.........^|d..ht|d....|d..L.|d....%*****",
        "******%c..BB|o..BB|c.LBB|c..BB|h.........h|BB..h|BB..o|BB..c|BB..c%*****",
        "******%c..BB|c..BB|o..BB|c.LBB|t.........t|BB..c|BB..c|BB..o|BB..o%*****"
      ],
      "palettes": [ "hotel_tower_palette.json" ],
      "terrain": { "w": "t_window_domestic", "x": "t_console_broken" },
      "furniture": { "D": "f_desk" },
      "items": {
        "B": { "item": "bed", "chance": 100 },
        "L": { "item": "hotel_luggage", "chance": 100 },
        "c": { "item": "magazines", "chance": 100 },
        "d": { "item": "book_hotel_tower_bible", "chance": 2 },
        "o": { "item": "hotel_coffee_bar", "chance": 100 }
      },
      "place_monsters": [
        { "monster": "GROUP_ZOMBIE", "x": [ 7, 23 ], "y": [ 21, 23 ] },
        { "monster": "GROUP_ZOMBIE", "x": [ 24, 47 ], "y": [ 21, 23 ], "repeat": 2 },
        { "monster": "GROUP_ZOMBIE", "x": [ 49, 65 ], "y": [ 21, 23 ] }
      ]
    }
  },
  {
    "method": "json",
    "om_terrain": [ [ "hotel_tower_roof_1_6", "hotel_tower_roof_1_5", "hotel_tower_roof_1_4" ] ],
    "type": "mapgen",
    "weight": 250,
    "object": {
      "fill_ter": "t_flat_roof",
      "rows": [
        "                                                                        ",
        "                                                                        ",
        "                                                                        ",
        "                                                                        ",
        "                                                                        ",
        "                                                                        ",
        "                                                                        ",
        "                                                                        ",
        "                                                                        ",
        "                                                                        ",
        "                                                                        ",
        "                                                                        ",
        "                                                                        ",
        "                                                                        ",
        "                                                                        ",
        "                                                                        ",
        "                                                                        ",
        "                                                                        ",
        "                                                                        ",
        "                                                                        ",
        "      -------------------------------------------------------------     ",
        "      -...........................................................-     ",
        "      -...........................................................-     ",
        "      -...........................................................-     "
      ],
      "palettes": [ "roof_palette" ]
    }
  },
  {
    "method": "json",
    "om_terrain": [ [ "hotel_tower_1_9", "hotel_tower_1_8", "hotel_tower_1_7" ] ],
    "type": "mapgen",
    "weight": 250,
    "object": {
      "fill_ter": "t_floor",
      "rows": [
        " s''''%o....|c....|c....|c....|t.........t|d...c|....c|....c|....c%''''s",
        " s''''%....h|...Lh|....h|....h|h.........h|BB..c|h...L|h....|h....%''''s",
        " s''''%...ht|...ht|...ht|...ht|^.........^|BB...|th...|th...|th...%''''s",
        " s''''%..|--|..|--|..|--|..|--|---|...|---|--|..|--|..|--|..|--|..%''''s",
        " s''''%..+.S|..+.S|..+.S|..+.S|888G...|x88|S.+..|S.+..|S.+..|S.+..%''''s",
        " s'''4%..|.&|..|.&|..|.&|..|.&|888G...G888|&.|..|&.|..|&.|..|&.|..%4'''s",
        " s'%%%%..|bb|..|bb|..|bb|..|bb|88x|...G888|bb|..|bb|..|bb|..|bb|..%%%%'s",
        " s'%<>%-7|--|-7|--|-7|--|-7|--|---|...|---|--|7-|--|7-|--|7-|--|7-%><%'s",
        " ss%..%...........................................................%..%ss",
        " ss=..+...........................................................+..=ss",
        " ss%..%^..........................................................%..%ss",
        "   %UF%-7|--|-7|--|-7|--|-7|--|-7|--|--|7-|--|7-|--|7-|--|7-|--|7-%UF%  ",
        "   %%%%..|bb|..|bb|..|bb|..|bb|..|bb|bb|..|bb|..|bb|..|bb|..|bb|..%%%%  ",
        "      %..|.&|..|.&|..|.&|..|.&|..|.&|&.|..|&.|..|&.|..|&.|..|&.|..%     ",
        "      %..+.S|..+.S|..+.S|..+.S|..+.S|S.+..|S.+..|S.+..|S.+..|S.+..%     ",
        "      %..|--|..|--|..|--|..|--|..|--|--|..|--|..|--|..|--|..|--|..%     ",
        "      %..Lht|..LBB|...ht|...ht|...ht|BB..L|th...|th...|BB...|th...%     ",
        "      %....h|o..BB|....h|....h|....h|BB..c|h....|h....|BB..c|h....%     ",
        "      %c....|c...d|c....|c...L|o....|d...c|....c|....o|dL..c|....o%     ",
        "      %o..BB|c..BB|c..BB|c..BB|c..BB|BB..o|BB..o|BB..c|BB..o|BB..c%     ",
        "      %c..BB|h..BB|o..BB|o..BB|c..BB|BB..h|BB..c|BB..c|BB..h|BB..c%     ",
        "      %....d|th..d|....d|....d|....d|d..ht|d....|dL...|d..ht|d....%     ",
        "      %%www%%%www%%%www%%%www%%%www%%%www%%%www%%%www%%%www%%%www%%     ",
        "                                                                        "
      ],
      "palettes": [ "hotel_tower_palette.json" ],
      "terrain": { "+": [ "t_door_c", "t_door_c", "t_door_o" ], "w": "t_window_domestic" },
      "toilets": { "&": {  } },
      "items": {
        "B": { "item": "bed", "chance": 100 },
        "L": { "item": "hotel_luggage", "chance": 100 },
        "c": { "item": "magazines", "chance": 100 },
        "d": { "item": "book_hotel_tower_bible", "chance": 2 },
        "o": { "item": "hotel_coffee_bar", "chance": 100 }
      },
      "item": { "S": { "item": "towel", "chance": 100, "amount": [ 1, 2 ] } },
      "place_monsters": [
        { "monster": "GROUP_ZOMBIE", "x": [ 7, 23 ], "y": [ 0, 22 ], "repeat": 2 },
        { "monster": "GROUP_ZOMBIE", "x": [ 24, 47 ], "y": [ 23, 3 ], "repeat": 2 },
        { "monster": "GROUP_ZOMBIE", "x": [ 49, 65 ], "y": [ 0, 22 ], "repeat": 2 }
      ]
    }
  },
  {
    "method": "json",
    "om_terrain": [ [ "hotel_tower_flr2_1_9", "hotel_tower_flr2_1_8", "hotel_tower_flr2_1_7" ] ],
    "type": "mapgen",
    "weight": 250,
    "object": {
      "fill_ter": "t_floor",
      "rows": [
        "******%o....|c....|c....|c....|t.........t|d...c|....c|....c|....c%*****",
        "******%....h|...Lh|....h|....h|h.........h|BB..c|h...L|h....|h....%*****",
        "******%...ht|...ht|...ht|...ht|^.........^|BB...|th...|th...|th...%*****",
        "******%..|--|..|--|..|--|..|--|---|...|---|--|..|--|..|--|..|--|..%*****",
        "******%..+.S|..+.S|..+.S|..+.S|888G...|x88|S.+..|S.+..|S.+..|S.+..%*****",
        "****4*%..|.&|..|.&|..|.&|..|.&|888G...G888|&.|..|&.|..|&.|..|&.|..%*4***",
        "***%%%%..|bb|..|bb|..|bb|..|bb|88x|...G888|bb|..|bb|..|bb|..|bb|..%%%%**",
        "***%><%-7|--|-7|--|-7|--|-7|--|---|...|---|--|7-|--|7-|--|7-|--|7-%<>%**",
        "***H..%...........................................................%..H**",
        "***H..+...........................................................+..H**",
        "***H..%^..........................................................%..H**",
        "***%UF%-7|--|-7|--|-7|--|-7|--|-7|--|--|7-|--|7-|--|7-|--|7-|--|7-%UF%**",
        "***%%%%..|bb|..|bb|..|bb|..|bb|..|bb|bb|..|bb|..|bb|..|bb|..|bb|..%%%%**",
        "******%..|.&|..|.&|..|.&|..|.&|..|.&|&.|..|&.|..|&.|..|&.|..|&.|..%*****",
        "******%..+.S|..+.S|..+.S|..+.S|..+.S|S.+..|S.+..|S.+..|S.+..|S.+..%*****",
        "******%..|--|..|--|..|--|..|--|..|--|--|..|--|..|--|..|--|..|--|..%*****",
        "******%..Lht|..LBB|...ht|...ht|...ht|BB..L|th...|th...|BB...|th...%*****",
        "******%....h|o..BB|....h|....h|....h|BB..c|h....|h....|BB..c|h....%*****",
        "******%c....|c...d|c....|c...L|o....|d...c|....c|....o|dL..c|....o%*****",
        "******%o..BB|c..BB|c..BB|c..BB|c..BB|BB..o|BB..o|BB..c|BB..o|BB..c%*****",
        "******%c..BB|h..BB|o..BB|o..BB|c..BB|BB..h|BB..c|BB..c|BB..h|BB..c%*****",
        "******%....d|th..d|....d|....d|....d|d..ht|d....|dL...|d..ht|d....%*****",
        "******%%www%%%www%%%www%%%www%%%www%%%www%%%www%%%www%%%www%%%www%%*****",
        "************************************************************************"
      ],
      "palettes": [ "hotel_tower_palette.json" ],
      "terrain": { "+": [ "t_door_c", "t_door_c", "t_door_o" ], "w": "t_window_domestic" },
      "toilets": { "&": {  } },
      "items": {
        "B": { "item": "bed", "chance": 100 },
        "L": { "item": "hotel_luggage", "chance": 100 },
        "c": { "item": "magazines", "chance": 100 },
        "d": { "item": "book_hotel_tower_bible", "chance": 2 },
        "o": { "item": "hotel_coffee_bar", "chance": 100 }
      },
      "item": { "S": { "item": "towel", "chance": 3, "amount": [ 1, 2 ] } },
      "place_monsters": [
        { "monster": "GROUP_ZOMBIE", "x": [ 7, 23 ], "y": [ 0, 22 ], "repeat": 2 },
        { "monster": "GROUP_ZOMBIE", "x": [ 24, 47 ], "y": [ 23, 3 ], "repeat": 2 },
        { "monster": "GROUP_ZOMBIE", "x": [ 49, 65 ], "y": [ 0, 22 ], "repeat": 2 }
      ]
    }
  },
  {
    "method": "json",
    "om_terrain": [ [ "hotel_tower_flr3_1_9", "hotel_tower_flr3_1_8", "hotel_tower_flr3_1_7" ] ],
    "type": "mapgen",
    "weight": 250,
    "object": {
      "fill_ter": "t_floor",
      "rows": [
        "******%o....|c....|c....|c....|t.........t|d...c|....c|....c|....c%*****",
        "******%....h|...Lh|....h|....h|h.........h|BB..c|h...L|h....|h....%*****",
        "******%...ht|...ht|...ht|...ht|^.........^|BB...|th...|th...|th...%*****",
        "******%..|--|..|--|..|--|..|--|---|...|---|--|..|--|..|--|..|--|..%*****",
        "******%..+.S|..+.S|..+.S|..+.S|888G...|x88|S.+..|S.+..|S.+..|S.+..%*****",
        "*****4%..|.&|..|.&|..|.&|..|.&|888G...G888|&.|..|&.|..|&.|..|&.|..%4****",
        "***%%%%..|bb|..|bb|..|bb|..|bb|88x|...G888|bb|..|bb|..|bb|..|bb|..%%%%**",
        "***%<>%-7|--|-7|--|-7|--|-7|--|---|...|---|--|7-|--|7-|--|7-|--|7-%><%**",
        "***H..%...........................................................%..H**",
        "***H..+...........................................................+..H**",
        "***H..%^..........................................................%..H**",
        "***%UF%-7|--|-7|--|-7|--|-7|--|-7|--|--|7-|--|7-|--|7-|--|7-|--|7-%UF%**",
        "***%%%%..|bb|..|bb|..|bb|..|bb|..|bb|bb|..|bb|..|bb|..|bb|..|bb|..%%%%**",
        "******%..|.&|..|.&|..|.&|..|.&|..|.&|&.|..|&.|..|&.|..|&.|..|&.|..%*****",
        "******%..+.S|..+.S|..+.S|..+.S|..+.S|S.+..|S.+..|S.+..|S.+..|S.+..%*****",
        "******%..|--|..|--|..|--|..|--|..|--|--|..|--|..|--|..|--|..|--|..%*****",
        "******%..Lht|..LBB|...ht|...ht|...ht|BB..L|th...|th...|BB...|th...%*****",
        "******%....h|o..BB|....h|....h|....h|BB..c|h....|h....|BB..c|h....%*****",
        "******%c....|c...d|c....|c...L|o....|d...c|....c|....o|dL..c|....o%*****",
        "******%o..BB|c..BB|c..BB|c..BB|c..BB|BB..o|BB..o|BB..c|BB..o|BB..c%*****",
        "******%c..BB|h..BB|o..BB|o..BB|c..BB|BB..h|BB..c|BB..c|BB..h|BB..c%*****",
        "******%....d|th..d|....d|....d|....d|d..ht|d....|dL...|d..ht|d....%*****",
        "******%%www%%%www%%%www%%%www%%%www%%%www%%%www%%%www%%%www%%%www%%*****",
        "************************************************************************"
      ],
      "palettes": [ "hotel_tower_palette.json" ],
      "terrain": { "+": [ "t_door_c", "t_door_c", "t_door_o" ], "w": "t_window_domestic" },
      "toilets": { "&": {  } },
      "items": {
        "B": { "item": "bed", "chance": 100 },
        "L": { "item": "hotel_luggage", "chance": 100 },
        "c": { "item": "magazines", "chance": 100 },
        "d": { "item": "book_hotel_tower_bible", "chance": 2 },
        "o": { "item": "hotel_coffee_bar", "chance": 100 }
      },
      "item": { "S": { "item": "towel", "chance": 3, "amount": [ 1, 2 ] } },
      "place_monsters": [
        { "monster": "GROUP_ZOMBIE", "x": [ 7, 23 ], "y": [ 0, 22 ], "repeat": 2 },
        { "monster": "GROUP_ZOMBIE", "x": [ 24, 47 ], "y": [ 23, 3 ], "repeat": 2 },
        { "monster": "GROUP_ZOMBIE", "x": [ 49, 65 ], "y": [ 0, 22 ], "repeat": 2 }
      ]
    }
  },
  {
    "method": "json",
    "om_terrain": [ [ "hotel_tower_flr4_1_9", "hotel_tower_flr4_1_8", "hotel_tower_flr4_1_7" ] ],
    "type": "mapgen",
    "weight": 250,
    "object": {
      "fill_ter": "t_floor",
      "rows": [
        "******%o....|c....|c....|c....|t.........t|d...c|....c|....c|....c%*****",
        "******%....h|...Lh|....h|....h|h.........h|BB..c|h...L|h....|h....%*****",
        "******%...ht|...ht|...ht|...ht|^.........^|BB...|th...|th...|th...%*****",
        "******%..|--|..|--|..|--|..|--|---|...|---|--|..|--|..|--|..|--|..%*****",
        "******%..+.S|..+.S|..+.S|..+.S|888G...|x88|S.+..|S.+..|S.+..|S.+..%*****",
        "****4*%..|.&|..|.&|..|.&|..|.&|888G...G888|&.|..|&.|..|&.|..|&.|..%*4***",
        "***%%%%..|bb|..|bb|..|bb|..|bb|88x|...G888|bb|..|bb|..|bb|..|bb|..%%%%**",
        "***%>F%-7|--|-7|--|-7|--|-7|--|---|...|---|--|7-|--|7-|--|7-|--|7-%F>%**",
        "***H.U%...........................................................%U.H**",
        "***H..+...........................................................+..H**",
        "***%7%%^..........................................................%%7%**",
        "***%.<%-7|--|-7|--|-7|--|-7|--|-7|--|--|7-|--|7-|--|7-|--|7-|--|7-%<.%**",
        "***%%%%..|bb|..|bb|..|bb|..|bb|..|bb|bb|..|bb|..|bb|..|bb|..|bb|..%%%%**",
        "******%..|.&|..|.&|..|.&|..|.&|..|.&|&.|..|&.|..|&.|..|&.|..|&.|..%*****",
        "******%..+.S|..+.S|..+.S|..+.S|..+.S|S.+..|S.+..|S.+..|S.+..|S.+..%*****",
        "******%..|--|..|--|..|--|..|--|..|--|--|..|--|..|--|..|--|..|--|..%*****",
        "******%..Lht|..LBB|...ht|...ht|...ht|BB..L|th...|th...|BB...|th...%*****",
        "******%....h|o..BB|....h|....h|....h|BB..c|h....|h....|BB..c|h....%*****",
        "******%c....|c...d|c....|c...L|o....|d...c|....c|....o|dL..c|....o%*****",
        "******%o..BB|c..BB|c..BB|c..BB|c..BB|BB..o|BB..o|BB..c|BB..o|BB..c%*****",
        "******%c..BB|h..BB|o..BB|o..BB|c..BB|BB..h|BB..c|BB..c|BB..h|BB..c%*****",
        "******%....d|th..d|....d|....d|....d|d..ht|d....|dL...|d..ht|d....%*****",
        "******%%www%%%www%%%www%%%www%%%www%%%www%%%www%%%www%%%www%%%www%%*****",
        "************************************************************************"
      ],
      "palettes": [ "hotel_tower_palette.json" ],
      "terrain": { "+": [ "t_door_c", "t_door_c", "t_door_o" ], "w": "t_window_domestic" },
      "toilets": { "&": {  } },
      "items": {
        "B": { "item": "bed", "chance": 100 },
        "L": { "item": "hotel_luggage", "chance": 100 },
        "c": { "item": "magazines", "chance": 100 },
        "d": { "item": "book_hotel_tower_bible", "chance": 2 },
        "o": { "item": "hotel_coffee_bar", "chance": 100 }
      },
      "item": { "S": { "item": "towel", "chance": 3, "amount": [ 1, 2 ] } },
      "place_monsters": [
        { "monster": "GROUP_ZOMBIE", "x": [ 7, 23 ], "y": [ 0, 22 ], "repeat": 2 },
        { "monster": "GROUP_ZOMBIE", "x": [ 24, 47 ], "y": [ 23, 3 ], "repeat": 2 },
        { "monster": "GROUP_ZOMBIE", "x": [ 49, 65 ], "y": [ 0, 22 ], "repeat": 2 }
      ]
    }
  },
  {
    "method": "json",
    "om_terrain": [ [ "hotel_tower_roof_1_9", "hotel_tower_roof_1_8", "hotel_tower_roof_1_7" ] ],
    "type": "mapgen",
    "weight": 250,
    "object": {
      "fill_ter": "t_flat_roof",
      "rows": [
        "      -...........................................................-     ",
        "      -...........................................................-     ",
        "      -...........................................................-     ",
        "      -...........................................................-     ",
        "      -...........................................................-     ",
        "      -...........................................................-     ",
        "   --5-..%%%%%%%%%%%%%%%%%%%%%%%%%DD%%%%%%%%%%%%%%%%%%%%%%%%%%%%..-5--  ",
        "   -.....%.....................................................%.....-  ",
        "   -.....%.....YYYYY.................................YYYYY.....%.....-  ",
        "   ########....66666.................................66666.....#######  ",
        "   #______+.....................AAAAAA.........................+____H#  ",
        "   #_>_HHH#.....................AAAAAA.........................#___>H#  ",
        "   ########.....................AAAAAA.........................#######  ",
        "      -..%.....66666.................................66666.....%..-     ",
        "      -..%.....YYYYY.................................YYYYY.....%..-     ",
        "      -..%.....................................................%..-     ",
        "      -..%%%%%%%%%%%%%%%%%%%%%%%%%DD%%%%%%%%%%%%%%%%%%%%%%%%%%%%..-     ",
        "      -...........................................................-     ",
        "      -...........................................................-     ",
        "      -...........................................................-     ",
        "      -...........................................................-     ",
        "      -...........................................................-     ",
        "      -------------------------------------------------------------     ",
        "                                                                        "
      ],
      "palettes": [ "roof_palette" ],
      "terrain": {
        ">": [ "t_stairs_down" ],
        "#": "t_adobe_brick_wall",
        "_": "t_thconc_floor",
        "+": "t_door_metal_c",
        "D": "t_chaingate_l",
        "%": "t_chainfence",
        "H": "t_generator_broken"
      },
      "furniture": { "Y": "f_standing_tank", "6": "f_water_heater", "7": "f_roof_turbine_vent" },
      "liquids": { "6": { "liquid": "water", "amount": [ 0, 100 ] }, "Y": { "liquid": "water_clean", "amount": [ 100, 1000 ] } },
      "place_monsters": [
        { "monster": "GROUP_ROOF_ZOMBIE", "x": [ 7, 23 ], "y": [ 0, 22 ], "repeat": 2 },
        { "monster": "GROUP_ROOF_ZOMBIE", "x": [ 24, 47 ], "y": [ 23, 3 ], "repeat": 2 },
        { "monster": "GROUP_ROOF_ZOMBIE", "x": [ 49, 65 ], "y": [ 0, 22 ], "repeat": 2 }
      ]
    }
  },
  {
    "method": "json",
    "om_terrain": [ [ "hotel_tower_b_3", "hotel_tower_b_2", "hotel_tower_b_1" ] ],
    "type": "mapgen",
    "weight": 250,
    "object": {
      "fill_ter": "t_thconc_floor",
      "rows": [
        "########################|-----|-----------|-----|#######################",
        "########################|&+...|.rrr...l..l|...+&|#######################",
        "########################|-|..c|..........l|c..|-|#######################",
        "########################|&+..S|---|-+-|---|S..+&|#######################",
        "########################|-|..c|888+..^|x88|c..|-|#######################",
        "########################|.+..S|888+...+888|S..+.|#######################",
        "###|--|#################|&|..c|88x|...+888|c..|&|#################|--|##",
        "###|UF|-----------------|---+-|---|HGH|---|-+---|-----------------|UF|##",
        "###|..|^.............mmmm......................mmmm..............^|..|##",
        "###|..+...........................................................+..|##",
        "###|..|...........................................................|..|##",
        "###|.<|-------++---|...............................|-HHHHHHHH-----|<.|##",
        "###|--|cWWWW......r|m...sssssssssssssssssssssss....|^.............|--|##",
        "######|c..........r|m...s999999999999999999999s....6..E..E..E..E..|#####",
        "######|S..........r|m...s999999999999999999999s....6..............|#####",
        "######|cDDDDrr....r|....s999999999999999999999s....G..E..E..E..E..|#####",
        "######|--------=---|.ssss999999999999999999999s....6..............|#####",
        "######|............|.swwwwww999999999999999999s....6...22222222...|#####",
        "######|...$........|.swwwwww999999999999999999s....6...22222222...|#####",
        "######|...$........|.swwwwwwsssssssssssssssssss....6...22222222...|#####",
        "######|$$$$$PP$$$$.|.swwwwwws......................|..............|#####",
        "######|............|^ssssssss..^rrr^..........mmmm^|...UF.mmm.mmm.|#####",
        "######|------------|-------------------------------|--------------|#####",
        "########################################################################"
      ],
      "palettes": [ "hotel_tower_palette.json" ],
      "set": [
        { "point": "trap", "id": "tr_rollmat", "x": [ 56, 61 ], "y": 17, "repeat": [ 2, 4 ] },
        { "point": "trap", "id": "tr_rollmat", "x": [ 56, 61 ], "y": 18, "repeat": [ 2, 4 ] },
        { "point": "trap", "id": "tr_rollmat", "x": [ 56, 61 ], "y": 19, "repeat": [ 2, 4 ] }
      ],
      "terrain": { "=": "t_door_locked_interior", ".": "t_thconc_floor", "|": "t_concrete_wall", "-": "t_concrete_wall" },
      "vendingmachines": { "U": { "item_group": "vending_drink" }, "F": { "item_group": "vending_food" } },
      "items": { "l": { "item": "cleaning", "chance": 100 } },
      "item": { "r": { "item": "towel", "chance": 100, "amount": [ 1, 2 ] } },
      "toilets": { "&": {  } },
      "place_monsters": [
        { "monster": "GROUP_HOTEL_POOL", "x": [ 24, 46 ], "y": [ 12, 19 ], "repeat": 2 },
        { "monster": "GROUP_HOTEL_GYM", "x": [ 52, 65 ], "y": [ 12, 21 ], "repeat": 2 }
      ]
    }
  },
  {
    "type": "mapgen",
    "method": "json",
    "om_terrain": [ "hotel_tower_1_5B" ],
    "weight": 250,
    "object": {
      "fill_ter": "t_floor",
      "rows": [
        "_,_____________________,",
        "_,_____________________,",
        "________________________",
        "________________________",
        "________________________",
        "________________________",
        "________________________",
        "__sssssssssssssssssssss_",
        "_,sssssssssssssssssssss,",
        "_,sssssssssssssssssssss,",
        "_,sss%HHHGGHHHGGHHH%sss,",
        "_,sssH............^%sss,",
        "_,sssH^............Hsss,",
        "_,sss%cccc.........Hsss,",
        "sssss%LL.c.........Hssss",
        "sssss%...x......hh.%ssss",
        "'''''%h..c......tt.H''''",
        "'''''%D.r%......tt.H''''",
        "''T''%%+%%......hh.H''T'",
        "'''''%^............%''''",
        "%%www%%...........%%www%",
        "%....d|...........|d..ht",
        "%c..BB|h.........h|BB..h",
        "%c.LBB|t.........t|BB..c"
      ],
      "palettes": [ "hotel_tower_palette.json" ],
      "terrain": { "+": [ "t_door_c", "t_door_c", "t_door_o" ], "w": "t_window_domestic", "x": "t_console_broken" },
      "furniture": { "D": "f_desk" },
      "items": {
        "B": { "item": "bed", "chance": 100 },
        "L": { "item": "hotel_luggage", "chance": 100 },
        "c": { "item": "magazines", "chance": 100 },
        "d": { "item": "book_hotel_tower_bible", "chance": 2 }
      },
      "place_monsters": [ { "monster": "GROUP_ZOMBIE", "x": [ 0, 23 ], "y": [ 7, 23 ], "repeat": 2 } ],
      "place_vehicles": [ { "vehicle": "luggage_cart", "x": [ 10, 15 ], "y": [ 11, 19 ], "chance": 100, "repeat": [ 1, 3 ] } ]
    }
  },
  {
    "type": "mapgen",
    "method": "json",
    "om_terrain": [ "hotel_tower_flr2_1_5B" ],
    "weight": 250,
    "object": {
      "fill_ter": "t_floor",
      "rows": [
        "************************",
        "************************",
        "************************",
        "************************",
        "************************",
        "************************",
        "************************",
        "************************",
        "************************",
        "************************",
        "*****111111111111111****",
        "*****111111111111111****",
        "*****111111111111111****",
        "*****111111111111111****",
        "*****111111111000111****",
        "*****111111111000111****",
        "*****111111111000111****",
        "*****111111111111111****",
        "*****111111111111111****",
        "*****111111111111111****",
        "%%www%%%%H%HHHH%H%%%www%",
        "|....d|...^jjjj^..|d..ht",
        "|c..BB|h.........h|BB..h",
        "|c.LBB|t.........t|BB..c"
      ],
      "palettes": [ "hotel_tower_palette.json" ],
      "terrain": { "+": [ "t_door_c", "t_door_c", "t_door_o" ], "w": "t_window_domestic", "x": "t_console_broken" },
      "furniture": { "D": "f_desk" },
      "items": {
        "B": { "item": "bed", "chance": 100 },
        "L": { "item": "hotel_luggage", "chance": 100 },
        "c": { "item": "magazines", "chance": 100 },
        "d": { "item": "book_hotel_tower_bible", "chance": 2 }
      },
      "place_monsters": [ { "monster": "GROUP_ZOMBIE", "x": [ 7, 23 ], "y": [ 21, 23 ] } ],
      "place_vehicles": [ { "vehicle": "luggage_cart", "x": [ 10, 15 ], "y": [ 11, 19 ], "chance": 100, "repeat": [ 1, 3 ] } ]
    }
  },
  {
    "type": "mapgen",
    "method": "json",
    "om_terrain": [ "hotel_tower_1_5C" ],
    "weight": 250,
    "object": {
      "fill_ter": "t_floor",
      "rows": [
        "________________________",
        "________________________",
        "________________________",
        "________________________",
        "________________________",
        "__,,,,,,,,,,,,,,,,,,,,,_",
        "___X_____X_____X_____X__",
        "________________________",
        "________________________",
        "________________________",
        "_____________V__________",
        "________________________",
        "________________________",
        "___MMMMMMsssssssMMMMMM__",
        "sssXsssssssssssssssssXss",
        "sssss%%%%HGGHGGH%%%%ssss",
        "'''''%.............%''''",
        "'''''H.............H''''",
        "''T''H....ccccc....H''T'",
        "'''''%^...cDxDc...^%''''",
        "%%www%%......hc...%%www%",
        "|....d|...ccccc...|d..ht",
        "|c..BB|...........|BB..h",
        "|c.LBB|h.........h|BB..c"
      ],
      "palettes": [ "hotel_tower_palette.json" ],
      "terrain": {
        "+": [ "t_door_c", "t_door_c", "t_door_o" ],
        "G": "t_door_glass_c",
        "w": "t_window_domestic",
        "V": "t_pavement",
        "x": "t_console_broken"
      },
      "furniture": { "D": "f_desk" },
      "items": {
        "B": { "item": "bed", "chance": 100 },
        "L": { "item": "hotel_luggage", "chance": 100 },
        "c": { "item": "magazines", "chance": 100 },
        "d": { "item": "book_hotel_tower_bible", "chance": 2 }
      },
      "place_monsters": [ { "monster": "GROUP_ZOMBIE", "x": [ 0, 23 ], "y": [ 7, 23 ], "repeat": 2 } ],
      "place_vehicles": [ { "vehicle": "luggage_cart", "x": [ 3, 21 ], "y": [ 16, 17 ], "chance": 100, "repeat": [ 1, 3 ] } ],
      "vehicles": { "V": { "vehicle": "suburban_home", "chance": 100, "rotation": 180 } }
    }
  },
  {
    "type": "mapgen",
    "method": "json",
    "om_terrain": [ "hotel_tower_flr2_1_5C" ],
    "weight": 250,
    "object": {
      "fill_ter": "t_floor",
      "rows": [
        "************************",
        "************************",
        "************************",
        "************************",
        "************************",
        "************************",
        "***1111111111111111111**",
        "***1000000000000000001**",
        "***1000000000000000001**",
        "***1000000000000000001**",
        "***1000000000000000001**",
        "***1000000000000000001**",
        "***1000000000000000001**",
        "***1000000000000000001**",
        "***1111111111111111111**",
        "*****111111111111111****",
        "*****111111111111111****",
        "*****111111111111111****",
        "*****111111111111111****",
        "*****111111111111111****",
        "%%www%%%H%%HHHH%%H%%www%",
        "|....d|...^jjjj^..|d..ht",
        "|c..BB|h.........h|BB..h",
        "|c.LBB|t.........t|BB..c"
      ],
      "palettes": [ "hotel_tower_palette.json" ],
      "terrain": {
        "+": [ "t_door_c", "t_door_c", "t_door_o" ],
        "G": "t_door_glass_c",
        "w": "t_window_domestic",
        "x": "t_console_broken"
      },
      "furniture": { "D": "f_desk" },
      "items": {
        "B": { "item": "bed", "chance": 100 },
        "L": { "item": "hotel_luggage", "chance": 100 },
        "c": { "item": "magazines", "chance": 100 },
        "d": { "item": "book_hotel_tower_bible", "chance": 2 }
      },
      "place_monsters": [ { "monster": "GROUP_ZOMBIE", "x": [ 7, 23 ], "y": [ 21, 23 ] } ]
    }
  },
  {
    "type": "palette",
    "id": "hotel_tower_palette.json",
    "furniture": {
      "!": "f_street_light",
      "B": "f_bed",
      "c": "f_counter",
      "m": "f_bench",
      "d": "f_dresser",
      "o": "f_counter",
      "D": "f_dryer",
      "Y": "f_rack_coat",
      "^": [ "f_indoor_plant_y", "f_indoor_plant" ],
      "h": "f_chair",
      "r": "f_rack",
      "t": "f_table",
      "j": "f_sofa",
      "S": "f_sink",
      "&": "f_toilet",
      "b": "f_bathtub",
      "E": [ "f_exercise", "f_ergometer", "f_treadmill" ],
      "e": "f_fridge",
      "l": "f_locker",
      "W": "f_washer",
      "F": "f_vending_c",
      "U": "f_vending_c"
    },
    "terrain": {
      ",": "t_pavement_y",
      "1": "t_flat_roof",
      "0": "t_glass_roof",
      "*": "t_open_air",
      "6": "t_wall_glass",
      "_": "t_pavement",
      "2": "t_carpet_green",
      "!": "t_sidewalk",
      "s": "t_sidewalk",
      "'": [ [ "t_region_groundcover_urban", 5 ], "t_region_shrub_decorative" ],
      "M": [ "t_region_shrub_decorative" ],
      " ": [ [ "t_region_groundcover_urban", 5 ], "t_region_shrub" ],
      "-": "t_wall_w",
      "|": "t_wall_w",
      "%": "t_adobe_brick_wall",
      "T": "t_region_tree_shade",
      "v": "t_pavement",
      "w": "t_water_pool_shallow",
      "9": "t_water_pool",
      "+": "t_door_c",
      "G": "t_door_glass_c",
      "=": "t_door_locked",
      "7": "t_door_locked_interior",
      "X": "t_column",
      "H": "t_wall_glass",
      "x": "t_elevator_control",
      "8": "t_elevator",
      "~": "t_thconc_floor",
      "<": "t_stairs_up",
      ">": "t_stairs_down",
      "#": "t_rock",
      "$": "t_sewage_pipe",
      "4": "t_gutter_downspout",
      "P": "t_sewage_pump"
    }
  },
  {
    "type": "mapgen",
    "method": "json",
    "om_terrain": [ "skate_park" ],
    "weight": 100,
    "object": {
      "rows": [
        "sssssssssssssssssssssss'",
        "ssssssssssssssssssssssss",
        "||||||||||ss||||||||||||",
        "|.##u...u|ss|..u.#.u...|",
        "|........|ss|..........|",
        ".....S...|ss|||.........",
        ".........|sspppppppppp..",
        "........u|ssp________p..",
        "...#.....|ssp________p..",
        ".........|sspppppppppp..",
        "......ss.|ss__________..",
        ".Su..s__s|ss__------__..",
        "....s____sss__________..",
        "...s__00__ss__________..",
        "...s__00__ssr_____l___..",
        "...#s____sssr________w..",
        ".....s__s.ssr________w..",
        "......ss..sscrr____www..",
        "..#.......ss__________..",
        ".....____&ss__________..",
        "....._____ss__________..",
        ".....u____..__________..",
        "........................",
        "...........#............"
      ],
      "terrain": {
        "#": "t_underbrush_harvested_autumn",
        "&": "t_pavement",
        "-": "t_railing_v",
        ".": "t_grass",
        "0": "t_pit_shallow",
        "S": "t_shrub",
        "_": "t_pavement",
        "'": "t_sidewalk",
        "c": "t_chainfence_posts",
        "l": "t_little_column",
        "p": "t_pavement_y",
        "r": "t_railing_h",
        "s": "t_sidewalk",
        "u": "t_underbrush",
        "w": "t_wall",
        "|": "t_chainfence_v"
      },
      "furniture": { "'": "f_street_light", "&": "f_trashcan" },
      "place_items": [ { "item": "snacks", "x": [ 1, 22 ], "y": [ 1, 22 ], "chance": 100 } ],
      "place_monsters": [
        { "monster": "GROUP_SCHOOL", "x": [ 11, 15 ], "y": [ 10, 15 ], "chance": 100, "repeat": 2 },
        { "monster": "GROUP_PARK_ANIMAL", "x": [ 4, 19 ], "y": [ 13, 18 ], "repeat": 3 }
      ],
      "place_vehicles": [
        { "vehicle": "bicycle", "x": 10, "y": 7, "chance": 100, "rotation": 270 },
        { "vehicle": "bicycle", "x": 17, "y": 8, "chance": 100, "rotation": 180 },
        { "vehicle": "scooter", "x": 16, "y": 12, "chance": 100 },
        { "vehicle": "bicycle", "x": 16, "y": 19, "chance": 100 }
      ]
    }
  }
]
