[
  {
    "type": "item_group",
    "id": "hatstore_hats",
    "items": [
      [ "hat_cotton", 30 ],
      [ "hat_knit", 40 ],
      [ "hat_faux_fur", 30 ],
      [ "hat_fur", 20 ],
      [ "hat_newsboy", 20 ],
      [ "hat_sombrero", 30 ],
      [ "fedora", 100 ],
      [ "straw_hat", 100 ],
      [ "straw_fedora", 100 ],
      [ "hat_chef", 10 ],
      [ "maid_hat", 30 ],
      [ "hat_golf", 50 ],
      [ "hat_ball", 100 ],
      [ "hat_ball2", 100 ],
      [ "postman_hat", 10 ],
      [ "tophat", 50 ],
      [ "bowhat", 50 ],
      [ "cowboy_hat", 100 ],
      [ "cowboy_hat_zhigh", 100 ],
      [ "10gal_hat", 100 ],
      [ "kufi", 30 ],
      [ "kippah", 30 ],
      [ "eboshi", 30 ],
      [ "balclava", 20 ],
      [ "porkpie", 30 ]
    ]
  },
  {
    "type": "item_group",
    "id": "mil_food_nodrugs",
    "subtype": "distribution",
    "entries": [
      { "group": "MRE", "prob": 1035 },
      { "item": "chocolate", "prob": 50 },
      { "item": "neccowafers", "prob": 30 },
      { "item": "can_beans", "prob": 40 },
      { "item": "pork_beans", "prob": 40 },
      { "item": "1st_aid", "prob": 35 },
      { "item": "1st_aid", "prob": 25 },
      { "item": "medkit1", "prob": 15 },
      { "item": "medkit2", "prob": 10 },
      { "item": "medkit3", "prob": 5 },
      { "item": "medkit4", "prob": 1 },
      { "item": "saline", "prob": 10 },
      { "item": "con_milk", "prob": 10 },
      { "item": "milk_UHT", "prob": 25 },
      { "item": "cereal", "prob": 20 },
      { "item": "sports_drink", "prob": 40 },
      { "item": "water_clean", "prob": 90 }
    ]
  },
  {
    "id": "forage_veggy_wild",
    "type": "item_group",
    "subtype": "collection",
    "entries": [
      { "item": "seed_veggy_wild", "prob": 10, "charges": [ 1, 2 ] },
      { "item": "reHerbGrn", "prob": 45, "count": [ 3, 5 ] },
      { "item": "reHerbBlu", "prob": 30, "count": [ 1, 3 ] },
      { "item": "reHerbRed", "prob": 30, "count": [ 1, 3 ] },
      { "item": "withered", "prob": 25, "count": [ 4, 6 ] },
      { "item": "veggy_wild", "count": [ 1, 2 ] }
    ]
  },
  {
    "id": "forage_wild_herbs",
    "type": "item_group",
    "subtype": "collection",
    "entries": [
      { "item": "seed_wild_herbs", "prob": 10, "charges": [ 1, 2 ] },
      { "item": "reHerbGrn", "prob": 15, "count": [ 3, 5 ] },
      { "item": "reHerbBlu", "prob": 10, "count": [ 1, 3 ] },
      { "item": "reHerbRed", "prob": 10, "count": [ 1, 3 ] },
      { "item": "wild_herbs" }
    ]
  },
  {
    "type": "item_group",
    "id": "antique_guns",
    "subtype": "distribution",
    "entries": [
      { "item": "pistol_flintlock", "prob": 30 },
      { "item": "pistol_flintlock_smol", "prob": 20 },
      { "item": "pistol_flintlock_duckfoot", "prob": 20 },
      { "item": "pistol_flintlock_double", "prob": 20 },
      { "item": "pistol_flintlock_revolver", "prob": 20 },
      { "item": "lemat_revolver_flintlock", "prob": 20 },
      { "item": "blunderlock", "prob": 20 },
      { "item": "flint_nock", "prob": 10 },
      { "item": "carbine_flintlock_double", "prob": 18 },
      { "item": "carbine_flintlock", "prob": 20 },
      { "item": "lemat_revolver", "prob": 30 },
      { "item": "rifle_flintlock", "prob": 50 },
      { "item": "longrifle_flintlock", "prob": 75 },
      { "item": "shotgun_paper", "prob": 60 },
      { "item": "colt_army", "prob": 30 },
      { "item": "colt_navy", "prob": 30 },
      { "item": "m1874_gatling", "prob": 10 }
    ]
  },
  {
    "type": "item_group",
    "id": "antique_guns_with_ammo",
    "ammo": 100,
    "magazine": 100,
    "subtype": "distribution",
    "entries": [
      { "item": "pistol_flintlock", "prob": 30 },
      { "item": "pistol_flintlock_smol", "prob": 20 },
      { "item": "pistol_flintlock_duckfoot", "prob": 20 },
      { "item": "pistol_flintlock_double", "prob": 20 },
      { "item": "pistol_flintlock_revolver", "prob": 20 },
      { "item": "lemat_revolver_flintlock", "prob": 20 },
      { "item": "blunderlock", "prob": 20 },
      { "item": "flint_nock", "prob": 10 },
      { "item": "carbine_flintlock_double", "prob": 18 },
      { "item": "carbine_flintlock", "prob": 20 },
      { "item": "lemat_revolver", "prob": 30 },
      { "item": "rifle_flintlock", "prob": 50 },
      { "item": "longrifle_flintlock", "prob": 75 },
      { "item": "shotgun_paper", "prob": 60 },
      { "item": "colt_army", "prob": 30 },
      { "item": "colt_navy", "prob": 30 },
      { "item": "m1874_gatling", "prob": 10 }
    ]
  },
  {
    "type": "item_group",
    "id": "science",
    "ammo": 90,
    "magazine": 100,
    "items": [
      { "group": "ZhighStimUnkown3", "prob": 10 },
      { "group": "tools_science", "prob": 50 },
      { "group": "ammo_atomic_batteries", "prob": 10 },
      { "group": "ammo_atomic_batteries_full", "prob": 5 },
      [ "ether", 5 ],
      [ "water_clean", 90 ],
      { "item": "bleach", "prob": 20, "charges-min": 1 },
      { "item": "ammonia", "prob": 24, "charges-min": 1 },
      [ "mutagen", 8 ],
      [ "purifier", 12 ],
      [ "iodine", 5 ],
      [ "prussian_blue", 5 ],
      [ "inhaler", 14 ],
      [ "eyedrops", 20 ],
      [ "adderall", 10 ],
      [ "id_science", 2 ],
      [ "chem_ethanol", 10 ],
      [ "badge_doctor", 2 ],
      [ "cleansuit", 5 ],
      [ "laptop", 10 ],
      [ "eink_tablet_pc", 20 ],
      [ "mobile_memory_card", 50 ],
      [ "mobile_memory_card_science", 5 ],
      [ "standard_template_construct", 5 ],
      [ "camera", 3 ],
      [ "thermometer", 3 ],
      [ "hygrometer", 3 ],
      [ "barometer", 3 ],
      [ "camera_pro", 1 ],
      [ "electrohack", 3 ],
      [ "RAM", 22 ],
      [ "screwdriver", 40 ],
      [ "screwdriver_set", 30 ],
      [ "canister_empty", 5 ],
      [ "coat_lab", 20 ],
      [ "gloves_medical", 70 ],
      [ "pouch_autoclave", 10 ],
      [ "mask_dust", 65 ],
      [ "mask_filter", 30 ],
      [ "glasses_eye", 90 ],
      [ "contacts", 30 ],
      [ "sunglasses", 90 ],
      [ "fitover_sunglasses", 60 ],
      [ "fancy_sunglasses", 5 ],
      [ "glasses_safety", 40 ],
      [ "file", 10 ],
      [ "textbook_computer", 8 ],
      [ "computer_science", 6 ],
      [ "textbook_electronics", 6 ],
      [ "radio_book", 16 ],
      [ "advanced_electronics", 6 ],
      [ "textbook_chemistry", 11 ],
      [ "adv_chemistry", 4 ],
      [ "textbook_firstaid", 6 ],
      [ "pocket_firstaid", 4 ],
      [ "pocket_survival", 2 ],
      [ "pocket_firearms", 2 ],
      [ "manual_luty", 1 ],
      [ "SICP", 3 ],
      [ "textbook_robots", 1 ],
      [ "reference_cooking", 1 ],
      [ "reference_fabrication1", 1 ],
      [ "reference_firstaid1", 1 ],
      [ "reference_firstaid2", 1 ],
      [ "recipe_elfa", 1 ],
      [ "recipe_maiar", 1 ],
      [ "recipe_caseless", 1 ],
      [ "recipe_labchem", 2 ],
      [ "soldering_iron", 70 ],
      [ "solder_wire", 70 ],
      [ "geiger_off", 8 ],
      [ "rad_monitor", 2 ],
      [ "teleporter", 10 ],
      [ "RTG_coffee", 2 ],
      [ "canister_goo", 8 ],
      [ "EMPbomb", 2 ],
      [ "pheromone", 1 ],
      [ "portal", 2 ],
      [ "bot_manhack", 1 ],
      [ "UPS_off", 5 ],
      [ "adv_UPS_off", 3 ],
      [ "tazer", 3 ],
      [ "plasma", 8 ],
      [ "usb_drive", 5 ],
      [ "wrapped_rad_badge", 15 ],
      [ "bio_purifier", 10 ],
      [ "bio_sunglasses", 10 ],
      [ "bio_eye_optic", 10 ],
      [ "bio_climate", 10 ],
      [ "bio_heatsink", 10 ],
      [ "bio_blood_filter", 10 ],
      [ "bio_infolink", 20 ],
      [ "bio_leukocyte", 10 ],
      [ "bio_faraday", 10 ],
      [ "bio_remote", 10 ],
      [ "bio_soporific", 5 ],
      [ "bio_surgical_razor", 5 ],
      [ "bio_syringe", 8 ],
      [ "bio_electrosense", 2 ],
      [ "software_electronics_reference", 10 ],
      [ "software_useless", 10 ],
      [ "canteen", 15 ],
      [ "2lcanteen", 10 ],
      [ "camelbak", 5 ],
      [ "chemistry_set", 4 ],
      [ "oxy_powder", 8 ],
      [ "fungicide", 10 ],
      [ "insecticide", 10 ],
      [ "pur_tablets", 10 ],
      [ "optical_cloak", 1 ],
      [ "holo_cloak", 1 ],
      [ "antiparasitic", 2 ],
      [ "survnote", 1 ],
      [ "toolbox", 1 ],
      [ "diazepam", 1 ],
      [ "magnifying_glass", 1 ],
      [ "material_quicklime", 10 ],
      [ "tin", 5 ],
      [ "chem_nitric_acid", 1 ],
      [ "chem_sulphuric_acid", 1 ],
      [ "chem_muriatic_acid", 2 ],
      [ "chem_hexamine", 2 ],
      [ "denat_alcohol", 1 ],
      [ "remotevehcontrol", 5 ],
      [ "bionic_scanner", 5 ]
    ]
  },
  {
    "type": "item_group",
    "subtype": "collection",
    "id": "vending_food",
    "entries": [
      { "group": "vending_food_items", "count-min": 20, "count-max": 30 },
      { "group": "vending_food_items", "count-min": 20, "count-max": 30 },
      { "group": "vending_food_items", "count-min": 20, "count-max": 30 },
      { "group": "vending_food_items", "count-min": 20, "count-max": 30 },
      { "group": "vending_food_items", "count-min": 20, "count-max": 30 },
      { "group": "vending_food_items", "count-min": 20, "count-max": 30 },
      { "group": "vending_food_items", "count-min": 20, "count-max": 30 },
      { "group": "vending_food_items", "count-min": 20, "count-max": 30 },
      { "group": "vending_food_items", "count-min": 20, "count-max": 30 }
    ]
  },
  {
    "type": "item_group",
    "subtype": "collection",
    "id": "vending_drink",
    "entries": [
      { "group": "vending_drink_items", "count-min": 20, "count-max": 30 },
      { "group": "vending_drink_items", "count-min": 20, "count-max": 30 },
      { "group": "vending_drink_items", "count-min": 20, "count-max": 30 },
      { "group": "vending_drink_items", "count-min": 20, "count-max": 30 },
      { "group": "vending_drink_items", "count-min": 20, "count-max": 30 },
      { "group": "vending_drink_items", "count-min": 20, "count-max": 30 },
      { "group": "vending_drink_items", "count-min": 20, "count-max": 30 },
      { "group": "vending_drink_items", "count-min": 20, "count-max": 30 },
      { "group": "vending_drink_items", "count-min": 20, "count-max": 30 }
    ]
  },
  {
    "type": "item_group",
    "id": "archery",
    "subtype": "distribution",
    "entries": [
      { "item": "crossbow", "prob": 70 },
      { "item": "crossbow_triple", "prob": 5 },
      { "item": "rep_crossbow", "prob": 5 },
      { "item": "huge_crossbow", "prob": 1 },
      { "item": "compcrossbow", "prob": 10 },
      { "item": "compositecrossbow", "prob": 10 },
      { "item": "bullet_crossbow", "prob": 10 },
      { "item": "hand_crossbow", "prob": 10 },
      { "item": "longbow", "prob": 40 },
      { "item": "compbow", "prob": 40 },
      { "item": "shortbow", "prob": 20 },
      { "item": "airbow", "prob": 20 },
      { "item": "compositebow", "prob": 40 },
      { "item": "slingshot", "prob": 50 },
      { "item": "wristrocket", "prob": 50 }
    ]
  },
  {
    "type": "item_group",
    "id": "fireman_gear",
    "items": [
      [ "extinguisher", 10 ],
      [ "sm_extinguisher", 20 ],
      [ "fire_ax", 60 ],
      [ "fire_ax_1", 30 ],
      [ "halligan", 50 ],
      [ "1st_aid", 10 ],
      [ "bandages", 5 ],
      [ "cotton_ball", 2 ],
      [ "crowbar", 15 ],
      [ "entry_suit", 10 ],
      [ "hammer_sledge", 5 ],
      [ "hammer_sledge_short", 4 ],
      [ "hammer_sledge_engineer", 5 ],
      [ "hammer_sledge_heavy", 1 ],
      [ "shovel", 20 ],
      [ "cell_phone", 1 ],
      [ "smart_phone", 20 ],
      [ "airhorn", 5 ],
      [ "boltcutters", 5 ],
      [ "tacvest", 10 ],
      [ "chainsaw_off", 1 ],
      [ "backpack", 15 ],
      [ "rope_30", 10 ],
      [ "rx12_injector", 1 ],
      [ "ampoule", 5 ],
      [ "rx11_stimpack", 1 ],
      [ "stimpack_ammo", 5 ],
      [ "flaregun", 5 ],
      [ "signal_flare", 5 ],
      { "item": "flamethrower", "prob": 1, "charges-min": 0, "charges-max": 500 },
      [ "handflare", 20 ],
      [ "heavy_flashlight", 30 ],
      [ "glowstick", 10 ],
      [ "two_way_radio", 20 ],
      [ "emergency_book", 1 ],
      [ "textbook_firstaid", 5 ],
      [ "manual_first_aid", 5 ],
      [ "pocket_firstaid", 10 ],
      [ "pocketwatch", 5 ],
      [ "wristwatch", 10 ],
      { "group": "tobacco_products", "prob": 32 },
      [ "ref_lighter", 1 ],
      [ "electric_lighter", 1 ],
      [ "flask_hip", 1 ],
      [ "textbook_fireman", 10 ],
      [ "knee_pads", 5 ],
      [ "elbow_pads", 5 ],
      [ "legrig", 5 ],
      { "group": "charged_UPS", "prob": 10 },
      [ "emer_blanket", 5 ],
      { "group": "ammo_pocket_batteries_full", "prob": 50 },
      [ "tool_belt", 5 ],
      [ "oxygen_tank", 15 ],
      [ "fireman_belt", 15 ],
      [ "jack", 5 ],
      [ "throw_extinguisher", 10 ],
      [ "grapnel", 5 ],
      [ "wearable_light", 5 ],
      [ "toolbox", 1 ],
      [ "smoxygen_tank", 35 ],
      [ "watercannon", 10 ],
      [ "l-stick", 1 ],
      [ "solarpack", 2 ],
      [ "bag_body_bag", 5 ]
    ]
  },
  {
    "type": "item_group",
    "id": "everyday_gear",
    "ammo": 75,
    "magazine": 100,
    "//": "Small common items carried in a person's pockets, purse, etc. Cash card at roughly 50%.",
    "items": [
      { "item": "cash_card", "prob": 1600, "charges-min": 0, "charges-max": 50000 },
      [ "cell_phone", 2 ],
      [ "smart_phone", 400 ],
      { "item": "cig", "prob": 250, "charges-min": 1, "charges-max": 20 },
      [ "lighter", 200 ],
      [ "joint", 10 ],
      [ "ref_lighter", 50 ],
      [ "electric_lighter", 50 ],
      [ "matches", 50 ],
      { "group": "tobacco_products", "prob": 60 },
      [ "permanent_marker", 10 ],
      [ "dog_whistle", 5 ],
      [ "multitool", 1 ],
      [ "stick_swag_blue", 25 ],
      [ "stick_swag_red", 25 ],
      [ "staff_skull", 25 ],
      [ "cane", 25 ],
      [ "pocketwatch", 50 ],
      [ "pockknife", 50 ],
      [ "knife_folding", 30 ],
      [ "knife_swissarmy", 10 ],
      [ "machete_gimmick", 5 ],
      [ "teleumbrella", 20 ],
      [ "umbrella", 20 ],
      [ "aspirin", 100 ],
      [ "vitamins", 100 ],
      [ "eyedrops", 50 ],
      [ "inhaler", 50 ],
      [ "flashlight", 50 ],
      [ "heavy_flashlight", 15 ],
      [ "camera", 30 ],
      [ "camera_pro", 5 ],
      [ "eink_tablet_pc", 30 ],
      [ "laptop", 15 ],
      [ "mobile_memory_card", 50 ],
      [ "usb_drive", 50 ],
      [ "mp3", 20 ],
      [ "portable_game", 50 ],
      [ "vibrator", 5 ],
      [ "gum", 50 ],
      { "group": "ammo_pocket_batteries", "prob": 50 },
      [ "wrapper", 50 ],
      [ "string_6", 50 ],
      [ "pocket_firstaid", 5 ],
      [ "pocket_survival", 5 ],
      [ "pocket_firearms", 5 ],
      [ "newest_newspaper", 75 ],
      [ "flyer", 10 ],
      [ "thermos", 5 ],
      [ "hairbrush", 25 ],
      [ "comb_pocket", 50 ]
    ]
  },
  {
    "type": "item_group",
    "subtype": "collection",
    "id": "quiver_bow_hunter",
    "entries": [ { "item": "arrow_cf", "charges": 16 } ]
  },
  {
    "type": "item_group",
    "subtype": "collection",
    "id": "quiver_crossbow_hunter",
    "entries": [ { "item": "bolt_metal", "charges": 30 } ]
  },
  {
    "type": "item_group",
    "subtype": "collection",
    "id": "quiver_bionic_prepper",
    "entries": [ { "item": "bolt_steel", "charges": 30 } ]
  },
  {
    "type": "item_group",
    "subtype": "collection",
    "id": "quiver_naturalist",
    "entries": [ { "item": "arrow_wood", "charges": 30 } ]
  },
  {
    "type": "item_group",
    "subtype": "collection",
    "id": "quiver_hardened_survivor",
    "entries": [ { "item": "bolt_wood", "charges": 80 } ]
  },
  {
    "type": "item_group",
    "subtype": "collection",
    "id": "quiver_player_bandit",
    "entries": [ { "item": "bolt_wood", "charges": 30 } ]
  },
  {
    "type": "item_group",
    "subtype": "collection",
    "id": "bandolier_grenadier",
    "entries": [ { "item": "40x46mm_m433", "charges": 8 } ]
  },
  {
    "type": "item_group",
    "subtype": "collection",
    "id": "bandolier_shotgun_hunter",
    "entries": [ { "item": "shot_00", "charges": 40 } ]
  },
  {
    "type": "item_group",
    "subtype": "collection",
    "id": "bandolier_rifle_hunter",
    "entries": [ { "item": "270win_jsp", "charges": 30 } ]
  },
  {
    "type": "item_group",
    "subtype": "collection",
    "id": "bandolier_swat_cqc1",
    "entries": [ { "item": "shot_00", "charges": 40 } ]
  },
  {
    "type": "item_group",
    "subtype": "collection",
    "id": "bandolier_swat_cqc2",
    "entries": [ { "item": "shot_slug", "charges": 40 } ]
  },
  {
    "type": "item_group",
    "subtype": "collection",
    "id": "flintlock_pouch_reenactor",
    "entries": [ { "item": "flintlock_ammo", "charges": 40 } ]
  },
  {
    "type": "item_group",
    "subtype": "collection",
    "id": "bandolier_ww_gunslinger",
    "entries": [ { "item": "45colt_jhp", "charges": 70 } ]
  },
  {
    "type": "item_group",
    "subtype": "collection",
    "id": "bandolier_roadwarrior",
    "entries": [ { "item": "shot_00", "charges": 50 } ]
  },
  {
    "type": "item_group",
    "id": "ammo_shotgun_common",
    "//": "Shotgun ammo commonly owned by citizens and found in many locations.",
    "subtype": "distribution",
    "entries": [
      { "group": "ammo_shotgun_rare", "prob": 10 },
      { "item": "shot_00", "prob": 100 },
      { "item": "shot_bird", "prob": 70 },
      { "item": "shot_slug", "prob": 70 },
      { "item": "shot_slug_ap", "prob": 50 },
      { "item": "shot_coin", "prob": 5 },
      { "item": "shot_flame", "prob": 5 },
      { "item": "shot_toxic", "prob": 5 },
      { "item": "shot_fungi", "prob": 5 },
      { "item": "shot_insecticidal", "prob": 5 },
      { "item": "shot_acid", "prob": 5 },
      { "item": "shot_lightning", "prob": 5 },
      { "item": "shot_emp_ins", "prob": 5 },
      { "item": "shot_flash_ins", "prob": 5 },
      { "item": "shot_toxic_blast", "prob": 5 },
      { "item": "shot_flare", "prob": 5 },
      { "item": "shot_smoke", "prob": 5 },
      { "item": "shot_scrambler", "prob": 5 },
      { "item": "shot_bola", "prob": 5 },
      { "item": "shot_web", "prob": 5 },
      { "item": "shot_dragon", "prob": 5 },
      { "item": "410shot_000", "prob": 50 },
      { "item": "shot_paper_00", "prob": 30 },
      { "item": "shot_paper_bird", "prob": 30 },
      { "item": "shot_paper_slug", "prob": 10 }
    ]
  },
  {
    "type": "item_group",
    "id": "ammo_shotgun_rare",
    "//": "Less common shotgun ammo including that only used by police/paramilitary forces.",
    "subtype": "distribution",
    "entries": [
      { "item": "20x66_beanbag", "prob": 10 },
      { "item": "20x66_flare", "prob": 10 },
      { "item": "20x66_shot", "prob": 40 },
      { "item": "20x66_slug", "prob": 20 },
      { "item": "shot_coin", "prob": 10 },
      { "item": "shot_flame", "prob": 10 },
      { "item": "shot_toxic", "prob": 10 },
      { "item": "shot_fungi", "prob": 10 },
      { "item": "shot_insecticidal", "prob": 10 },
      { "item": "shot_acid", "prob": 10 },
      { "item": "shot_lightning", "prob": 10 },
      { "item": "shot_emp_ins", "prob": 10 },
      { "item": "shot_flash_ins", "prob": 10 },
      { "item": "shot_toxic_blast", "prob": 10 },
      { "item": "shot_flare", "prob": 5 },
      { "item": "shot_smoke", "prob": 10 },
      { "item": "shot_scrambler", "prob": 10 },
      { "item": "shot_bola", "prob": 10 },
      { "item": "shot_web", "prob": 10 },
      { "item": "shot_dragon", "prob": 10 },
      { "item": "shot_beanbag", "prob": 20 },
      { "item": "shot_paper_dragon", "prob": 5 }
    ]
  },
  {
    "type": "item_group",
    "id": "carried_guns_shotgun_rare",
    "//": "Uncommon or rare shotguns in civilian possession. Comes with loose ammo, unless one of these actually has mags, then it'd have mags.",
    "subtype": "distribution",
    "entries": [
      { "group": "everyday_ksg", "prob": 50 },
      { "group": "everyday_mts255", "prob": 8 },
      { "group": "everyday_ksg-25", "prob": 8 },
      { "group": "everyday_tavor_12", "prob": 5 },
      { "group": "everyday_m1014", "prob": 10 },
      { "group": "everyday_SPAS_12", "prob": 2 },
      { "group": "everyday_rm120c", "prob": 5 },
      { "group": "everyday_rm228", "prob": 5 }
    ]
  },
  {
    "type": "item_group",
    "id": "guns_shotgun_rare",
    "//": "Uncommon or rare shotguns in civilian possession.",
    "subtype": "distribution",
    "entries": [
      { "group": "nested_ksg", "prob": 50 },
      { "group": "nested_mts255", "prob": 8 },
      { "group": "nested_ksg-25", "prob": 8 },
      { "group": "nested_tavor_12", "prob": 5 },
      { "group": "nested_m1014", "prob": 10 },
      { "group": "nested_SPAS_12", "prob": 2 },
      { "group": "nested_rm120c", "prob": 5 },
      { "group": "nested_rm228", "prob": 5 }
    ]
  },
  {
    "type": "item_group",
    "id": "carried_guns_pistol_obscure",
    "//": "Imported or otherwise very obscure pistols being carried, with either mags or loose ammo.",
    "items": [
      { "group": "everyday_af2011a1_38super", "prob": 1 },
      { "group": "everyday_bfr", "prob": 100 },
      { "group": "everyday_cop_38", "prob": 100 },
      { "group": "everyday_m1911-460", "prob": 3 },
      { "group": "everyday_lemat_revolver", "prob": 150 },
      { "group": "everyday_makarov", "prob": 100 },
      { "group": "everyday_moss_brownie", "prob": 100 },
      { "group": "everyday_pistol_flintlock", "prob": 150 },
      { "group": "everyday_raging_bull", "prob": 100 },
      { "group": "everyday_raging_judge", "prob": 20 },
      { "group": "everyday_ots62", "prob": 30 },
      { "group": "everyday_rm99_pistol", "prob": 150 },
      { "group": "everyday_tokarev", "prob": 100 },
      { "group": "everyday_walther_ppk", "prob": 100 },
      { "group": "everyday_colt_saa", "prob": 150 }
    ]
  },
  {
    "type": "item_group",
    "id": "guns_pistol_obscure",
    "//": "Imported or otherwise very obscure pistols.",
    "items": [
      { "group": "nested_af2011a1_38super", "prob": 1 },
      { "group": "nested_bfr", "prob": 100 },
      { "group": "nested_cop_38", "prob": 100 },
      { "group": "nested_m1911-460", "prob": 3 },
      { "group": "nested_lemat_revolver", "prob": 150 },
      { "group": "nested_makarov", "prob": 100 },
      { "group": "nested_moss_brownie", "prob": 100 },
      { "group": "nested_pistol_flintlock", "prob": 150 },
      { "group": "nested_raging_bull", "prob": 100 },
      { "group": "nested_raging_judge", "prob": 20 },
      { "group": "nested_ots62", "prob": 30 },
      { "group": "nested_rm99_pistol", "prob": 150 },
      { "group": "nested_tokarev", "prob": 100 },
      { "group": "nested_walther_ppk", "prob": 100 },
      { "group": "nested_colt_saa", "prob": 150 }
    ]
  },
  {
    "id": "drugs_soldier",
    "type": "item_group",
    "subtype": "distribution",
    "//": "Healing items appropriate for soldiers and other paramilitary forces",
    "entries": [
      { "group": "ZhighStimUnkown3", "prob": 30 },
      { "item": "1st_aid", "prob": 50 },
      { "item": "medkit1", "prob": 40 },
      { "item": "medkit2", "prob": 30 },
      { "item": "medkit3", "prob": 20 },
      { "item": "medkit4", "prob": 1 },
      { "item": "medkitRecharge", "prob": 5 },
      { "item": "antibiotics", "prob": 20 },
      { "item": "bandages", "prob": 100 },
      { "item": "morphine", "prob": 20 },
      { "item": "quikclot", "prob": 20 },
      { "item": "smoxygen_tank", "prob": 20 },
      { "item": "tramadol", "prob": 20 }
    ]
  },
  {
    "id": "fort_display_case",
    "type": "item_group",
    "subtype": "distribution",
    "//": "Firearms are weighted 50% Civil War items, 30% Revolutionary War items, and 20% post-Civil War items.",
    "entries": [
      { "item": "tricorne", "prob": 10 },
      { "item": "knee_high_boots", "prob": 3 },
      { "item": "breeches", "prob": 2 },
      { "item": "waistcoat", "prob": 3 },
      { "item": "peacoat", "prob": 2 },
      { "item": "greatcoat", "prob": 3 },
      { "item": "hat_fur", "prob": 2 },
      { "item": "cavalry_sabre", "prob": 10 },
      { "item": "hatchet", "prob": 5 },
      { "item": "cannonball_explosive", "prob": 10 },
      { "item": "shotgun_paper", "prob": 10 },
      { "item": "lemat_revolver", "prob": 5 },
      { "item": "colt_army", "prob": 5 },
      { "item": "colt_navy", "prob": 5 },
      { "item": "longrifle_flintlock", "prob": 7 },
      { "item": "rifle_flintlock", "prob": 3 },
      { "item": "carbine_flintlock", "prob": 2 },
      { "item": "pistol_flintlock", "prob": 3 },
      { "item": "pistol_flintlock_smol", "prob": 3 },
      { "item": "pistol_flintlock_duckfoot", "prob": 3 },
      { "item": "pistol_flintlock_revolver", "prob": 3 },
      { "item": "lemat_revolver_flintlock", "prob": 3 },
      { "item": "pistol_blunderbuss", "prob": 3 },
      { "item": "pistol_flintlock_double", "prob": 3 },
      { "item": "lemat_revolver_flintlock", "prob": 3 },
      { "item": "blunderlock", "prob": 3 },
      { "item": "flint_nock", "prob": 3 },
      { "item": "carbine_flintlock_double", "prob": 3 },
      { "item": "blunderbuss", "prob": 3 },
      { "item": "blunderbuss_db", "prob": 3 },
      { "item": "pistol_blunderbuss_db", "prob": 3 },
      { "item": "sharps", "prob": 8 },
      { "item": "colt_saa", "prob": 2 }
    ]
  },
  {
    "type": "item_group",
    "id": "arcade_prizes",
    "ammo": 75,
    "magazine": 100,
    "subtype": "distribution",
    "entries": [
      { "group": "candy_chocolate", "prob": 320 },
      { "group": "softdrinks_canned", "prob": 244 },
      { "item": "bbgun", "prob": 30 },
      { "item": "bbpistol", "prob": 30 },
      { "item": "bbmachinepistol", "prob": 30 },
      { "item": "bbSnip", "prob": 30 },
      { "item": "bbsmg", "prob": 30 },
      { "item": "bbDMR", "prob": 30 },
      { "item": "bbM4", "prob": 30 },
      { "item": "bbAr15", "prob": 30 },
      { "item": "bbAkm", "prob": 30 },
      { "item": "bbScar", "prob": 30 },
      { "item": "bbM60", "prob": 10 },
      { "item": "bbM134", "prob": 5 },
      { "item": "bb", "prob": 30 },
      { "item": "portable_game", "prob": 60 },
      { "item": "game_watch", "prob": 15 },
      { "item": "deck_of_cards", "prob": 25 },
      { "item": "atomic_light", "prob": 1 },
      { "item": "inflatable_boat", "prob": 10 },
      { "item": "hand_pump", "prob": 15 },
      { "item": "toastem", "prob": 45 },
      { "item": "toastem2", "prob": 45 },
      { "item": "toastem3", "prob": 45 },
      { "item": "cookies", "prob": 45 },
      { "item": "bat", "prob": 15 },
      { "item": "backpack", "prob": 20 },
      { "item": "hairpin", "prob": 10 },
      { "item": "fc_hairpin", "prob": 4 },
      { "item": "wristwatch", "prob": 15 },
      { "item": "umbrella", "prob": 10 },
      { "item": "teleumbrella", "prob": 4 },
      { "group": "kids_books", "prob": 215 },
      { "item": "novel_pulp", "prob": 30 },
      { "item": "folding_bicycle", "prob": 3 },
      { "item": "sunglasses", "prob": 25 },
      { "item": "cowboy_hat", "prob": 25 },
      { "item": "mp3", "prob": 35 },
      { "item": "wolfsuit", "prob": 5 },
      { "item": "dinosuit", "prob": 5 },
      { "item": "gum", "prob": 10 },
      { "item": "talking_doll", "prob": 11 },
      { "item": "marble", "prob": 15 },
      { "item": "creepy_doll", "prob": 1 },
      { "item": "jedi_cloak", "prob": 5 },
      { "item": "glowstick", "prob": 15 },
      { "item": "clown_suit", "prob": 5 },
      { "item": "clownshoes", "prob": 5 },
      { "item": "l-stick", "prob": 1 }
    ]
  },
  {
    "type": "item_group",
    "id": "fireman_mask",
    "items": [
      [ "mask_bunker", 90 ],
      [ "respirator", 60 ],
      [ "mask_dust", 60 ],
      [ "mask_gas", 40 ],
      [ "mask_filter", 20 ],
      [ "goggles_ir", 5 ],
      [ "goggles_nv", 5 ]
    ]
  },
  {
    "id": "hazmat_masks",
    "type": "item_group",
    "//": "Full face protection worn with hazmat suits",
    "items": [ 
        { "collection": [ 
            { "item": "glasses_safety" }, 
            { "item": "mask_filter" } ], "prob": 40 }, 
        [ "mask_gas", 60 ], 
        [ "respirator", 90 ] 
    ]
  },
  {
    "id": "toy_box",
    "type": "item_group",
    "ammo": 100,
    "magazine": 100,
    "subtype": "distribution",
    "items": [
      { "group": "ZhighMaskGroups", "prob": 30, "count": [ 1, 4 ] },
      [ "paintballgun_pistol", 20 ],
      [ "paintballgun", 30 ],
      [ "paintballG_AR15", 10 ],
      [ "shotgun_d_paint", 20 ],
      [ "shotgun_pump_paint", 20 ],
      [ "paintball", 40 ],
      [ "BBclip300", 30 ],
      [ "bb", 50 ],
      [ "bbpistol", 20 ],
      [ "bbmachinepistol", 15 ],
      [ "bbSnip", 10 ],
      [ "bbsmg", 10 ],
      [ "bbDMR", 10 ],
      [ "bbgun", 20 ],
      [ "bbM4", 10 ],
      [ "bbAr15", 10 ],
      [ "bbAkm", 10 ],
      [ "bbScar", 10 ],
      [ "bbM60", 5 ],
      [ "bbM134", 1 ],
      [ "bat_nerf", 70 ],
      [ "marble", 50 ],
      [ "talking_doll", 50 ],
      [ "basketball", 30 ],
      [ "fc_hairpin", 30 ],
      { "group": "kids_books", "prob": 170, "count": [ 1, 4 ] },
      { "group": "games", "prob": 170, "count": [ 1, 2 ] },
      [ "backpack", 20 ],
      [ "baseball", 30 ],
      [ "football", 20 ],
      [ "frisbee", 40 ],
      [ "disc_golf", 20 ],
      [ "radio_car_box", 10 ],
      [ "orangesoda", 30 ],
      [ "magic_8_ball", 10 ],
      [ "hairpin", 30 ],
      [ "purple_drink", 20 ],
      [ "candy", 20 ],
      [ "slingshot", 10 ],
      [ "rock", 10 ],
      [ "bat", 10 ],
      [ "creepy_doll", 3 ],
      [ "portable_game", 5 ],
      [ "whistle", 3 ]
    ]
  },
  {
    "type": "item_group",
    "id": "swat_gear",
    "subtype": "distribution",
    "items": [
      { "group": "cop_gear", "prob": 100 },
      [ "40x46mm_m433", 10 ],
      [ "40x46mm_m651", 20 ],
      [ "ammo_satchel", 10 ],
      [ "bootstrap", 10 ],
      [ "chestpouch", 10 ],
      [ "dragonskin", 10 ],
      [ "flashbang", 60 ],
      [ "goggles_ir", 20 ],
      [ "goggles_nv", 20 ],
      [ "helmet_lobster", 10 ],
      [ "helmet_riot", 10 ],
      [ "holo_sight", 40 ],
      [ "holster", 30 ],
      [ "bandolier_shotgun", 30 ],
      [ "torso_bandolier_shotgun", 20 ],
      [ "kevlar", 40 ],
      [ "knife_combat", 20 ],
      [ "legpouch_large", 10 ],
      [ "mask_bal", 20 ],
      [ "mask_gas", 20 ],
      [ "modularvest", 30 ],
      [ "smokebomb", 10 ],
      [ "suppressor", 50 ],
      [ "suppressor_compact", 40 ],
      [ "swat_armor", 40 ],
      [ "tac_fullhelmet", 10 ],
      [ "tac_helmet", 20 ],
      [ "shield_riot", 40 ],
      [ "shield_ballistic", 10 ],
      [ "helmet_maska", 5 ],
      [ "helmet_maska_raised", 5 ],
      [ "swat_shield", 5 ],
      [ "swat_shield_act", 5 ]
    ]
  },
  {
    "id": "accessory_cat",
    "type": "item_group",
    "//": "accessories that some say were the cause of the cataclysm.",
    "subtype": "distribution",
    "items": [
      { "item": "faux_fur_cat_ears", "prob": 80 },
      { "item": "leather_cat_ears", "prob": 50 },
      { "item": "demon_horns", "prob": 50 },
      { "item": "demon_wings_costume", "prob": 50 },
      { "item": "funnyGlasses", "prob": 50 },
      { "item": "bunny_earsW", "prob": 50 },
      { "item": "bunny_earsB", "prob": 50 },
      { "item": "doom_fullhelmet", "prob": 50 },
      { "item": "doom_vest", "prob": 50 },
      { "item": "fur_cat_ears", "prob": 10 },
      { "item": "faux_fur_cat_tail", "prob": 80 },
      { "item": "leather_cat_tail", "prob": 50 },
      { "item": "demon_tail", "prob": 50 },
      { "item": "fur_cat_tail", "prob": 10 },
      { "item": "faux_fur_collar", "prob": 80 },
      { "item": "leather_collar", "prob": 50 },
      { "item": "fur_collar", "prob": 10 }
    ]
  },
  {
    "type": "item_group",
    "id": "museum_guns",
    "items": [
      [ "pistol_flintlock", 40 ],
      [ "pistol_flintlock_smol", 35 ],
      [ "pistol_flintlock_double", 20 ],
      [ "pistol_flintlock_duckfoot", 20 ],
      [ "pistol_blunderbuss", 20 ],
      [ "pistol_flintlock_revolver", 20 ],
      [ "lemat_revolver_flintlock", 20 ],
      [ "blunderlock", 20 ],
      [ "blunderbuss_db", 20 ],
      [ "pistol_blunderbuss_db", 20 ],
      [ "flint_nock", 30 ],
      [ "carbine_flintlock_double", 25 ],
      [ "carbine_flintlock", 30 ],
      [ "rifle_flintlock", 40 ],
      [ "longrifle_flintlock", 50 ],
      [ "flintlock_pouch", 30 ],
      [ "flintlock_ammo", 60 ],
      [ "flintlock_shot", 40 ],
      [ "shotgun_paper", 50 ],
      [ "colt_army", 50 ],
      [ "colt_navy", 50 ],
      [ "shot_paper_00", 25 ],
      [ "shot_paper_bird", 15 ],
      [ "shot_paper_slug", 10 ],
      [ "blun_shot", 25 ],
      [ "blun_slug", 15 ],
      [ "blun_flechette", 15 ],
      [ "36navy", 50 ],
      [ "44army", 50 ],
      [ "gatlingdrum240", 10 ],
      [ "4570_low", 30 ],
      [ "cannonball_explosive", 10 ],
      [ "cannonball_4lb", 40 ]
    ]
  },
  {
    "type": "item_group",
    "id": "paintball_items",
    "//": "For paintball_field.json",
    "ammo": 40,
    "magazine": 100,
    "items": [ 
      { "group": "charms_guns", "prob": 15 },
      [ "paintballgun", 55 ],
      [ "paintballG_AR15", 25 ], 
      [ "shotgun_pump_paint", 25 ], 
      [ "shotgun_d_paint", 25 ], 
      [ "paintballgun_pistol", 25 ], 
      [ "paintballgun_revolver", 25 ], 
      [ "marble_pump_gun_speedloader", 25 ], 
      [ "paintball", 45 ],
      [ "paintball_acid", 10 ],
      [ "paintball_shot", 10 ],
      [ "paintball_exp", 5 ],
      [ "paintball_beanb", 10 ],
      [ "paintball_glow", 10 ],
      [ "paintball_tg", 5 ],
      [ "doom_fullhelmet", 15 ],
      [ "doom_vest", 20 ], 
      [ "goggles_ski", 15 ], 
      [ "goggles_swim", 15 ] 
    ]
  },
  {
    "type": "item_group",
    "id": "archery",
    "subtype": "distribution",
    "entries": [
      { "item": "crossbow", "prob": 70 },
      { "item": "compcrossbow", "prob": 10 },
      { "item": "bullet_crossbow", "prob": 10 },
      { "item": "hand_crossbow", "prob": 10 },
      { "item": "longbow", "prob": 40 },
      { "item": "compbow", "prob": 40 },
      { "item": "shortbow", "prob": 20 },
      { "item": "airbow", "prob": 20 },
      { "item": "compositebow", "prob": 40 },
      { "item": "slingshot", "prob": 50 },
      { "item": "wristrocket", "prob": 50 }
    ]
  },
  {
    "type": "item_group",
    "id": "camping",
    "ammo": 75,
    "magazine": 100,
    "items": [
      [ "daypack", 20 ],
      [ "rope_30", 35 ],
      [ "hatchet", 10 ],
      [ "axe_combat", 10 ],
      [ "misc_repairkit", 5 ],
      [ "mess_kit", 10 ],
      [ "pot", 20 ],
      [ "inflatable_boat", 25 ],
      [ "hand_pump", 5 ],
      [ "pot_copper", 5 ],
      [ "teapot", 5 ],
      [ "pan", 20 ],
      [ "waffleiron", 25 ],
      [ "binoculars", 20 ],
      [ "firecracker_pack", 5 ],
      [ "hotplate", 10 ],
      [ "popcan_stove", 10 ],
      [ "coffeemaker", 5 ],
      { "group": "tinware", "prob": 10 },
      [ "kukri", 4 ],
      [ "knife_hunting", 18 ],
      [ "knife_rambo", 20 ],
      [ "machete", 5 ],
      [ "machete_gimmick", 5 ],
      [ "vest", 15 ],
      [ "backpack", 38 ],
      [ "backpack_leather", 18 ],
      [ "backpack_hiking", 12 ],
      [ "bigback", 3 ],
      [ "travelpack", 6 ],
      [ "cowboy_hat", 4 ],
      [ "10gal_hat", 4 ],
      [ "bb", 8 ],
      [ "bolt_steel", 7 ],
      [ "bolt_cf", 5 ],
      [ "bbgun", 10 ],
      [ "crossbow", 2 ],
      [ "compcrossbow", 2 ],
      [ "mag_survival", 40 ],
      [ "textbook_survival", 20 ],
      [ "modern_tanner", 8 ],
      [ "recipe_bows", 8 ],
      [ "recipe_arrows", 8 ],
      [ "mag_rifle", 30 ],
      [ "mag_shotgun", 20 ],
      [ "mag_traps", 20 ],
      [ "manual_cutting", 12 ],
      [ "manual_knives", 8 ],
      [ "manual_gun", 8 ],
      [ "manual_shotgun", 6 ],
      [ "manual_pistol", 4 ],
      [ "manual_smg", 2 ],
      [ "manual_survival", 20 ],
      [ "manual_first_aid", 40 ],
      [ "manual_traps", 12 ],
      [ "trappers_companion", 2 ],
      [ "textbook_traps", 8 ],
      [ "lighter", 60 ],
      [ "ref_lighter", 10 ],
      [ "matches", 60 ],
      [ "electric_lighter", 10 ],
      [ "sewing_kit", 47 ],
      [ "tailors_kit", 3 ],
      [ "thread", 40 ],
      [ "hammer", 35 ],
      [ "flashlight", 40 ],
      [ "heavy_flashlight", 20 ],
      [ "water_purifier", 5 ],
      [ "radio", 20 ],
      [ "beartrap", 5 ],
      [ "UPS_off", 10 ],
      [ "string_36", 40 ],
      [ "longbow", 5 ],
      [ "compbow", 1 ],
      [ "bow_sight", 10 ],
      [ "airbow", 10 ],
      [ "bow_stabilizer", 10 ],
      [ "arrowrest", 10 ],
      [ "shortbow", 5 ],
      [ "compositebow", 2 ],
      [ "vambrace_larmor", 1 ],
      [ "quiver", 3 ],
      [ "hand_crossbow", 1 ],
      [ "arrow_wood", 7 ],
      [ "arrow_cf", 5 ],
      [ "wire", 50 ],
      [ "rollmat", 40 ],
      [ "tent_kit", 17 ],
      [ "large_tent_kit", 17 ],
      [ "canteen", 15 ],
      [ "2lcanteen", 10 ],
      [ "camelbak", 5 ],
      [ "ax", 8 ],
      [ "heatpack", 60 ],
      [ "glowstick", 60 ],
      [ "handflare", 40 ],
      [ "emer_blanket", 20 ],
      [ "cloak", 5 ],
      [ "sleeping_bag", 10 ],
      [ "flotation_vest", 7 ],
      [ "wetsuit", 10 ],
      [ "wetsuit_spring", 10 ],
      [ "wetsuit_gloves", 20 ],
      [ "wetsuit_booties", 20 ],
      [ "wetsuit_hood", 10 ],
      [ "scuba_tank", 20 ],
      [ "small_scuba_tank", 10 ],
      [ "dive_bag", 10 ],
      [ "rebreather", 3 ],
      [ "rebreather_filter", 2 ],
      [ "fishing_rod_professional", 8 ],
      [ "fishing_waders", 12 ],
      [ "gasoline_lantern", 5 ],
      [ "electric_lantern", 8 ],
      [ "oil_lamp", 5 ],
      [ "lamp_oil", 5 ],
      [ "folding_bicycle", 1 ],
      [ "coat_rain", 10 ],
      [ "hood_rain", 5 ],
      [ "jacket_windbreaker", 5 ],
      [ "umbrella", 12 ],
      [ "teleumbrella", 5 ],
      [ "pocketwatch", 5 ],
      [ "boots_hiking", 20 ],
      [ "runner_bag", 15 ],
      [ "pur_tablets", 10 ],
      [ "e_tool", 10 ],
      [ "knife_trench", 7 ],
      [ "flaregun", 20 ],
      [ "signal_flare", 25 ],
      [ "airhorn", 20 ],
      [ "whistle", 20 ],
      [ "charcoal", 20 ],
      [ "leathersandals", 10 ],
      [ "bullwhip", 1 ],
      [ "grapnel", 1 ],
      [ "razor_blade", 9 ],
      [ "sheath", 5 ],
      [ "bootsheath", 3 ],
      [ "survnote", 1 ],
      [ "thermometer", 3 ],
      [ "hygrometer", 3 ],
      [ "barometer", 3 ],
      [ "straw_basket", 1 ],
      [ "straw_hat", 5 ],
      [ "l-stick", 1 ],
      [ "tourist_table", 30 ],
      [ "trailmap", 5 ],
      [ "chem_hexamine", 5 ],
      [ "flint_steel", 10 ],
      [ "bottle_metal", 5 ],
      [ "tarp", 10 ],
      [ "tinderbox", 5 ],
      [ "cloak_wool", 5 ],
      [ "canteen_wood", 5 ],
      [ "whistle_multitool", 5 ],
      [ "esbit_stove", 10 ],
      [ "bottle_folding", 10 ],
      [ "mess_tin", 10 ],
      [ "survival_kit", 30 ],
      [ "premium_survival_kit", 3 ]
    ]
  },
  {
    "type": "item_group",
    "id": "sports",
    "items": [
      { "group": "charms_guns", "prob": 5 },
      [ "BBallglove", 10 ],
      [ "airbow", 10 ],
      [ "bandages", 50 ],
      [ "cotton_ball", 50 ],
      [ "aspirin", 85 ],
      [ "bat", 60 ],
      [ "bat_nerf", 60 ],
      [ "boxing_gloves", 35 ],
      [ "pool_cue", 30 ],
      [ "bat_metal", 60 ],
      [ "football_armor", 10 ],
      [ "helmet_football", 10 ],
      [ "sneakers", 80 ],
      [ "socks", 50 ],
      [ "socks_ankle", 70 ],
      [ "stockings", 20 ],
      [ "tshirt", 80 ],
      [ "longshirt", 70 ],
      [ "tank_top", 50 ],
      [ "sports_bra", 30 ],
      [ "unitard", 10 ],
      [ "leotard", 5 ],
      [ "trunks", 50 ],
      [ "bikini_top", 50 ],
      [ "arm_warmers", 20 ],
      [ "leg_warmers", 20 ],
      [ "leggings", 20 ],
      [ "under_armor", 20 ],
      [ "under_armor_shorts", 20 ],
      [ "towel", 40 ],
      [ "gloves_fingerless", 20 ],
      [ "mask_hockey", 25 ],
      [ "hockey_stick", 35 ],
      [ "headgear", 35 ],
      [ "jersey", 30 ],
      [ "golf_club", 35 ],
      [ "hat_golf", 20 ],
      [ "gloves_golf", 20 ],
      [ "golf_bag", 10 ],
      [ "glasses_safety", 40 ],
      [ "armguard_soft", 40 ],
      [ "chestguard_hard", 20 ],
      [ "armguard_hard", 20 ],
      [ "legguard_hard", 15 ],
      [ "goggles_swim", 50 ],
      [ "swim_fins", 30 ],
      [ "goggles_ski", 30 ],
      [ "mask_ski", 30 ],
      [ "hat_ball", 30 ],
      [ "helmet_bike", 35 ],
      [ "helmet_ball", 45 ],
      [ "frisbee", 10 ],
      [ "disc_golf", 10 ],
      [ "manual_brawl", 30 ],
      [ "manual_bashing", 1 ],
      [ "manual_melee", 10 ],
      [ "foot_crank", 10 ],
      [ "flotation_vest", 10 ],
      [ "wetsuit", 10 ],
      [ "wetsuit_spring", 10 ],
      [ "wetsuit_gloves", 20 ],
      [ "wetsuit_booties", 20 ],
      [ "wetsuit_hood", 10 ],
      [ "scuba_tank", 20 ],
      [ "small_scuba_tank", 10 ],
      [ "fishing_rod_professional", 4 ],
      [ "dive_bag", 5 ],
      [ "diving_watch", 10 ],
      [ "rebreather", 3 ],
      [ "rebreather_filter", 3 ],
      [ "glowstick", 60 ],
      [ "handflare", 40 ],
      [ "elbow_pads", 40 ],
      [ "knee_pads", 40 ],
      [ "roller_blades", 20 ],
      [ "rollerskates", 10 ],
      [ "manual_throw", 12 ],
      {
        "item": "protein_powder",
        "prob": 12,
        "container-item": "bottle_plastic_small",
        "charges-min": 1,
        "charges-max": 9
      },
      [ "airhorn", 40 ],
      [ "whistle", 10 ],
      [ "boots_hiking", 10 ],
      [ "runner_bag", 5 ],
      [ "mouthpiece", 15 ],
      [ "leathersandals", 10 ],
      [ "fencing_jacket", 8 ],
      [ "fencing_mask", 8 ],
      [ "fencing_pants", 8 ],
      [ "fencing_foil", 8 ],
      [ "fencing_sabre", 8 ],
      [ "fencing_epee", 8 ],
      [ "lame_foil", 8 ],
      [ "lame_saber", 8 ],
      [ "plastron_cotton", 8 ],
      [ "plastron_plastic", 8 ],
      [ "gauntlet_fencing", 8 ],
      [ "gauntlet_fencing_l", 1 ],
      [ "survnote", 1 ],
      [ "halter_top", 30 ],
      [ "iceaxe", 30 ],
      [ "tourist_table", 30 ]
    ]
  },
  {
    "type": "item_group",
    "id": "gunmod_common",
    "//": "Common gunmods typically owned by citizens and found in many locations.",
    "items": [
      { "group": "charms_guns", "prob": 80 },
      [ "brass_catcher", 100 ],
      [ "improve_sights", 60 ],
      [ "muzzle_brake", 20 ],
      [ "pistol_grip", 30 ],
      [ "recoil_gel", 40 ],
      [ "bipodgrip", 30 ],
      [ "rifle_scope", 30 ],
      [ "shoulder_strap", 100 ],
      [ "suppressor", 60 ],
      [ "suppressor_compact", 40 ],
      [ "cheek_pad", 25 ]
    ]
  },
  {
    "type": "item_group",
    "id": "gunmod_rare",
    "//": "Less common gunmods including those only used by police/paramilitary forces.",
    "items": [
      { "group": "charms_guns", "prob": 50 },
      [ "adjustable_stock", 80 ],
      [ "barrel_ported", 20 ],
      [ "bipod", 20 ],
      [ "folding_stock", 60 ],
      [ "grip", 80 ],
      [ "bipodgrip", 10 ],
      [ "gun_crossbow", 20 ],
      [ "stabilizer", 10 ],
      [ "laser_sight", 40 ],
      [ "light_grip", 50 ],
      [ "match_trigger", 20 ],
      [ "offset_sights", 40 ],
      [ "glockAuto", 5 ],
      [ "pistol_bayonet", 10 ],
      [ "pistol_scope", 10 ],
      [ "pistol_stock", 10 ],
      [ "arredondo_chute", 20 ],
      [ "rail_laser_sight", 40 ],
      [ "red_dot_sight", 70 ],
      [ "recoil_stock", 60 ],
      [ "shot_suppressor", 10 ],
      [ "u_shotgun", 60 ],
      [ "waterproof_gunmod", 40 ],
      [ "retool_ar15_300blk", 40 ]
    ]
  },
  {
    "id": "office_paper",
    "ammo": 100,
    "magazine": 100,
    "type": "item_group",
    "subtype": "collection",
    "//": "Random paper/data items. for filing cabinets or other office locations",
    "items": [
      { "group": "oa_discarded_news", "count": [ 2, 12 ], "prob": 20 },
      { "group": "flask_liquor", "prob": 10 },
      { "group": "elecsto_pcs", "count": [ 1, 2 ], "prob": 10 },
      { "item": "file", "count": [ 1, 8 ], "prob": 50 },
      { "group": "elecsto_stor", "count": [ 1, 2 ], "prob": 30 },
      { "item": "money_bundle", "count": [ 1, 10 ], "prob": 20 },
      { "item": "survnote", "prob": 10 },
      { "item": "flyer", "count": [ 1, 10 ], "prob": 30 },
      { "item": "character_sheet", "count": [ 1, 2 ], "prob": 5 },
      { "item": "phonebook", "prob": 10 },
      { "item": "magic_8_ball", "prob": 5 },
      { "item": "family_photo", "prob": 5 },
      { "item": "coin_quarter", "count": [ 1, 3 ], "prob": 5 },
      { "item": "icon", "count": [ 1, 3 ], "prob": 5 },
      { "item": "RobofacCoin", "count": [ 1, 3 ], "prob": 5 },
      { "item": "FMCNote", "count": [ 1, 3 ], "prob": 5 },
      { "item": "ZhighCoin", "count": [ 1, 3 ], "prob": 5 },
      { "item": "FlatCoin", "count": [ 1, 3 ], "prob": 5 },
      { "item": "signed_chit", "count": [ 1, 3 ], "prob": 5 },
      { "item": "mobile_memory_card_used", "count": [ 1, 4 ], "prob": 15 },
      { "item": "RPG_die", "prob": 5 },
      { "item": "metal_RPG_die", "prob": 1 },
      { "group": "spy_pens", "prob": 5 },
      { "item": "glowstick", "prob": 5 },
      { "item": "pen", "count": [ 1, 2 ], "prob": 10 },
      { "item": "pencil", "count": [ 1, 2 ], "prob": 7 },
      { "item": "mobile_memory_card_encrypted", "count": [ 1, 2 ], "prob": 7 }
    ]
  },
  {
    "id": "SUS_office_desk",
    "ammo": 100,
    "magazine": 100,
    "type": "item_group",
    "//": "SUS item groups are collections that contain a reasonable realistic distribution of items that might spawn in a given storage furniture.",
    "//2": "This group is for an office desk containing documents and electronics for work and some desk clutter.",
    "subtype": "collection",
    "entries": [
      { "item": "eink_tablet_pc", "prob": 20 },
      { "item": "laptop", "prob": 60 },
      { "item": "battery_charger", "prob": 80 },
      { "item": "usb_drive", "prob": 20 },
      { "item": "mobile_memory_card_used", "count": [ 1, 4 ], "prob": 15 },
      { "item": "mobile_memory_card_encrypted", "count": [ 1, 2 ], "prob": 15 },
      { "item": "file", "count": [ 1, 8 ], "prob": 50 },
      { "item": "paper", "charges": [ 100, 450 ], "prob": 60 },
      { "item": "pen", "count": [ 1, 2 ], "prob": 20 },
      { "item": "pencil", "count": [ 1, 2 ], "prob": 15 },
      { "group": "spy_pens", "prob": 5 },
      { "item": "glowstick", "prob": 5 },
      { "item": "stapler", "prob": 60 },
      { "item": "scissors", "prob": 35 },
      { "item": "phonebook", "prob": 10 },
      { "item": "family_photo", "prob": 10 },
      { "item": "coin_quarter", "count": [ 1, 3 ], "prob": 10 },
      { "item": "icon", "count": [ 1, 3 ], "prob": 10 },
      { "item": "RobofacCoin", "count": [ 1, 3 ], "prob": 10 },
      { "item": "FMCNote", "count": [ 1, 3 ], "prob": 10 },
      { "item": "ZhighCoin", "count": [ 1, 3 ], "prob": 10 },
      { "item": "FlatCoin", "count": [ 1, 3 ], "prob": 10 },
      { "item": "signed_chit", "count": [ 1, 3 ], "prob": 10 },
      { "group": "oa_discarded_news", "count": [ 2, 12 ], "prob": 20 }
    ]
  },
  {
    "id": "tools_entry",
    "type": "item_group",
    "//": "Tools used for forcing entry into a building",
    "items": [
      [ "boltcutters", 30 ],
      [ "crowbar", 50 ],
      [ "claw_bar", 25 ],
      [ "hammer_sledge", 5 ],
      [ "hammer_sledge_short", 5 ],
      [ "hammer_sledge_engineer", 10 ],
      [ "halligan", 10 ],
      [ "pike_pole", 10 ],
      [ "ny_hook", 10 ],
      [ "axe_combat", 10 ],
      [ "heavMultTool", 10 ],
      [ "crovel", 10 ]
    ]
  },
  {
    "type": "item_group",
    "id": "grenades",
    "items": [
      [ "grenade", 30 ],
      [ "grenadeHiEx", 30 ],
      [ "grenade_inc", 30 ],
      [ "flashbang", 30 ],
      [ "EMPbomb", 20 ],
      [ "grenade_emp", 10 ],
      [ "gasbomb", 15 ],
      [ "gasbomb_makeshift", 15 ],
      [ "zap_grenade", 15 ],
      [ "rad_grenade", 15 ],
      [ "cryo_grenade", 15 ],
      [ "canister_goo", 15 ],
      [ "smokebomb", 50 ],
      [ "dynamite", 50 ],
      [ "mininuke", 5 ],
      [ "c4", 50 ]
    ]
  },
  {
    "type": "item_group",
    "id": "bionics",
    "items": [
      [ "bio_batteries", 10 ],
      [ "bio_metabolics", 10 ],
      [ "bio_ethanol", 10 ],
      [ "bio_torsionratchet", 10 ],
      [ "bio_fuel_cell_gasoline", 10 ],
      [ "bio_tools", 10 ],
      [ "bio_ups", 10 ],
      [ "bio_flashlight", 10 ],
      [ "bio_tattoo_led", 10 ],
      [ "bio_lighter", 10 ],
      [ "bio_magnet", 10 ],
      [ "bio_memory", 10 ],
      [ "bio_painkiller", 10 ],
      [ "bio_alarm", 10 ],
      [ "bio_ears", 10 ],
      [ "bio_sunglasses", 10 ],
      [ "bio_eye_optic", 10 ],
      [ "bio_eye_enhancer", 10 ],
      [ "bio_dex_enhancer", 10 ],
      [ "bio_str_enhancer", 10 ],
      [ "bio_int_enhancer", 10 ],
      [ "bio_night_vision", 10 ],
      [ "bio_infrared", 10 ],
      [ "bio_targeting", 10 ],
      [ "bio_ground_sonar", 10 ],
      [ "bio_membrane", 10 ],
      [ "bio_gills", 10 ],
      [ "bio_purifier", 10 ],
      [ "bio_climate", 10 ],
      [ "bio_heatsink", 10 ],
      [ "bio_blood_filter", 10 ],
      [ "bio_recycler", 10 ],
      [ "bio_digestion", 10 ],
      [ "bio_evap", 10 ],
      [ "bio_water_extractor", 10 ],
      [ "bio_face_mask", 10 ],
      [ "bio_scent_mask", 10 ],
      [ "bio_cloak", 10 ],
      [ "bio_fingerhack", 10 ],
      [ "bio_lockpick", 10 ],
      [ "bio_night", 10 ],
      [ "bio_carbon", 10 ],
      [ "bio_armor_head", 10 ],
      [ "bio_armor_torso", 10 ],
      [ "bio_armor_arms", 10 ],
      [ "bio_armor_legs", 10 ],
      [ "bio_armor_eyes", 10 ],
      [ "bio_shock", 10 ],
      [ "bio_heat_absorb", 10 ],
      [ "bio_claws", 10 ],
      [ "bio_blade", 5 ],
      [ "bio_surgical_razor", 10 ],
      [ "bio_razors", 10 ],
      [ "bio_shockwave", 10 ],
      [ "bio_nanobots", 10 ],
      [ "bio_blood_anal", 10 ],
      [ "bio_geiger", 10 ],
      [ "bio_radscrubber", 10 ],
      [ "bio_ads", 10 ],
      [ "bio_ods", 10 ],
      [ "bio_uncanny_dodge", 10 ],
      [ "bio_resonator", 10 ],
      [ "bio_hydraulics", 10 ],
      [ "bio_time_freeze", 10 ],
      [ "bio_teleport", 10 ],
      [ "bio_probability_travel", 10 ],
      [ "bio_laser", 10 ],
      [ "bio_emp_armgun", 10 ],
      [ "bio_railgun", 10 ],
      [ "bio_flashbang", 10 ],
      [ "bio_chain_lightning", 10 ],
      [ "bio_power_armor_interface", 10 ],
      [ "bio_adrenaline", 10 ],
      [ "bio_infolink", 10 ],
      [ "bio_leukocyte", 10 ],
      [ "bio_speed", 5 ],
      [ "bio_faraday", 10 ],
      [ "bio_power_armor_interface_mkII", 5 ],
      [ "bio_remote", 10 ],
      [ "bio_cable", 10 ],
      [ "bio_syringe", 10 ],
      [ "bio_weight", 10 ],
      [ "bio_shock_absorber", 10 ],
      [ "bio_jointservo", 10 ],
      [ "bio_shotgun", 10 ],
      [ "bio_taste_blocker", 10 ],
      [ "bio_soporific", 10 ],
      [ "bn_bio_solar", 10 ],
      [ "afs_bio_missiles", 10 ],
      [ "afs_bio_linguistic_coprocessor", 10 ],
      [ "afs_bio_dopamine_stimulators", 10 ],
      [ "bio_blaster", 5 ],
      [ "bio_reactor", 10 ],
      [ "bio_electrosense", 10 ],
      [ "bio_knuckle", 10 ],
      [ "bio_mantisBlade", 10 ],
      [ "bio_armorV2_arms", 10 ],
      [ "bio_armorV2_eyes", 10 ],
      [ "bio_armorV2_head", 10 ],
      [ "bio_armorV2_legs", 10 ],
      [ "bio_armorV2_torso", 10 ]
    ]
  },
  {
    "id": "knife_shop",
    "type": "item_group",
    "items": [
      [ "knife_butcher", 20 ],
      [ "knife_combat", 35 ],
      [ "throwing_knife", 10 ],
      [ "shuriken", 10 ],
      [ "pockknife", 50 ],
      [ "punch_dagger", 10 ],
      [ "knife_trench", 7 ],
      [ "switchblade", 20 ],
      [ "karambit", 10 ],
      [ "knife_hunting", 20 ],
      [ "knife_rambo", 5 ]
    ]
  },
  {
    "type": "item_group",
    "id": "weapons",
    "items": [
      [ "chain", 20 ],
      [ "knuckle_brass", 20 ],
      [ "hammer", 35 ],
      [ "wrench", 30 ],
      [ "hammer_sledge", 4 ],
      [ "hammer_sledge_short", 2 ],
      [ "hatchet", 10 ],
      [ "ax", 8 ],
      [ "axe_combat", 3 ],
      [ "knife_combat", 14 ],
      [ "kukri", 2 ],
      [ "staff_skull", 2 ],
      [ "kanabo", 2 ],
      [ "karambit", 2 ],
      [ "hatchet_bamboo", 2 ],
      [ "baton_light", 8 ],
      [ "cudgel", 40 ],
      [ "cudgel_nail", 4 ],
      [ "indiTomahawk", 4 ],
      [ "stick_swag", 4 ],
      [ "mlbrick", 20 ],
      [ "stick_swag_red", 4 ],
      [ "stick_swag_blue", 4 ],
      [ "staff_fancy_zhigh", 4 ],
      [ "staff_spring_zhigh", 4 ],
      [ "thunderball", 4 ],
      [ "gunstock_club", 4 ],
      [ "staff_skull", 4 ],
      [ "knife_hunting", 4 ],
      [ "knife_rambo", 8 ],
      [ "knife_rm42", 2 ],
      [ "throwing_knife", 7 ],
      [ "throwing_axe", 6 ],
      [ "punch_dagger", 6 ],
      [ "pipe", 20 ],
      [ "bat", 60 ],
      [ "bullwhip", 10 ],
      [ "machete", 5 ],
      [ "baton", 8 ],
      [ "blackjack", 10 ],
      [ "tazer", 3 ],
      [ "rapier", 3 ],
      [ "cavalry_sabre", 2 ],
      [ "bat_metal", 60 ],
      [ "e_tool", 2 ],
      [ "knife_trench", 7 ],
      [ "switchblade", 4 ],
      [ "tonfa", 10 ],
      [ "tonfa_wood", 10 ],
      [ "shocktonfa_off", 5 ],
      [ "tanto", 7 ],
      [ "wakizashi", 3 ],
      [ "nodachi", 1 ],
      [ "katana", 2 ]
    ]
  },
  {
    "id": "everyday_paintballAr15",
    "type": "item_group",
    "//": "this is a distribution for the gun, reasonable number of backup mags, and some ammo to repack",
    "subtype": "collection",
    "ammo": 100,
    "entries": [
            { "item": "paintballG_AR15", "charges-min": 0, "charges-max": 15 }, 
            { "item": "paintball_tg", "prob": 100, "charges": [ 10, 20 ] } 
        ]
  },
  {
    "type": "item_group",
    "id": "carried_guns_cop",
    "//": "Police issue weapons of all types. Carried, so they have mags or loose ammo.",
    "items": [
      { "group": "everyday_paintballAr15", "prob": 15 },
      { "group": "everyday_ar15", "prob": 15 },
      { "group": "everyday_cx4", "prob": 20 },
      { "group": "everyday_fn57", "prob": 20 },
      { "group": "everyday_fn_p90", "prob": 5 },
      { "group": "everyday_glock_19", "prob": 15 },
      { "group": "everyday_glock_22", "prob": 20 },
      { "group": "everyday_hk_mp5", "prob": 10 },
      { "group": "everyday_m9", "prob": 5 },
      { "group": "everyday_mossberg_500", "prob": 15 },
      { "group": "everyday_remington_700", "prob": 5 },
      { "group": "everyday_remington_870", "prob": 20 },
      { "group": "everyday_sig_40", "prob": 20 },
      { "group": "everyday_usp_45", "prob": 10 },
      { "group": "everyday_usp_9mm", "prob": 10 },
      { "group": "everyday_kp32", "prob": 1 },
      { "group": "everyday_kp3at", "prob": 2 },
      { "group": "everyday_rugerlcp", "prob": 2 },
      { "group": "everyday_kpf9", "prob": 3 }
    ]
  },
  {
    "type": "item_group",
    "id": "games",
    "items": [
      [ "chess", 50 ],
      [ "checkers", 50 ],
      [ "deck_of_cards", 50 ],
      [ "cards_magic", 50 ],
      [ "pictionary", 50 ],
      [ "monopoly", 50 ],
      [ "dnd", 50 ],
      [ "g_warhammer", 50 ],
      [ "g_warhammer40k", 50 ],
      [ "catan", 50 ],
      [ "battleship", 50 ],
      [ "clue", 50 ],
      [ "uno", 50 ],
      [ "metal_RPG_die", 30 ],
      [ "RPG_die", 40 ],
      [ "character_sheet", 20 ],
      [ "scorecard", 10 ],
      [ "dnd_handbook", 5 ],
      [ "baduk", 25 ],
      [ "portable_game", 5 ]
    ]
  },
  {
    "id": "drugs_heal_simple",
    "type": "item_group",
    "//": "Common healing items found almost everywhere",
    "items": [
      [ "1st_aid", 80 ],
      [ "medkit1", 20 ],
      [ "medkit2", 15 ],
      [ "medkit3", 10 ],
      [ "medkit4", 1 ],
      [ "aspirin", 50 ],
      [ "bandages", 90 ],
      [ "cotton_ball", 40 ],
      [ "disinfectant", 60 ],
      [ "eyedrops", 30 ],
      [ "medical_gauze", 20 ],
      [ "medical_tape", 20 ],
      [ "pepto", 20 ],
      [ "saline", 10 ],
      [ "weak_antibiotic", 60 ]
    ]
  },
  {
    "type": "item_group",
    "id": "military",
    "subtype": "distribution",
    "entries": [
      { "group": "mil_food", "prob": 1251 },
      { "group": "mil_armor", "prob": 575 },
      { "item": "plut_cell", "prob": 5 },
      { "item": "m107a1", "prob": 1 },
      { "item": "bipod", "prob": 1 },
      { "item": "50bmg", "prob": 3 },
      { "item": "50ss", "prob": 2 },
      { "item": "50match", "prob": 1 },
      { "item": "50_mk211", "prob": 1 },
      { "item": "small_repairkit", "prob": 10 },
      { "item": "50_incendiary", "prob": 2 },
      { "item": "water_clean", "prob": 90 },
      { "item": "knuckle_brass", "prob": 15 },
      { "item": "battery_ups", "prob": 10 },
      { "item": "bandages", "prob": 50 },
      { "item": "cotton_ball", "prob": 20 },
      { "item": "iodine", "prob": 5 },
      { "item": "prussian_blue", "prob": 5 },
      { "item": "adrenaline_injector", "prob": 4 },
      { "group": "tobacco_products", "prob": 146 },
      { "item": "knife_combat", "prob": 14 },
      { "item": "kukri", "prob": 2 },
      { "item": "throwing_knife", "prob": 7 },
      { "item": "boots_steel", "prob": 50 },
      { "item": "gloves_fingerless", "prob": 20 },
      { "item": "glasses_safety", "prob": 40 },
      { "item": "hat_boonie", "prob": 10 },
      { "item": "holster", "prob": 15 },
      { "item": "sholster", "prob": 10 },
      { "item": "bandolier_shotgun", "prob": 12 },
      { "item": "torso_bandolier_shotgun", "prob": 8 },
      { "item": "bootstrap", "prob": 3 },
      { "item": "legpouch", "prob": 8 },
      { "item": "legpouch_large", "prob": 4 },
      { "item": "chestpouch", "prob": 6 },
      { "item": "ammo_satchel", "prob": 3 },
      { "item": "gobag", "prob": 1 },
      { "item": "mess_kit", "prob": 9 },
      { "item": "mil_mess_kit", "prob": 1 },
      { "item": "tent_kit", "prob": 10 },
      { "item": "large_tent_kit", "prob": 10 },
      { "item": "pistol_bayonet", "prob": 4 },
      { "item": "9mm", "prob": 8 },
      { "item": "9mmfmj", "prob": 4 },
      { "item": "45_acp", "prob": 7 },
      { "item": "45_jhp", "prob": 3 },
      { "item": "556", "prob": 6 },
      { "item": "556_incendiary", "prob": 2 },
      { "item": "762_51", "prob": 6 },
      { "item": "762_51_incendiary", "prob": 6 },
      { "item": "40x46mm_m433", "prob": 10 },
      { "item": "40x46mm_m433", "prob": 8 },
      { "item": "40x46mm_m651", "prob": 5 },
      { "item": "40x46mm_m576", "prob": 12 },
      { "item": "40x53mm_m1001", "prob": 6 },
      { "item": "20x66_shot", "prob": 4 },
      { "item": "20x66_exp", "prob": 1 },
      { "item": "20x66_inc", "prob": 1 },
      { "item": "20x66_flare", "prob": 2 },
      { "item": "20x66_frag", "prob": 1 },
      { "item": "20x66_slug", "prob": 4 },
      { "item": "20x66_flechette", "prob": 3 },
      { "item": "m9", "prob": 6 },
      { "item": "usp_45", "prob": 6 },
      { "item": "m4a1", "prob": 7 },
      { "item": "m16a4", "prob": 5 },
      { "item": "h&k416a5", "prob": 7 },
      { "item": "m1014", "prob": 2 },
      { "item": "scar_l", "prob": 6 },
      { "item": "scar_h", "prob": 5 },
      { "item": "m249", "prob": 1 },
      { "item": "m240", "prob": 1 },
      { "item": "m27iar", "prob": 1 },
      { "item": "plasma_gun", "prob": 1 },
      { "item": "m320", "prob": 5 },
      { "item": "m320_mod", "prob": 10 },
      { "item": "ugl_buttstock", "prob": 10 },
      { "item": "mgl", "prob": 6 },
      { "item": "rm802", "prob": 6 },
      { "item": "suppressor", "prob": 15 },
      { "item": "shot_suppressor", "prob": 1 },
      { "item": "brass_catcher", "prob": 15 },
      { "item": "lighter", "prob": 60 },
      { "item": "ref_lighter", "prob": 5 },
      { "item": "electric_lighter", "prob": 5 },
      { "item": "flashlight", "prob": 40 },
      { "item": "heavy_flashlight", "prob": 40 },
      { "item": "landmine", "prob": 3 },
      { "item": "grenade", "prob": 3 },
      { "item": "grenade_inc", "prob": 3 },
      { "item": "flashbang", "prob": 3 },
      { "item": "EMPbomb", "prob": 2 },
      { "item": "gasbomb", "prob": 3 },
      { "item": "smokebomb", "prob": 5 },
      { "item": "tazer", "prob": 3 },
      { "item": "c4", "prob": 5 },
      { "item": "hk_g80", "prob": 2 },
      { "item": "12mm", "prob": 2 },
      { "item": "flamethrower", "prob": 1 },
      { "item": "rm451_flamethrower", "prob": 1 },
      { "item": "binoculars", "prob": 20 },
      { "item": "masterkey", "prob": 2 },
      { "item": "rm121aux", "prob": 1 },
      { "item": "shot_flechette", "prob": 5 },
      { "item": "canteen", "prob": 15 },
      { "item": "2lcanteen", "prob": 10 },
      { "item": "camelbak", "prob": 5 },
      { "item": "jerrycan", "prob": 10 },
      { "item": "rucksack", "prob": 20 },
      { "item": "LAW_Packed", "prob": 30 },
      { "item": "m3_carlgustav", "prob": 1 },
      { "item": "84x246mm_he", "prob": 3 },
      { "item": "84x246mm_hedp", "prob": 2 },
      { "item": "84x246mm_smoke", "prob": 3 },
      { "item": "atgm_launcher", "prob": 1 },
      { "item": "atgm_heat", "prob": 1 },
      { "item": "m202_flash", "prob": 2 },
      { "item": "m74_clip", "prob": 3 },
      { "item": "rm51_assault_rifle", "prob": 1 },
      { "item": "rm88_battle_rifle", "prob": 1 },
      { "item": "rm614_lmg", "prob": 1 },
      { "item": "rm2000_smg", "prob": 1 },
      { "item": "8mm_caseless", "prob": 2 },
      { "item": "rm99_pistol", "prob": 1 },
      { "item": "8mm_jhp", "prob": 2 },
      { "item": "8mm_hvp", "prob": 2 },
      { "item": "laser_rifle", "prob": 1 },
      { "item": "rm103a_pistol", "prob": 1 },
      { "item": "laser_sight", "prob": 15 },
      { "item": "rail_laser_sight", "prob": 10 },
      { "item": "8mm_inc", "prob": 2 },
      { "item": "tac_helmet", "prob": 10 },
      { "item": "helmet_maska", "prob": 10 },
      { "item": "tac_fullhelmet", "prob": 5 },
      { "item": "helmet_lobster", "prob": 5 },
      { "item": "gum", "prob": 90 },
      { "item": "caff_gum", "prob": 10 },
      { "item": "nic_gum", "prob": 1 },
      { "item": "improve_sights", "prob": 10 },
      { "item": "waterproof_gunmod", "prob": 4 },
      { "item": "cleansuit", "prob": 5 },
      { "item": "needlegun", "prob": 4 },
      { "item": "needlepistol", "prob": 6 },
      { "item": "5x50dart", "prob": 8 },
      { "item": "5x50heavy", "prob": 4 },
      { "item": "hazmat_suit", "prob": 5 },
      { "item": "e_tool", "prob": 20 },
      { "item": "knife_trench", "prob": 14 },
      { "item": "flaregun", "prob": 20 },
      { "item": "signal_flare", "prob": 25 },
      { "item": "militarymap", "prob": 4 },
      { "item": "halligan", "prob": 10 },
      { "item": "fire_ax", "prob": 5 },
      { "item": "antiparasitic", "prob": 2 },
      { "item": "match_trigger", "prob": 2 },
      { "item": "grapnel", "prob": 1 },
      { "item": "bucket", "prob": 4 },
      { "item": "bot_haulerbot", "prob": 5 },
      { "item": "bot_laserturret", "prob": 1 },
      { "item": "sheath", "prob": 13 },
      { "item": "bootsheath", "prob": 8 },
      { "item": "toolbox", "prob": 1 },
      { "item": "knife_rm42", "prob": 4 },
      { "item": "survnote", "prob": 1 },
      { "item": "rm11b_sniper_rifle", "prob": 1 },
      { "item": "shoulder_strap", "prob": 16 },
      { "item": "bot_manhack", "prob": 1 },
      { "item": "bot_grenade_hack", "prob": 1 },
      { "item": "l-stick", "prob": 1 },
      { "item": "chem_hexamine", "prob": 5 },
      { "item": "esbit_stove", "prob": 8 },
      { "item": "mess_tin", "prob": 4 },
      { "item": "beam_scatterer", "prob": 1 },
      { "item": "focusing_lens", "prob": 1 },
      { "item": "electrolaser_conversion", "prob": 1 },
      { "item": "effective_emitter", "prob": 1 },
      { "item": "high_density_capacitor", "prob": 1 },
      { "item": "emp_gun", "prob": 1 }
    ]
  },
  {
    "type": "item_group",
    "id": "helicopter",
    "magazine": 100,
    "subtype": "distribution",
    "entries": [
      { "group": "guns_launcher_milspec", "prob": 5 },
      { "group": "guns_launcher_rocket", "prob": 44 },
      { "group": "guns_rifle_milspec", "prob": 10 },
      { "group": "mil_armor_electronics", "prob": 40 },
      { "item": "human_flesh", "prob": 4, "count-min": 1, "count-max": 10 },
      { "item": "bone_human", "prob": 10, "count-min": 1, "count-max": 5 },
      { "item": "rag_bloody", "prob": 10, "count-min": 1, "count-max": 10 },
      { "item": "sheet_metal", "prob": 22 },
      { "item": "seat", "prob": 4 },
      { "item": "chain", "prob": 20 },
      { "item": "power_supply", "prob": 16 },
      { "item": "antenna", "prob": 18 },
      { "item": "steel_chunk", "prob": 30 },
      { "item": "spring", "prob": 50 },
      { "item": "steel_lump", "prob": 30 },
      { "item": "frame", "prob": 20 },
      { "item": "steel_plate", "prob": 30 },
      { "item": "mil_plate", "prob": 30 },
      { "item": "wheel_armor", "prob": 15 },
      { "item": "spiked_plate", "prob": 15 },
      { "item": "hard_plate", "prob": 30 },
      { "item": "motor", "prob": 2 },
      { "item": "motor_large", "prob": 1 },
      { "item": "motor_small", "prob": 1 },
      { "item": "hose", "prob": 15 },
      { "item": "pants_army", "prob": 30 },
      { "item": "jacket_army", "prob": 30 },
      { "item": "winter_pants_army", "prob": 10 },
      { "item": "winter_jacket_army", "prob": 10 },
      { "item": "winter_gloves_army", "prob": 10 },
      { "item": "army_top", "prob": 30 },
      { "item": "boots_combat", "prob": 10 },
      { "item": "gloves_tactical", "prob": 10 },
      { "item": "jumpsuit", "prob": 20 },
      { "item": "kevlar", "prob": 10 },
      { "item": "modularvest", "prob": 27 },
      { "item": "modularvestceramic", "prob": 34 },
      { "item": "kevlar_plate", "prob": 10 },
      { "item": "mask_gas", "prob": 10 },
      { "item": "helmet_army", "prob": 40 },
      { "item": "helmet_liner", "prob": 10 },
      { "group": "ammo_pocket_batteries_full", "prob": 50 },
      { "item": "plut_cell", "prob": 10 },
      { "item": "m249", "prob": 1 },
      { "item": "m240", "prob": 1 },
      { "item": "rm614_lmg", "prob": 1 },
      { "item": "rm298", "prob": 1 },
      { "item": "m134", "prob": 1 },
      { "item": "atgm_launcher", "prob": 1 },
      { "item": "atgm_heat", "prob": 3 },
      { "item": "v8_combustion", "prob": 5 },
      { "item": "engine_block_large", "prob": 5 },
      { "item": "extinguisher", "prob": 20 },
      { "item": "tacvest", "prob": 10 },
      { "item": "molle_pack", "prob": 8 },
      { "item": "legrig", "prob": 10 },
      { "item": "rucksack", "prob": 20 },
      { "item": "gobag", "prob": 2 },
      { "item": "survival_kit", "prob": 3 },
      { "item": "recipe_raptor", "prob": 2 },
      { "item": "tac_helmet", "prob": 5 },
      { "item": "helmet_maska", "prob": 5 },
      { "item": "tac_fullhelmet", "prob": 2 },
      { "item": "helmet_lobster", "prob": 2 },
      { "item": "cowboy_hat", "prob": 4 },
      { "item": "mask_bal", "prob": 1 },
      { "item": "sm_extinguisher", "prob": 10 },
      { "item": "flaregun", "prob": 20 },
      { "item": "signal_flare", "prob": 25 },
      { "item": "glasses_bal", "prob": 10 },
      { "item": "55gal_drum", "prob": 1 },
      { "item": "30gal_drum", "prob": 2 },
      { "item": "grapnel", "prob": 1 },
      { "item": "briefcase", "prob": 5 },
      { "item": "survnote", "prob": 2 },
      { "item": "robot_controls", "prob": 3 }
    ]
  }
]