[
  {
    "type": "furniture",
    "id": "f_ladder_ropeNplank",
    "name": "stepladder",
    "looks_like": "f_ladder",
    "description": "A short, foldable ladder.  Can help you climb to a rooftop, or maybe slow something down.",
    "symbol": "H",
    "color": "brown",
    "move_cost_mod": 3,
    "required_str": 6,
    "flags": [ "LADDER", "TRANSPARENT", "SEEN_FROM_ABOVE" ],
    "examine_action": "deployed_furniture",
    "deployed_item": "stepladder_ropeNplank",
    "bash": {
      "str_min": 4,
      "str_max": 40,
      "sound": "smash!",
      "sound_fail": "whump.",
      "items": [
        { "item": "rope_6", "count": [ 2, 4 ] },
        { "item": "2x4", "count": [ 2, 5 ] },
        { "item": "nail", "charges": [ 5, 15 ] },
        { "item": "splinter", "count": [ 3, 5 ] }
      ]
    }
  }
]