[
  {
    "type": "start_location",
    "id": "sloc_ZhighSchool",
    "name": "high school",
    "terrain": [ "ZhighSchool_2_9" ]
  },
  {
    "type": "overmap_terrain",
    "id": [ "ZhighSchool_1_1", "ZhighSchool_1_3", "ZhighSchool_1_4", "ZhighSchool_1_5", "ZhighSchool_1_6", "ZhighSchool_1_7", "ZhighSchool_1_8", "ZhighSchool_1_9" ],
    "name": "high school",
    "sym": "s",
    "color": "light_blue",
    "looks_like": "school_1_3_north",
    "see_cost": 1,
    "mondensity": 2,
    "flags": [ "SIDEWALK", "SOURCE_PEOPLE", "SOURCE_BOOKS", "SOURCE_SAFETY", "RISK_LOW" ]
  },
  {
    "type": "overmap_terrain",
    "id": "ZhighSchool_1_2",
    "name": "high school",
    "sym": "H",
    "color": "light_blue",
    "looks_like": "school_1_7_north",
    "see_cost": 1,
    "mondensity": 0,
    "flags": [ "SIDEWALK", "SOURCE_PEOPLE", "SOURCE_BOOKS", "SOURCE_SAFETY", "RISK_LOW" ]
  },
  {
    "type": "overmap_terrain",
    "id": [
      "ZhighSchool_2_2",
      "ZhighSchool_2_3",
      "ZhighSchool_2_4",
      "ZhighSchool_2_5",
      "ZhighSchool_2_6",
      "ZhighSchool_2_7",
      "ZhighSchool_3_2",
      "ZhighSchool_3_3",
      "ZhighSchool_3_4",
      "ZhighSchool_3_5",
      "ZhighSchool_3_6",
      "ZhighSchool_3_7",
      "ZhighSchool_4_2",
      "ZhighSchool_4_3",
      "ZhighSchool_4_4",
      "ZhighSchool_4_5",
      "ZhighSchool_4_6",
      "ZhighSchool_4_7"
    ],
    "name": "high school",
    "sym": "s",
    "color": "light_blue",
    "looks_like": "school_1_3_north",
    "see_cost": 1,
    "mondensity": 3,
    "flags": [ "SOURCE_BOOKS", "SOURCE_SAFETY", "RISK_LOW", "SOURCE_PEOPLE" ]
  },
  {
    "type": "overmap_terrain",
    "id": [
      "ZhighSchool_2_1",
      "ZhighSchool_2_8",
      "ZhighSchool_2_9",
      "ZhighSchool_3_1",
      "ZhighSchool_3_8",
      "ZhighSchool_3_9",
      "ZhighSchool_4_1",
      "ZhighSchool_4_8",
      "ZhighSchool_4_9"
    ],
    "name": "high school",
    "sym": "s",
    "color": "light_blue",
    "looks_like": "school_1_3_north",
    "see_cost": 1,
    "mondensity": 0,
    "flags": [ "SOURCE_BOOKS", "SOURCE_SAFETY", "RISK_LOW", "SOURCE_PEOPLE" ]
  },
  {
    "type": "overmap_special",
    "id": "ZhighSchool",
    "overmaps": [
      { "point": [ -2, -2, 0 ], "overmap": "empty_rock" },
      { "point": [ -2, -1, 0 ], "overmap": "empty_rock" },
      { "point": [ -2, 0, 0 ], "overmap": "empty_rock" },
      { "point": [ -2, 1, 0 ], "overmap": "empty_rock" },
      { "point": [ -2, 2, 0 ], "overmap": "empty_rock" },
      { "point": [ -2, 3, 0 ], "overmap": "empty_rock" },
      { "point": [ -2, 4, 0 ], "overmap": "empty_rock" },
      { "point": [ -2, 5, 0 ], "overmap": "empty_rock" },
      { "point": [ -2, 6, 0 ], "overmap": "empty_rock" },
      { "point": [ -2, 7, 0 ], "overmap": "empty_rock" },
      { "point": [ -2, 8, 0 ], "overmap": "empty_rock" },
      { "point": [ -2, 9, 0 ], "overmap": "empty_rock" },
      { "point": [ -2, 10, 0 ], "overmap": "empty_rock" },
      { "point": [ -2, 11, 0 ], "overmap": "empty_rock" },
      { "point": [ -2, 12, 0 ], "overmap": "empty_rock" },
      { "point": [ -2, 13, 0 ], "overmap": "empty_rock" },
      { "point": [ -2, 14, 0 ], "overmap": "empty_rock" },
      { "point": [ -2, 15, 0 ], "overmap": "empty_rock" },
      { "point": [ -2, 16, 0 ], "overmap": "empty_rock" },
      { "point": [ -1, -2, 0 ], "overmap": "empty_rock" },
      { "point": [ -1, 16, 0 ], "overmap": "empty_rock" },
      { "point": [ 0, -2, 0 ], "overmap": "empty_rock" },
      { "point": [ 0, 0, 0 ], "overmap": "empty_rock" },
      { "point": [ 0, 1, 0 ], "overmap": "empty_rock" },
      { "point": [ 0, 2, 0 ], "overmap": "empty_rock" },
      { "point": [ 0, 3, 0 ], "overmap": "empty_rock" },
      { "point": [ 0, 4, 0 ], "overmap": "empty_rock" },
      { "point": [ 0, 5, 0 ], "overmap": "empty_rock" },
      { "point": [ 0, 6, 0 ], "overmap": "empty_rock" },
      { "point": [ 0, 7, 0 ], "overmap": "empty_rock" },
      { "point": [ 0, 8, 0 ], "overmap": "empty_rock" },
      { "point": [ 0, 9, 0 ], "overmap": "empty_rock" },
      { "point": [ 0, 10, 0 ], "overmap": "empty_rock" },
      { "point": [ 0, 11, 0 ], "overmap": "empty_rock" },
      { "point": [ 0, 12, 0 ], "overmap": "empty_rock" },
      { "point": [ 0, 13, 0 ], "overmap": "empty_rock" },
      { "point": [ 0, 14, 0 ], "overmap": "empty_rock" },
      { "point": [ 0, 16, 0 ], "overmap": "empty_rock" },
      { "point": [ 1, -2, 0 ], "overmap": "empty_rock" },
      { "point": [ 1, 0, 0 ], "overmap": "empty_rock" },
      { "point": [ 1, 1, 0 ], "overmap": "road_end_west" },
      { "point": [ 1, 2, 0 ], "overmap": "hotel_tower_1_6_north" },
      { "point": [ 1, 2, 1 ], "overmap": "hotel_tower_flr2_1_6_north" },
      { "point": [ 1, 2, 2 ], "overmap": "hotel_tower_flr3_1_6_north" },
      { "point": [ 1, 2, 3 ], "overmap": "hotel_tower_flr3_1_6_north" },
      { "point": [ 1, 2, 4 ], "overmap": "hotel_tower_flr4_1_6_north" },
      { "point": [ 1, 2, 5 ], "overmap": "hotel_tower_roof_1_6_north" },
      { "point": [ 1, 3, -1 ], "overmap": "hotel_tower_b_3_north" },
      { "point": [ 1, 3, 0 ], "overmap": "hotel_tower_1_9_north" },
      { "point": [ 1, 3, 1 ], "overmap": "hotel_tower_flr2_1_9_north" },
      { "point": [ 1, 3, 2 ], "overmap": "hotel_tower_flr3_1_9_north" },
      { "point": [ 1, 3, 3 ], "overmap": "hotel_tower_flr3_1_9_north" },
      { "point": [ 1, 3, 4 ], "overmap": "hotel_tower_flr4_1_9_north" },
      { "point": [ 1, 3, 5 ], "overmap": "hotel_tower_roof_1_9_north" },
      { "point": [ 1, 11, 0 ], "overmap": "road_end_west" },
      { "point": [ 1, 12, 0 ], "overmap": "s_baseballfield_a1_north" },
      { "point": [ 1, 13, 0 ], "overmap": "s_baseballfield_b1_north" },
      { "point": [ 1, 14, 0 ], "overmap": "empty_rock" },
      { "point": [ 1, 16, 0 ], "overmap": "empty_rock" },
      { "point": [ 2, -2, 0 ], "overmap": "empty_rock" },
      { "point": [ 2, 0, 0 ], "overmap": "empty_rock" },
      { "point": [ 2, 1, 0 ], "overmap": "road_ew" },
      { "point": [ 2, 2, 0 ], "overmap": "hotel_tower_1_5B_north" },
      { "point": [ 2, 2, 1 ], "overmap": "hotel_tower_flr2_1_5B_north" },
      { "point": [ 2, 2, 2 ], "overmap": "hotel_tower_flr3_1_5_north" },
      { "point": [ 2, 2, 3 ], "overmap": "hotel_tower_flr3_1_5_north" },
      { "point": [ 2, 2, 4 ], "overmap": "hotel_tower_flr4_1_5_north" },
      { "point": [ 2, 2, 5 ], "overmap": "hotel_tower_roof_1_5_north" },
      { "point": [ 2, 3, 0 ], "overmap": "hotel_tower_1_8_north" },
      { "point": [ 2, 3, 1 ], "overmap": "hotel_tower_flr2_1_8_north" },
      { "point": [ 2, 3, 2 ], "overmap": "hotel_tower_flr3_1_8_north" },
      { "point": [ 2, 3, 3 ], "overmap": "hotel_tower_flr3_1_8_north" },
      { "point": [ 2, 3, 4 ], "overmap": "hotel_tower_flr4_1_8_north" },
      { "point": [ 2, 3, 5 ], "overmap": "hotel_tower_roof_1_8_north" },
      { "point": [ 2, 11, 0 ], "overmap": "road_ew" },
      { "point": [ 2, 12, 0 ], "overmap": "s_baseballfield_a2_north" },
      { "point": [ 2, 13, 0 ], "overmap": "s_baseballfield_b2_north" },
      { "point": [ 2, 14, 0 ], "overmap": "empty_rock" },
      { "point": [ 2, 16, 0 ], "overmap": "empty_rock" },
      { "point": [ 3, -2, 0 ], "overmap": "empty_rock" },
      { "point": [ 3, 0, 0 ], "overmap": "empty_rock" },
      { "point": [ 3, 1, 0 ], "overmap": "road_ew" },
      { "point": [ 2, 3, -1 ], "overmap": "hotel_tower_b_2_north" },
      { "point": [ 3, 2, 0 ], "overmap": "hotel_tower_1_4_north" },
      { "point": [ 3, 2, 1 ], "overmap": "hotel_tower_flr2_1_4_north" },
      { "point": [ 3, 2, 2 ], "overmap": "hotel_tower_flr3_1_4_north" },
      { "point": [ 3, 2, 3 ], "overmap": "hotel_tower_flr3_1_4_north" },
      { "point": [ 3, 2, 4 ], "overmap": "hotel_tower_flr4_1_4_north" },
      { "point": [ 3, 2, 5 ], "overmap": "hotel_tower_roof_1_4_north" },
      { "point": [ 3, 3, -1 ], "overmap": "hotel_tower_b_1_north" },
      { "point": [ 3, 3, 0 ], "overmap": "hotel_tower_1_7_north" },
      { "point": [ 3, 3, 1 ], "overmap": "hotel_tower_flr2_1_7_north" },
      { "point": [ 3, 3, 2 ], "overmap": "hotel_tower_flr3_1_7_north" },
      { "point": [ 3, 3, 3 ], "overmap": "hotel_tower_flr3_1_7_north" },
      { "point": [ 3, 3, 4 ], "overmap": "hotel_tower_flr4_1_7_north" },
      { "point": [ 3, 3, 5 ], "overmap": "hotel_tower_roof_1_7_north" },
      { "point": [ 3, 7, 0 ], "overmap": "road_es" },
      { "point": [ 3, 8, 0 ], "overmap": "road_ns" },
      { "point": [ 3, 9, 0 ], "overmap": "road_ns" },
      { "point": [ 3, 10, 0 ], "overmap": "road_ns" },
      { "point": [ 3, 11, 0 ], "overmap": "road_nsw" },
      { "point": [ 3, 12, 0 ], "overmap": "road_ne" },
      { "point": [ 3, 13, 0 ], "overmap": "pool_north" }, 
      { "point": [ 3, 13, 1 ], "overmap": "pool_roof_north" },
      { "point": [ 3, 14, 0 ], "overmap": "empty_rock" },
      { "point": [ 3, 16, 0 ], "overmap": "empty_rock" },
      { "point": [ 4, -2, 0 ], "overmap": "empty_rock" },
      { "point": [ 4, 0, 0 ], "overmap": "empty_rock" },
      { "point": [ 4, 1, 0 ], "overmap": "road_ew" },
      { "point": [ 4, 7, 0 ], "overmap": "road_ew" },
      { "point": [ 4, 8, 0 ], "overmap": "shootingrange_1a_north" },
      { "point": [ 4, 8, 1 ], "overmap": "shootingrange_1a_roof_north" },
      { "point": [ 4, 9, 0 ], "overmap": "shootingrange_2a_north" },
      { "point": [ 4, 12, 0 ], "overmap": "road_end_east" },
      { "point": [ 4, 13, 0 ], "overmap": "small_storage_units_north" },
      { "point": [ 4, 13, 1 ], "overmap": "small_storage_units_roof_north" },
      { "point": [ 4, 14, 0 ], "overmap": "empty_rock" },
      { "point": [ 4, 16, 0 ], "overmap": "empty_rock" },
      { "point": [ 5, -2, 0 ], "overmap": "empty_rock" },
      { "point": [ 5, 0, 0 ], "overmap": "empty_rock" },
      { "point": [ 5, 1, 0 ], "overmap": "road_ew" },
      { "point": [ 5, 5, 0 ], "overmap": "road_es" },
      { "point": [ 5, 6, 0 ], "overmap": "road_ns" },
      { "point": [ 5, 7, 0 ], "overmap": "road_nsw" },
      { "point": [ 5, 8, 0 ], "overmap": "road_ns" },
      { "point": [ 5, 9, 0 ], "overmap": "road_ns" },
      { "point": [ 5, 10, 0 ], "overmap": "road_ne" },
      { "point": [ 5, 14, 0 ], "overmap": "empty_rock" },
      { "point": [ 5, 16, 0 ], "overmap": "empty_rock" },
      { "point": [ 6, -2, 0 ], "overmap": "empty_rock" },
      { "point": [ 6, 0, 0 ], "overmap": "empty_rock" },
      { "point": [ 6, 1, 0 ], "overmap": "road_ew" },
      { "point": [ 6, 2, 0 ], "overmap": "forest_thick" },
      { "point": [ 6, 3, 0 ], "overmap": "radio_tower_1_east" },
      { "point": [ 6, 3, 1 ], "overmap": "radio_tower_roof_1_east" },
      { "point": [ 6, 3, 2 ], "overmap": "radio_tower_even_east" },
      { "point": [ 6, 3, 3 ], "overmap": "radio_tower_odd_east" },
      { "point": [ 6, 3, 4 ], "overmap": "radio_tower_even_east" },
      { "point": [ 6, 3, 5 ], "overmap": "radio_tower_odd_east" },
      { "point": [ 6, 3, 6 ], "overmap": "radio_tower_even_east" },
      { "point": [ 6, 3, 7 ], "overmap": "radio_tower_odd_east" },
      { "point": [ 6, 3, 8 ], "overmap": "radio_tower_even_east" },
      { "point": [ 6, 3, 9 ], "overmap": "radio_tower_odd_east" },
      { "point": [ 6, 3, 10 ], "overmap": "radio_tower_top_east" },
      { "point": [ 6, 5, 0 ], "overmap": "road_ew" },
      { "point": [ 6, 6, 0 ], "overmap": "ZhighSchool_1_3_north" },
      { "point": [ 6, 6, 1 ], "overmap": "ZhighSchool_2_3_north" },
      { "point": [ 6, 6, 2 ], "overmap": "ZhighSchool_3_3_north" },
      { "point": [ 6, 6, 3 ], "overmap": "ZhighSchool_4_3_north" },
      { "point": [ 6, 7, 0 ], "overmap": "ZhighSchool_1_6_north" },
      { "point": [ 6, 7, 1 ], "overmap": "ZhighSchool_2_6_north" },
      { "point": [ 6, 7, 2 ], "overmap": "ZhighSchool_3_6_north" },
      { "point": [ 6, 7, 3 ], "overmap": "ZhighSchool_4_6_north" },
      { "point": [ 6, 8, 0 ], "overmap": "ZhighSchool_1_9_north" },
      { "point": [ 6, 8, 1 ], "overmap": "ZhighSchool_2_9_north" },
      { "point": [ 6, 8, 2 ], "overmap": "ZhighSchool_3_9_north" },
      { "point": [ 6, 8, 3 ], "overmap": "ZhighSchool_4_9_north" },
      { "point": [ 6, 9, 0 ], "overmap": "football_field_b2_north" },
      { "point": [ 6, 10, 0 ], "overmap": "road_ew" },
      { "point": [ 6, 11, 0 ], "overmap": "zoo_0_0_north" },
      { "point": [ 6, 12, 0 ], "overmap": "zoo_0_1_north" },
      { "point": [ 6, 12, 1 ], "overmap": "zoo_0_1_roof_north" },
      { "point": [ 6, 13, 0 ], "overmap": "zoo_0_2_north" },
      { "point": [ 6, 13, 1 ], "overmap": "zoo_0_2_roof_north" },
      { "point": [ 6, 14, 0 ], "overmap": "empty_rock" },
      { "point": [ 6, 16, 0 ], "overmap": "empty_rock" },
      { "point": [ 7, -2, 0 ], "overmap": "empty_rock" },
      { "point": [ 7, 0, 0 ], "overmap": "empty_rock" },
      { "point": [ 7, 1, 0 ], "overmap": "road_esw" },
      { "point": [ 7, 2, 0 ], "overmap": "road_ns" },
      { "point": [ 7, 3, 0 ], "overmap": "road_ns" },
      { "point": [ 7, 4, 0 ], "overmap": "road_ns" },
      { "point": [ 7, 5, 0 ], "overmap": "road_new" },
      { "point": [ 7, 6, 0 ], "overmap": "ZhighSchool_1_2_north" },
      { "point": [ 7, 6, 1 ], "overmap": "ZhighSchool_2_2_north" },
      { "point": [ 7, 6, 2 ], "overmap": "ZhighSchool_3_2_north" },
      { "point": [ 7, 6, 3 ], "overmap": "ZhighSchool_4_2_north" },
      { "point": [ 7, 7, 0 ], "overmap": "ZhighSchool_1_5_north" },
      { "point": [ 7, 7, 1 ], "overmap": "ZhighSchool_2_5_north" },
      { "point": [ 7, 7, 2 ], "overmap": "ZhighSchool_3_5_north" },
      { "point": [ 7, 7, 3 ], "overmap": "ZhighSchool_4_5_north" },
      { "point": [ 7, 8, 0 ], "overmap": "ZhighSchool_1_8_north" },
      { "point": [ 7, 8, 1 ], "overmap": "ZhighSchool_2_8_north" },
      { "point": [ 7, 8, 2 ], "overmap": "ZhighSchool_3_8_north" },
      { "point": [ 7, 8, 3 ], "overmap": "ZhighSchool_4_8_north" },
      { "point": [ 7, 9, 0 ], "overmap": "football_field_b3_north" },
      { "point": [ 7, 10, 0 ], "overmap": "road_ew" },
      { "point": [ 7, 11, 0 ], "overmap": "zoo_1_0_north" },
      { "point": [ 7, 12, 0 ], "overmap": "zoo_1_1_north" },
      { "point": [ 7, 12, 1 ], "overmap": "zoo_1_1_roof_north" },
      { "point": [ 7, 13, 0 ], "overmap": "zoo_1_2_north" },
      { "point": [ 7, 13, 1 ], "overmap": "zoo_1_2_roof_north" },
      { "point": [ 7, 14, 0 ], "overmap": "empty_rock" },
      { "point": [ 7, 16, 0 ], "overmap": "empty_rock" },
      { "point": [ 8, -2, 0 ], "overmap": "empty_rock" },
      { "point": [ 8, 0, 0 ], "overmap": "empty_rock" },
      { "point": [ 8, 1, 0 ], "overmap": "sub_station_west" },
      { "point": [ 8, 1, 1 ], "overmap": "sub_station_roof_west" },
      { "point": [ 8, 1, -1 ], "overmap": "sewer_sub_station_west" },
      { "point": [ 8, 1, -2 ], "overmap": "underground_sub_station_west" },
      { "point": [ 8, 5, 0 ], "overmap": "road_ew" },
      { "point": [ 8, 6, 0 ], "overmap": "ZhighSchool_1_1_north" },
      { "point": [ 8, 6, 1 ], "overmap": "ZhighSchool_2_1_north" },
      { "point": [ 8, 6, 2 ], "overmap": "ZhighSchool_3_1_north" },
      { "point": [ 8, 6, 3 ], "overmap": "ZhighSchool_4_1_north" },
      { "point": [ 8, 7, 0 ], "overmap": "ZhighSchool_1_4_north" },
      { "point": [ 8, 7, 1 ], "overmap": "ZhighSchool_2_4_north" },
      { "point": [ 8, 7, 2 ], "overmap": "ZhighSchool_3_4_north" },
      { "point": [ 8, 7, 3 ], "overmap": "ZhighSchool_4_4_north" },
      { "point": [ 8, 8, 1 ], "overmap": "ZhighSchool_2_7_north" },
      { "point": [ 8, 8, 2 ], "overmap": "ZhighSchool_3_7_north" },
      { "point": [ 8, 8, 3 ], "overmap": "ZhighSchool_4_7_north" },
      { "point": [ 8, 8, 0 ], "overmap": "ZhighSchool_1_7_north" },
      { "point": [ 8, 9, 0 ], "overmap": "football_field_b4_north" },
      { "point": [ 8, 10, 0 ], "overmap": "road_ew" },
      { "point": [ 8, 11, 0 ], "overmap": "zoo_2_0_north" },
      { "point": [ 8, 12, 0 ], "overmap": "zoo_2_1_north" },
      { "point": [ 8, 12, 1 ], "overmap": "zoo_2_1_roof_north" },
      { "point": [ 8, 13, 0 ], "overmap": "zoo_2_2_north" },
      { "point": [ 8, 13, 1 ], "overmap": "zoo_2_2_roof_north" },
      { "point": [ 8, 14, 0 ], "overmap": "empty_rock" },
      { "point": [ 8, 16, 0 ], "overmap": "empty_rock" },
      { "point": [ 9, -2, 0 ], "overmap": "empty_rock" },
      { "point": [ 9, 0, 0 ], "overmap": "empty_rock" },
      { "point": [ 9, 5, 0 ], "overmap": "road_sw" },
      { "point": [ 9, 6, 0 ], "overmap": "road_nes" },
      { "point": [ 9, 7, 0 ], "overmap": "road_ns" },
      { "point": [ 9, 8, 0 ], "overmap": "road_ns" },
      { "point": [ 9, 9, 0 ], "overmap": "road_ns" },
      { "point": [ 9, 10, 0 ], "overmap": "road_wn" },
      { "point": [ 9, 14, 0 ], "overmap": "empty_rock" },
      { "point": [ 9, 16, 0 ], "overmap": "empty_rock" },
      { "point": [ 10, -2, 0 ], "overmap": "empty_rock" },
      { "point": [ 10, 0, 0 ], "overmap": "empty_rock" },
      { "point": [ 10, 3, 0 ], "overmap": "ws_fire_lookout_tower_base_north" },
      { "point": [ 10, 3, 1 ], "overmap": "ws_fire_lookout_tower_f1_north" },
      { "point": [ 10, 3, 2 ], "overmap": "ws_fire_lookout_tower_f2_north" },
      { "point": [ 10, 3, 3 ], "overmap": "ws_fire_lookout_tower_f3_north" },
      { "point": [ 10, 3, 4 ], "overmap": "ws_fire_lookout_tower_f4_north" },
      { "point": [ 10, 3, 5 ], "overmap": "ws_fire_lookout_tower_f5_north" },
      { "point": [ 10, 6, 0 ], "overmap": "road_ew" },
      { "point": [ 10, 7, 0 ], "overmap": "state_park_0_0_north" },
      { "point": [ 10, 8, 0 ], "overmap": "state_park_0_1_north" },
      { "point": [ 10, 14, 0 ], "overmap": "empty_rock" },
      { "point": [ 10, 16, 0 ], "overmap": "empty_rock" },
      { "point": [ 11, -2, 0 ], "overmap": "empty_rock" },
      { "point": [ 11, 0, 0 ], "overmap": "empty_rock" },
      { "point": [ 11, 6, 0 ], "overmap": "road_ew" },
      { "point": [ 11, 7, 0 ], "overmap": "state_park_1_0_north" },
      { "point": [ 11, 8, 0 ], "overmap": "state_park_1_1_north" },
      { "point": [ 11, 14, 0 ], "overmap": "empty_rock" },
      { "point": [ 11, 16, 0 ], "overmap": "empty_rock" },
      { "point": [ 12, -2, 0 ], "overmap": "empty_rock" },
      { "point": [ 12, 0, 0 ], "overmap": "empty_rock" },
      { "point": [ 12, 6, 0 ], "overmap": "road_end_east" },
      { "point": [ 12, 12, 0 ], "overmap": "fishing_pond_0_0_north" },
      { "point": [ 12, 13, 0 ], "overmap": "fishing_pond_0_1_north" },
      { "point": [ 12, 14, 0 ], "overmap": "empty_rock" },
      { "point": [ 12, 16, 0 ], "overmap": "empty_rock" },
      { "point": [ 13, -2, 0 ], "overmap": "empty_rock" },
      { "point": [ 13, 0, 0 ], "overmap": "empty_rock" },
      { "point": [ 13, 1, 0 ], "overmap": "cabin_strange_north" },
      { "point": [ 13, 1, 1 ], "overmap": "cabin_strange_roof_north" },
      { "point": [ 13, 1, -1 ], "overmap": "cabin_strange_b_north" },
      { "point": [ 13, 4, -1 ], "overmap": "pump_station_3_north" },
      { "point": [ 13, 5, 0 ], "overmap": "pump_station_1_north" },
      { "point": [ 13, 5, 1 ], "overmap": "pump_station_1_roof_north" },
      { "point": [ 13, 5, -1 ], "overmap": "pump_station_4_north" },
      { "point": [ 13, 6, 0 ], "overmap": "pump_station_2_north" },
      { "point": [ 13, 6, 1 ], "overmap": "pump_station_2_roof_north" },
      { "point": [ 13, 6, -1 ], "overmap": "pump_station_5_north" },
      { "point": [ 13, 12, 0 ], "overmap": "fishing_pond_1_0_north" },
      { "point": [ 13, 13, 0 ], "overmap": "fishing_pond_1_1_north" },
      { "point": [ 13, 14, 0 ], "overmap": "empty_rock" },
      { "point": [ 13, 16, 0 ], "overmap": "empty_rock" },
      { "point": [ 14, -2, 0 ], "overmap": "empty_rock" },
      { "point": [ 14, 0, 0 ], "overmap": "empty_rock" },
      { "point": [ 14, 1, 0 ], "overmap": "empty_rock" },
      { "point": [ 14, 2, 0 ], "overmap": "empty_rock" },
      { "point": [ 14, 3, 0 ], "overmap": "empty_rock" },
      { "point": [ 14, 4, 0 ], "overmap": "empty_rock" },
      { "point": [ 14, 5, 0 ], "overmap": "empty_rock" },
      { "point": [ 14, 6, 0 ], "overmap": "empty_rock" },
      { "point": [ 14, 7, 0 ], "overmap": "empty_rock" },
      { "point": [ 14, 8, 0 ], "overmap": "empty_rock" },
      { "point": [ 14, 9, 0 ], "overmap": "empty_rock" },
      { "point": [ 14, 10, 0 ], "overmap": "empty_rock" },
      { "point": [ 14, 11, 0 ], "overmap": "empty_rock" },
      { "point": [ 14, 12, 0 ], "overmap": "empty_rock" },
      { "point": [ 14, 13, 0 ], "overmap": "empty_rock" },
      { "point": [ 14, 14, 0 ], "overmap": "empty_rock" },
      { "point": [ 14, 16, 0 ], "overmap": "empty_rock" },
      { "point": [ 15, -2, 0 ], "overmap": "empty_rock" },
      { "point": [ 15, 16, 0 ], "overmap": "empty_rock" },
      { "point": [ 16, -2, 0 ], "overmap": "empty_rock" },
      { "point": [ 16, -1, 0 ], "overmap": "empty_rock" },
      { "point": [ 16, 0, 0 ], "overmap": "empty_rock" },
      { "point": [ 16, 1, 0 ], "overmap": "empty_rock" },
      { "point": [ 16, 2, 0 ], "overmap": "empty_rock" },
      { "point": [ 16, 3, 0 ], "overmap": "empty_rock" },
      { "point": [ 16, 4, 0 ], "overmap": "empty_rock" },
      { "point": [ 16, 5, 0 ], "overmap": "empty_rock" },
      { "point": [ 16, 6, 0 ], "overmap": "empty_rock" },
      { "point": [ 16, 7, 0 ], "overmap": "empty_rock" },
      { "point": [ 16, 8, 0 ], "overmap": "empty_rock" },
      { "point": [ 16, 9, 0 ], "overmap": "empty_rock" },
      { "point": [ 16, 10, 0 ], "overmap": "empty_rock" },
      { "point": [ 16, 11, 0 ], "overmap": "empty_rock" },
      { "point": [ 16, 12, 0 ], "overmap": "empty_rock" },
      { "point": [ 16, 13, 0 ], "overmap": "empty_rock" },
      { "point": [ 16, 14, 0 ], "overmap": "empty_rock" },
      { "point": [ 16, 15, 0 ], "overmap": "empty_rock" },
      { "point": [ 16, 16, 0 ], "overmap": "empty_rock" }
    ],
    "place_nested": [ { "point": [ 7, 6, -1 ], "special": "lab_basement" } ],
    "city_distance": [ 4, 20 ],
    "connections": [ 
      { "point": [ 9, 1, -2 ], "connection": "subway_tunnel", "from": [ 8, 1, -2 ] },
      { "point": [ 10, 1, -2 ], "connection": "subway_tunnel", "from": [ 8, 1, -2 ] },
      { "point": [ 14, 4, -1 ], "connection": "sewer_tunnel", "from": [ 13, 4, -1 ] },
      { "point": [ 13, 7, -1 ], "connection": "sewer_tunnel", "from": [ 13, 6, -1 ] } ],
    "occurrences": [ 33, 100 ],
    "city_sizes": [ 0, -1 ],
    "locations": [ "forest" ],
    "rotate": false,
    "flags": [ "CLASSIC", "MAN_MADE", "URBAN", "UNIQUE", "LAB", "ELECTRIC_GRID" ],
    "spawns": { "group": "GROUP_ZHIGH", "population": [ 25, 30 ], "radius": [ 4, 5 ] }
  },
  {
    "type": "mapgen",
    "method": "json",
    "om_terrain": [
      [ "ZhighSchool_1_3", "ZhighSchool_1_2", "ZhighSchool_1_1" ],
      [ "ZhighSchool_1_6", "ZhighSchool_1_5", "ZhighSchool_1_4" ],
      [ "ZhighSchool_1_9", "ZhighSchool_1_8", "ZhighSchool_1_7" ]
    ],
    "weight": 3000,
    "object": {
      "fill_ter": "t_strconc_floor",
      "rows": [
        "ssssssss_______sssssssssssssssssssssssssssssssssssssssssssssssssssssssss",
        "s$;$ $;$_______$;$ $;$ssssssssssssssssssssssssssssssssssssssssssssssssss",
        "sQLLLLLL_______LLLLLLQss             Q   QssQ   Q                       ",
        "s_____________________ss                  ss   $;$$$$$;$$$$$$$$;$$$$$;$ ",
        "s_____________________ss  $$;$$$$$$$$;$ $QssQ$ ||wwww||||wwww||||wwww|| ",
        "s_____________________ss  $||www||www||   ss   |Q....llllccccllll....Q| ",
        "sQLLLLLL_______LLLLLLQss  $|hddhaQhddh| $QssQ$ |......................w ",
        "s_____________________ss  $whddh..hddh|   ss   |......dh.dh.dh.dh.dh..w ",
        "s_____________________ss  $whddh..hddh|$$$ss$$$|......dh.dh.dh.dh.dh..w ",
        "s_____________________ss  $w..........||w|++|w||..d..................nw ",
        "sQLLLLLL_______LLLLLLQss  $|cccc..cccc|..Q..|6D|.hd...dh.dh.dh.dh.dh.n| ",
        "s_____________________sssss+................ChD|..d...dh.dh.dh.dh.dh.n| ",
        "s_____________________sssss+................C.D|.dd..................nw ",
        "s_____________________ss  $|Q#####Q..Y|.....|.F|......dh.dh.dh.dh.dh..w ",
        "sQLLLLLL_______LLLLLLQss •||||||||||+|||-|++|+||6.....dh.dh.dh.dh.dh..w ",
        "s_____________________ss •|Q.D..oo|Q.Г|Q......n|6.....................w ",
        "s_____________________ss $w.MD....|..#|l......n|Q......Y####llllllll.Q| ",
        "s_____________________ss $w..D.M..+..#|l......n||||+++||||||||||||||||| ",
        "sQLLLLLL_______LLLLLLQss  |F......|..#|l......}>lll...llQ|oooQ####Qooo| ",
        "s_____________________ss  |||||||||..A|l................l|............w ",
        "s_____________________ss  |DDFFAA#|..A|l................l|............w ",
        "s_____________________ss $w6h....h|..#|l.................+............w ",
        "sQLLLLLL_______LLLLLLQss $w.......y..#|l.........hhhh....+.hh..hh..hh.w ",
        "ssssssssssssssssssssssss $w.%@%@%.|..#|l.........dddd...l|.dd..dd..ddl| ",
        "ssssssssssssssssssssssss  |Q%@%@%Q|Q.Г|l.........dddd...l|.dd..dd..ddl| ",
        "|||||||||||++||||wwww|||||||||||||||+||l.........hhhh...?-.hh..hh..hh.w ",
        "|llllllcY|Q..a89.....llllQllllllllll.ll.................?-............w ",
        "|......c.|..................................M...........?-.hh..hh..hh.w ",
        "wQ###Y...|..................####Q..........?..M.........?-.dd..dd..dd.w ",
        "|......|.+....|||||||||||----||----|+||....?.n..........l|.dd..dd..ddl| ",
        "|######|.|l..l|SS|T|T|T|Q.a..89....Y.Q|....?...M........l|.hh..hh..hhl| ",
        "||||||||||l..l|ii|+|+|+|..............-....???...........+............w ",
        "|######|.|l..l|Qiiiiiii|.#tt#.#tt#....-..................+............w ",
        "|......|.+....+iiiiiiii|.#tt#.#tt#....-.................l|......dddd..w ",
        "wQ###Y...|l..l|ii|+|+|+|.#tt#.#tt#....-.................Q|.......h.6..w ",
        "|......c.|l..>|SS|T|T|T|.#tt#.#tt#....|Qlllllllll.>...ccc|QoooollllllQ| ",
        "|llllllcY|l..l||||||||||..............|||||||||||||+++||||||||||||||||| ",
        "||||||||||l..l|SS|T|T|T|..............+ii+T|rir|Qa......Y####........Q| ",
        "|pQp|.6.Q|l..l|ii|+|+|+|.#tt#.#tt#....|Si|||rQe|......................w ",
        "|p.p|hD..+....+iiiiiiii|.#tt#.#tt#...a|Si+T|rie|......dh.dh.dh.dh.dh..w ",
        "wp.p|.D.F|...l|Qiiiiiii|.#tt#.#tt#....|||||||+||......dh.dh.dh.dh.dh..w ",
        "wp.p|a..F|Q..Q|ii|+|+|+|.#tt#.#tt#....+iiOOOiiQ|..d..................nw ",
        "|p..+...#||++||SS|T|T|T|..............|iiiiiiir|..d...dh.dh.dh.dh.dh.n| ",
        "||+|||||||....||||||||||..............CiiiCiiir|.hd...dh.dh.dh.dh.dh.n| ",
        "|Q,,,,,,,,,,,,,,,,,,,,Q|.#tt#.#tt#....CiiiWiiir|..d..................nw ",
        "w,::::::::::::::::::::,|.#tt#.#tt#....CiiiSiiir|......dh.dh.dh.dh.dh..w ",
        "w,:,,,,,,,,,,,,,,,,,,:,|.#tt#.#tt#....CiiiCiiir|6.....dh.dh.dh.dh.dh..w ",
        "w,:,,,,,,,,,,,,,,,,,,:,|.#tt#.#tt#....Ciiiiiiir|6.....................w ",
        "|,:,,,,,,,,,,,,,,,,,,:,|Q............Q|eeeUUUUQ|Q....llll....llll....Q| ",
        "|,::::,,,,,,,,,,,,::::,||wwww||||||w+w|||||||||||wwww||||wwww||||wwww|| ",
        "|,:,,:,,,,,,,,,,,,:,,:,|$$$  ••••••sss••••••         8899    ••••    f  ",
        "|,:7,:,,,,,,,,,,,,:,7:,|$;$       QsssQ          ;                ;  f  ",
        "|,:,,:,,,,,,,,,,,,:,,:,|$$$    $$  sss  $$     $$    bbbb         $$ f  ",
        "w,::::,,,,,,,,,,,,::::,w       $$  sss  $$     $                   $ f  ",
        "w,:,,,,,,,,,,,,,,,,,,:,w      $$  sssss  $$   $$                    ;f  ",
        "w,:,,,,,,,,::,,,,,,,,:,w     $$  sssssss  $$  ;    mmmmmmmmm         f  ",
        "|,:,,,,,,,:,,:,,,,,,,:,|$$$  $$ QsssIsssQ $$       mmmmmmmmm         f  ",
        "|,::::::::::::::::::::,|$;$  $$  sssssss  $$       mmmmmmmmm         f  ",
        "|,:,,,,,,,:,,:,,,,,,,:,|$$$  $$  sssssss  $$       mmmmmmmmm         f  ",
        "|,:,,,,,,,,::,,,,,,,,:,|||    $$  sssss  $$                       b  f  ",
        "|,:,,,,,,,,,,,,,,,,,,:,.Q|     $$  sss  $$   ;$    b              b  f  ",
        "w,:,,,,,,,,,,,,,,,,,,:,.#w      $$ sss $$     $$   b              b  f  ",
        "w,::::,,,,,,,,,,,,::::,.#w      $$QsssQ$$       ;  b                 f  ",
        "w,:,,:,,,,,,,,,,,,:,,:,.#wQ  Q   Q sss      Q   Q   Q   Q   Q   Q  ; f  ",
        "|,:7,:,,,,,,,,,,,,:,7:,.8|sssssssssssssssssssssssssssssssssssssssssssGss",
        "|,:,,:,,,,,,,,,,,,:,,:,..+sssssssssssssssssssssssssssssssssssssssssssGss",
        "|,::::,,,,,,,,,,,,::::,.9|sssssssssssssssssssssssssssssssssssssssssssGss",
        "w,:,,,,,,,,,,,,,,,,,,:,.#wQ  Q   Q sss Q    Q   Q   Q   Q   Q   Q    f  ",
        "w,:,,,,,,,,,,,,,,,,,,:,.#w  $$  $$ sss $$  $$  $$  $$  $$  $$  $$   af  ",
        "w,::::::::::::::::::::,.#w         sss                             aaf  ",
        "|Q,,,,,,,,,,,,,,,,,,,,,.Q|fffffffffGGGffffffffffffffffffffffffffffffff  ",
        "||wwww|||||++++|||||wwww||                                              "
      ],
      "palettes": [ "ZhighSchool_palette" ],
      "place_npcs": [
        { "class": "GRUNT_MERC", "x": 67, "y": 22 },
        { "class": "JUVENILE_MERC", "x": 12, "y": 65 },
        { "class": "JUVENILE_MERC", "x": 10, "y": 55 },
        { "class": "Zhigh_guard", "x": 58, "y": 64 },
        { "class": "Zhigh_guard", "x": 60, "y": 65 },
        { "class": "zhighNurse", "x": 28, "y": 21 },
        { "class": "Zhigh_guard", "x": 30, "y": 23 },
        { "class": "Zhigh_guard", "x": 33, "y": 59 },
        { "class": "Zhigh_guard", "x": 45, "y": 11 },
        { "class": "Zhigh_guard", "x": 39, "y": 59 }
      ],
      "place_item": [ { "item": "television", "x": 44, "y": 12, "amount": 1 }, 
                      { "item": "american_flag", "x": 36, "y": 57, "amount": 1 }, 
                      { "item": "grapnel", "x": 26, "y": 21, "amount": 1 } ],
      "place_vehicles": [ 
            { "vehicle": "schoolbus", "x": 10, "y": 3, "chance": 100, "rotation": 0 },
            { "vehicle": "busGroupZhigh", "x": 10, "y": 9, "chance": 100, "rotation": 0 } ],
      "place_items": [  ],
      "place_zones": [
        { "type": "NPC_NO_INVESTIGATE", "faction": "Zhigh_Survivors", "x": [ 0, 23 ], "y": [ 0, 23 ] },
        { "type": "NPC_NO_INVESTIGATE", "faction": "Zhigh_Survivors", "x": [ 0, 23 ], "y": [ 24, 47 ] },
        { "type": "NPC_NO_INVESTIGATE", "faction": "Zhigh_Survivors", "x": [ 0, 23 ], "y": [ 48, 71 ] },
        { "type": "NPC_NO_INVESTIGATE", "faction": "Zhigh_Survivors", "x": [ 24, 47 ], "y": [ 0, 23 ] },
        { "type": "NPC_NO_INVESTIGATE", "faction": "Zhigh_Survivors", "x": [ 24, 47 ], "y": [ 24, 47 ] },
        { "type": "NPC_NO_INVESTIGATE", "faction": "Zhigh_Survivors", "x": [ 24, 47 ], "y": [ 48, 71 ] },
        { "type": "NPC_NO_INVESTIGATE", "faction": "Zhigh_Survivors", "x": [ 48, 71 ], "y": [ 0, 23 ] },
        { "type": "NPC_NO_INVESTIGATE", "faction": "Zhigh_Survivors", "x": [ 48, 71 ], "y": [ 24, 47 ] },
        { "type": "NPC_NO_INVESTIGATE", "faction": "Zhigh_Survivors", "x": [ 48, 71 ], "y": [ 48, 71 ] }
      ],
      "place_monsters": [
        { "monster": "GROUP_ZHIGH", "x": [ 0, 23 ], "y": [ 0, 23 ] },
        { "monster": "GROUP_ZHIGH", "x": [ 0, 23 ], "y": [ 24, 47 ] },
        { "monster": "GROUP_ZHIGH", "x": [ 0, 23 ], "y": [ 48, 71 ] },
        { "monster": "GROUP_ZHIGH", "x": [ 24, 47 ], "y": [ 0, 23 ] },
        { "monster": "GROUP_ZHIGH", "x": [ 24, 47 ], "y": [ 24, 47 ], "repeat": [ 3, 4 ] },
        { "monster": "GROUP_ZHIGH", "x": [ 24, 47 ], "y": [ 48, 71 ] },
        { "monster": "GROUP_ZHIGH", "x": [ 48, 71 ], "y": [ 0, 23 ] },
        { "monster": "GROUP_ZHIGH", "x": [ 48, 71 ], "y": [ 24, 47 ] },
        { "monster": "GROUP_ZHIGH", "x": [ 48, 71 ], "y": [ 48, 71 ] }
      ]
    }
  },
  {
    "type": "mapgen",
    "method": "json",
    "om_terrain": [
      [ "ZhighSchool_2_3", "ZhighSchool_2_2", "ZhighSchool_2_1" ],
      [ "ZhighSchool_2_6", "ZhighSchool_2_5", "ZhighSchool_2_4" ],
      [ "ZhighSchool_2_9", "ZhighSchool_2_8", "ZhighSchool_2_7" ]
    ],
    "weight": 3000,
    "object": {
      "fill_ter": "t_strconc_floor",
      "rows": [
        "************************************************************************",
        "************************************************************************",
        "************************************************************************",
        "************************************************************************",
        "***********************************************||wwww||||wwww||||wwww||*",
        "***************************||www||www||********|Q....llllccccllll....Q|*",
        "***************************|h...cch.DQ|********|6.....................w*",
        "***************************wDD6.DD6.Dh|********|6.....dh.dh.dh.dh.dh..w*",
        "***************************w.h...h..6.|********|......dh.dh.dh.dh.dh..w*",
        "***************************wDD6.DD6...||w||||w||..d...dh.dh.dh.dh.dh.nw*",
        "***************************|h....h...a|......ie|.hd..................n|*",
        "***************************|DD6.DD6.....htth.iU|..d..................n|*",
        "***************************|Q...........htth.iU|.dd...dh.dh.dh.dh.dh.nw*",
        "***************************|FFFcFFF...|.htth.iS|......dh.dh.dh.dh.dh..w*",
        "**************************|||||||||||||.htth.iC|......dh.dh.dh.dh.dh..w*",
        "**************************|o....FFF|...........|......................w*",
        "**************************wo.DD....+........Y.Q|Qa.....Y####..ooooll.Q|*",
        "**************************w..MD.Q||||+|||+++|||||||+++|||||||||||||||||*",
        "**************************|6..D..|FcD.|Q....lll<>89.....Q|Q...nnnn...Q|*",
        "**************************|||||..|.hD.|l................n|............w*",
        "**************************|6.....|..6.|l................n|..hh.hh.hh..w*",
        "**************************w..Dh..|a...|l.................+..dd.dd.dd..w*",
        "**************************w.MDh..|.6DD|l.................+............w*",
        "**************************w..D..A|..hc|l.................|a.hh.hh.hh.l|*",
        "**************************|oooQ.A|FF.Q|l.................|..dd.dd.dd.l|*",
        "|||wwww||||||||||wwww||||||||||+|||||||l................?-#...........w*",
        "|Q......Q|Qllllll####...QlllllQ.llllllQ.................?-#.hh.hh.hh..w*",
        "|..M.M...|l.............................................?-#.dd.dd.dd..w*",
        "w..DDDDM.|l...llllllllllll....###.......................?-#...........w*",
        "w.MD..D..|l..l|||||||||||||+||||cc...cc..................|..hh.hh.hh.l|*",
        "w..D..DM.|l..l|SS|T|T|T|a......|......c..................|Y.dd.dd.dd.l|*",
        "w.MDDDD..|Q..l|ii|+|+|+|..M.M..|.hddh....................+............w*",
        "|...M.M..y....+iiiiiiii|..DDDM.|.hddh....................+...........6w*",
        "|a......Q|l..l|Qiiiiiii|.MDDD..|.hddh....................|....dddd...6w*",
        "||||||||||l..l|ii|+|+|+|...M...|.hddh.c..................|....d..d....w*",
        "|FFFccFFF|l..<|SS|T|T|T|FF....Q|Q.....cll...lllll<>...llQ|Q.....h....Q|*",
        "|Q.......|l..Q|||||||||||||||||||-----|||+++|||||||+++|||||||||||||||||*",
        "wFFF..FFF|l..>|SS|T|T|T|Q..llllll####Ylll...llQ|Q.....lllll...lllooooQ|*",
        "w........|l..l|ii|+|+|+|o.....................6|#.........h.6.........w*",
        "wFFF..FFF|l..l|Qiiiiiii|o..hd.hd.hd.hd.hd.....6|#........dddd........aw*",
        "w........y....+iiiiiiii|o..hd.hd.hd.hd.hd......|#.....................w*",
        "|Q.....h.|a..Q|ii|+|+|+|o...................d..|#...dd.dd.dd.dd.dd...nw*",
        "|FFF.6DDD||++||SS|T|T|T|...hd.hd.hd.hd.hd...dh.|Y...hh.hh.hh.hh.hh...n|*",
        "||||||||||Q..Q||||||||||...hd.hd.hd.hd.hd...d..|l....................n|*",
        "|Q#######......#######Q|o...................d..|l...dd.dd.dd.dd.dd...nw*",
        "w.....................a|o..hd.hd.hd.hd.hd......|l...hh.hh.hh.hh.hh....w*",
        "w.@.@.@.@.@.@.@.@.@.@..|o..hd.hd.hd.hd.hd......|l.....................w*",
        "w.l.l.l.l.l.l.l.l.l.l..|o......................|l...dd.dd.dd.dd.dd....w*",
        "|......................|Q....nnnn.......a.....Q|Q...hh.hh.hh.hh.hh...Q|*",
        "|.@.@.@.@.@.@.@.@.@.@..||wwww||||wwwww||||wwww|||wwww||||wwww||||wwww||*",
        "|.l.l.l.l.l.l.l.l.l.l..|************************************************",
        "|......................|************************************************",
        "|.@.@.@.@.@.@.@.@.@.@.Q|************************************************",
        "w.l.l.l.l.l.l.l.l.l.l..w************************************************",
        "w......................w************************************************",
        "w.@.@.@.@.@.@.@.@.@.@..w************************************************",
        "|.l.l.l.l.l.l.l.l.l.l..|************************************************",
        "|.....................Q|************************************************",
        "|.@.@.@.@.@.@.@.@.@.@..|************************************************",
        "|.l.l.l.l.l.l.l.l.l.l..|||**********************************************",
        "|Q......................Q|**********************************************",
        "w.@.@.@.@.@.@.@.@.@.@.#.#w**********************************************",
        "w.l.l.l.l.l.l.l.l.l.l.#.#w**********************************************",
        "w.....................#Q#w**********************************************",
        "|.@.@.@.@.@.@.@.@.@.@.#.l|**********************************************",
        "|.l.l.l.l.l.l.l.l.l.l...l|**********************************************",
        "|.....................#Ql|**********************************************",
        "w.@.@.@.@.@.@.@.@.@.@.#.#w**********************************************",
        "w.l.l.l.l.l.l.l.l.l.l.#.#w**********************************************",
        "w.....................#.#w**********************************************",
        "|Q........Q.Ph.Q........Q|**********************************************",
        "||wwww|||||wwww|||||wwww||**********************************************"
      ],
      "palettes": [ "ZhighSchool_palette" ],
      "place_npcs": [
        { "class": "GRUNT_MERC", "x": 65, "y": 20 },
        { "class": "GRUNT_MERC", "x": 58, "y": 13 },
        { "class": "GRUNT_MERC", "x": 53, "y": 16 },
        { "class": "GRUNT_MERC", "x": 59, "y": 6 },
        { "class": "CHAIRMAN", "x": 13, "y": 50 },
        { "class": "MEDICZhigh", "x": 13, "y": 51 },
        { "class": "ARCHER", "x": 15, "y": 52 },
        { "class": "FIREMAN", "x": 15, "y": 51 },
        { "class": "HACKER", "x": 11, "y": 51 },
        { "class": "Zhigh_guard", "x": 45, "y": 15 },
        { "class": "Zhigh_guard", "x": 28, "y": 26 }
      ],
      "place_items": [  ],
      "place_zones": [
        { "type": "NPC_NO_INVESTIGATE", "faction": "Zhigh_Survivors", "x": [ 0, 23 ], "y": [ 0, 23 ] },
        { "type": "NPC_NO_INVESTIGATE", "faction": "Zhigh_Survivors", "x": [ 0, 23 ], "y": [ 24, 47 ] },
        { "type": "NPC_NO_INVESTIGATE", "faction": "Zhigh_Survivors", "x": [ 0, 23 ], "y": [ 48, 71 ] },
        { "type": "NPC_NO_INVESTIGATE", "faction": "Zhigh_Survivors", "x": [ 24, 47 ], "y": [ 0, 23 ] },
        { "type": "NPC_NO_INVESTIGATE", "faction": "Zhigh_Survivors", "x": [ 24, 47 ], "y": [ 24, 47 ] },
        { "type": "NPC_NO_INVESTIGATE", "faction": "Zhigh_Survivors", "x": [ 24, 47 ], "y": [ 48, 71 ] },
        { "type": "NPC_NO_INVESTIGATE", "faction": "Zhigh_Survivors", "x": [ 48, 71 ], "y": [ 0, 23 ] },
        { "type": "NPC_NO_INVESTIGATE", "faction": "Zhigh_Survivors", "x": [ 48, 71 ], "y": [ 24, 47 ] },
        { "type": "NPC_NO_INVESTIGATE", "faction": "Zhigh_Survivors", "x": [ 48, 71 ], "y": [ 48, 71 ] }
      ],
      "place_monsters": [
        { "monster": "GROUP_ZHIGH", "x": [ 0, 23 ], "y": [ 0, 23 ] },
        { "monster": "GROUP_ZHIGH", "x": [ 0, 23 ], "y": [ 24, 47 ] },
        { "monster": "GROUP_ZHIGH", "x": [ 0, 23 ], "y": [ 48, 71 ] },
        { "monster": "GROUP_ZHIGH", "x": [ 24, 47 ], "y": [ 0, 23 ] },
        { "monster": "GROUP_ZHIGH", "x": [ 24, 47 ], "y": [ 24, 47 ] },
        { "monster": "GROUP_ZHIGH", "x": [ 24, 47 ], "y": [ 48, 71 ] },
        { "monster": "GROUP_ZHIGH", "x": [ 48, 71 ], "y": [ 0, 23 ] }
      ]
    }
  },
  {
    "type": "mapgen",
    "method": "json",
    "om_terrain": [
      [ "ZhighSchool_3_3", "ZhighSchool_3_2", "ZhighSchool_3_1" ],
      [ "ZhighSchool_3_6", "ZhighSchool_3_5", "ZhighSchool_3_4" ],
      [ "ZhighSchool_3_9", "ZhighSchool_3_8", "ZhighSchool_3_7" ]
    ],
    "weight": 3000,
    "object": {
      "fill_ter": "t_strconc_floor",
      "rows": [
        "************************************************************************",
        "************************************************************************",
        "************************************************************************",
        "************************************************************************",
        "***********************************************||wwww||||wwww||||wwww||*",
        "***************************||www||www||********|Q....llllccccllll....Q|*",
        "***************************|6666Qo...o|********|......................w*",
        "***************************whhhh.o.o.o|********|......dh.dh.dh.dh.dh..w*",
        "***************************w.....o.o.o|********|......dh.dh.dh.dh.dh..w*",
        "***************************woooo.o.o.o||w||||w||..d..................nw*",
        "***************************|oooo.o...o|M.oooo.Q|.hd...dh.dh.dh.dh.dh.n|*",
        "***************************|.......Q..........o|..d...dh.dh.dh.dh.dh.n|*",
        "***************************|d...oo...hn..oooo.o|.dd..................nw*",
        "***************************|dh..oo...hn.Q.....o|......dh.dh.dh.dh.dh..w*",
        "**************************||6...oo...hn..oooo.o|......dh.dh.dh.dh.dh..w*",
        "**************************|oooo...............o|......................w*",
        "**************************w......QooooooM.....Q|Q66....Y####llllllll.Q|*",
        "**************************wM..........|||+++|||||||+++|||||||||||||||||*",
        "**************************|oooo...oooo|aQ...llll<ll...llQ|Q.ooo..ooo.Q|*",
        "**************************|oooo...oooo|l................l|............w*",
        "**************************|.....Q.....|l................l|a..........lw*",
        "**************************w.hnnh.hnnh.|l.................+...........lw*",
        "**************************w.hnnh.hnnh.|l.................+..hhh..hhh..w*",
        "**************************w...........|l................l|..ddd..ddd..|*",
        "**************************|oooo..aoooo|l................l|..ddd..ddd..|*",
        "|||wwww||||||||||wwww||||||||||-+-|||||l.................-#.hhh..hhh.cw*",
        "|MMM.•hhh|QlllllllllllllaQlllllQ..lllll..................-#..........cw*",
        "|MM.hhh.h|l..............................................-#.hhh..hhh.cw*",
        "w.M..h.h?|l...lll####llllllllll...lllll..................-#.ddd..ddd.cw*",
        "wΔ.M..h#?|l..l|||||||||||||||||-+-|||||l................l|..ddd..ddd..|*",
        "w......#?|l..l|SS|T|T|T|DD|6666...|6!•|?................l|..hhh..hhh..|*",
        "w...nn.#?|l..l|ii|+|+|+|D..hhhh...y...|?.................+............w*",
        "|...nn...y....+iiiiiiii|6h........|||||?.................+...........6w*",
        "|nnn.####|l..Q|Qiiiiiii|..........|CCS|l................c|Y...dddd...6w*",
        "||||||||||l.|||ii|+|+|+|.hhhhhhhhh|Qiiy.................c|.....h.d....w*",
        "|jjjjjjjj|l.y>|SS|T|T|T|Q666666666|ggg|Q....lllll<....llQ|Q..........Q|*",
        "|']]j'[['|l.|||||||||||||||||||||||||||||+++|||||||+++|||||||||||||||||*",
        "w']]''[['|l..<|SS|T|T|T|Qllllllllllllllll.....Q|Q......Y####lllllllQii|*",
        "w''''''''|l...|ii|+|+|+|l......................|6...................iSw*",
        "wR'''''ff|l...|Qiiiiiii|l..hd.hd.hd.hd.hd......|6.....dh.dh.dh.dh...iSw*",
        "wR''0''GQy....+iiiiiiii|l..hd.hd.hd.hd.hd......|......dh.dh.dh.dh...iSw*",
        "|R'''''ff|l...|ii|+|+|+|n..hd.hd.hd.hd.hd...dd.|..dd..dh.dh.dh.dh...iSw*",
        "|KKK'''••|Q..Q|SS|T|T|T|n...................d..|...d..dh.dh.dh.dh..Qii|*",
        "|||||||||||yy|||||||||||n...................d.h|.h.d...........||||||||*",
        "1zfuuuuuuuuuuuuuuuuuuuu|n..hd.hd.hd.hd.hd...d..|..dd..dh.dh.dh.|SCCCikw*",
        "1zfuuuuuuuuuuuuuuuuuuuuw...hd.hd.hd.hd.hd......|......dh.dh.dh.+iiiiikw*",
        "1zfuuuuuuuuuuuuuuuuuuuuw...hd.hd.hd.hd.hd.....6|......dh.dh.dh.|kiCCikw*",
        "1zfuuuuuuuuuuuuuuuuuuuuw......................6|......dh.dh.dh.|kiCCikw*",
        "1zfuuuuuuuuuuuuuuuuuuuu|Q....llll####Yllal....Q|Qnnnnllll.....Q|kiiiik|*",
        "1zfuuuuuuuuuuuuuuuuuuff||wwww||||wwwww||||wwww|||wwww||||wwww||||wwww||*",
        "1zfuuuuuuuuuuuuuuuuuuGz2************************************************",
        "1zfuuuuuuuuuuuuuuuuuufz2************************************************",
        "1zfuuuuuuuuuuuuuuuuuufz2************************************************",
        "1zfuuuuuuuuuuuuuuuuuufz2************************************************",
        "1zfuuuuuuuuuuuuuuuuuufz2************************************************",
        "1zfuuuuuuuuuuuuuuuuuufz2************************************************",
        "1zfuuuuuuuuuuuuuuuuuufz2************************************************",
        "1zffffffffffffffffffffz2************************************************",
        "1zzzzzzzzzzzzzzzzzzzzzz2************************************************",
        "1zzzzzzzzzzzzzzzzzzzzzz235**********************************************",
        "1zzzzzzzzzzzzzzzzzzzzzzzz2**********************************************",
        "1zzzzzzzzzzzzzzzzzzzzzzzz2**********************************************",
        "1zzzzzzzzzzzzzzzzzzzzzzzz2**********************************************",
        "1zzzzzzzzzzzzzzzzzzzzzzzz2**********************************************",
        "1zzzzzzzzzzzzzzzzzzzzzzzz2**********************************************",
        "1zzzzzzzzzzzzzzzzzzzzzzzz2**********************************************",
        "1zzzzzzzzzzzzzzzzzzzzzzzz2**********************************************",
        "1zzzzzzzzzzzzzzzzzzzzzzzz2**********************************************",
        "1zzzzzzzzzzzzzzzzzzzzzzzz2**********************************************",
        "1zzzzzzzzzzzzzzzzzzzzzzzz2**********************************************",
        "1zzzzzzzzzzzzzzzzzzzzzzzz2**********************************************",
        "54444444444444444444444445**********************************************"
      ],
      "palettes": [ "ZhighSchool_palette" ],
      "place_npcs": [
        { "class": "GRUNT_MERC", "x": 67, "y": 22 },
        { "class": "Zhigh_guard", "x": 60, "y": 15 },
        { "class": "Zhigh_guard", "x": 34, "y": 34 },
        { "class": "JUVENILE_MERC", "x": 40, "y": 40 },
        { "class": "Zhigh_guard", "x": 45, "y": 50 },
        { "class": "Zhigh_guard", "x": 65, "y": 8 }
      ],
      "place_items": [  ],
      "place_zones": [
        { "type": "NPC_NO_INVESTIGATE", "faction": "Zhigh_Survivors", "x": [ 0, 23 ], "y": [ 0, 23 ] },
        { "type": "NPC_NO_INVESTIGATE", "faction": "Zhigh_Survivors", "x": [ 0, 23 ], "y": [ 24, 47 ] },
        { "type": "NPC_NO_INVESTIGATE", "faction": "Zhigh_Survivors", "x": [ 0, 23 ], "y": [ 48, 71 ] },
        { "type": "NPC_NO_INVESTIGATE", "faction": "Zhigh_Survivors", "x": [ 24, 47 ], "y": [ 0, 23 ] },
        { "type": "NPC_NO_INVESTIGATE", "faction": "Zhigh_Survivors", "x": [ 24, 47 ], "y": [ 24, 47 ] },
        { "type": "NPC_NO_INVESTIGATE", "faction": "Zhigh_Survivors", "x": [ 24, 47 ], "y": [ 48, 71 ] },
        { "type": "NPC_NO_INVESTIGATE", "faction": "Zhigh_Survivors", "x": [ 48, 71 ], "y": [ 0, 23 ] },
        { "type": "NPC_NO_INVESTIGATE", "faction": "Zhigh_Survivors", "x": [ 48, 71 ], "y": [ 24, 47 ] },
        { "type": "NPC_NO_INVESTIGATE", "faction": "Zhigh_Survivors", "x": [ 48, 71 ], "y": [ 48, 71 ] }
      ],
      "place_monsters": [
        { "monster": "GROUP_ZHIGH", "x": [ 0, 23 ], "y": [ 0, 23 ] },
        { "monster": "GROUP_ZHIGH", "x": [ 0, 23 ], "y": [ 24, 47 ] },
        { "monster": "GROUP_ZHIGH", "x": [ 0, 23 ], "y": [ 48, 71 ] },
        { "monster": "GROUP_ZHIGH", "x": [ 24, 47 ], "y": [ 0, 23 ] },
        { "monster": "GROUP_ZHIGH", "x": [ 24, 47 ], "y": [ 24, 47 ] },
        { "monster": "GROUP_ZHIGH", "x": [ 24, 47 ], "y": [ 48, 71 ] },
        { "monster": "GROUP_ZHIGH", "x": [ 48, 71 ], "y": [ 0, 23 ] }
      ]
    }
  },
  {
    "type": "mapgen",
    "method": "json",
    "om_terrain": [
      [ "ZhighSchool_4_3", "ZhighSchool_4_2", "ZhighSchool_4_1" ],
      [ "ZhighSchool_4_6", "ZhighSchool_4_5", "ZhighSchool_4_4" ],
      [ "ZhighSchool_4_9", "ZhighSchool_4_8", "ZhighSchool_4_7" ]
    ],
    "weight": 3000,
    "object": {
      "fill_ter": "t_tar_flat_roof",
      "rows": [
        "************************************************************************",
        "************************************************************************",
        "************************************************************************",
        "************************************************************************",
        "***********************************************133333333333333333333335*",
        "***************************533333333331********1zzzzzzzzzzzzzzzzzzzzzz2*",
        "***************************1zzzzzzzzzz1********1zzzzzzzzzzzzzzzzzzzzzz2*",
        "***************************1zzzzzzzzzz1********1zzzzzzzzzzzzzzzzzzzzzz2*",
        "***************************1zzzzzzzzzz1********1zzzzzzzzzzzzzzzzzzzzzz2*",
        "***************************1zzzzzzzzzz5333333335zzzzzzzzzzzzzzzzzzzzzz2*",
        "***************************1zzzzzzzzzzzzzzzzzzzzzzzzzzzzzzzzzzzzzzzzzz2*",
        "***************************1zzzzzzzzzEEzzzzzzzzzzzzzzzzzzzzzzzzzzzzzzz2*",
        "***************************1zzzzzzzzzEEzzuzzzzzzzzzzzzzzzzzzzzzzzzzzzz2*",
        "***************************1zzzzzzzzzzzzzzzzzzzzzzzzzzzzzzzzzzzzzzzzzz2*",
        "**************************15zzzzzzzzzEEzzuzzzzzzzzzzzzzzzzzzzzzzzzzzzz2*",
        "**************************1zzzzzzzzzzEEzzzzzzzzzzzzzzzzzzzzzzzzzzzzzzz2*",
        "**************************1zzzzzzzzzzzzzzuzzzzzzzzzzzzzzzzzzzzzzzzzzzz2*",
        "**************************1zzzzzzzzzzzzzzzzzzzzzzzzzzzzzzzzzzzzzzzzzzz2*",
        "**************************1zzzzzzzzzzzzzzuzzzzzzzzzzzzzzzzzzzzzzzzzzzz2*",
        "**************************1zzzzzzzzzzzzzzzzzzzzzzzzzzzzzzzzzzzzzzzzzzz2*",
        "**************************1zzzzzzzzzzzzzzuzzzzzzzzzzzzzzzzzzzzzzzzzzzz2*",
        "**************************1zzzzzzzzzzzzzzzzzzzzzzzzzzzzzzzzzzzzzzzzzzz2*",
        "**************************1zzzzzzzzzzzzzzuzZZZZZZZZZZzzzzzzzzzzzzzzzzz2*",
        "**************************1zzzzzzzzzzzzzzzzZZZZZZZZZZzzzzzzzzzzzzzzzzz2*",
        "**************************1zzzzzzzzzzzzzzuzZZZZZZZZZZzzzzzzzzzzzzzzzzz2*",
        "533333333333333333333333335zzzzzzzzzzzzzzzzZZZZZZZZZZzzzzzzzzzzzzzzzzz2*",
        "1zzzzzzzzzzzzzzzzzzzzzzzzzzzzzzzzzzzzzzzzuzZZZZZZZZZZzzzzzzzzzzzzzzzzz2*",
        "1zzzzzzzzzzzzzzzzzzzzzzzzzzzzzzzzzzzzzzzzzzZZZZZZZZZZzzzzzzzzzzzzzzzzz2*",
        "1zzzzzzzzuzuzuzuzuzuzuzuzuzuzuzuzuzuzuzuzuzZZZZZZZZZZzzzzzzzzzzzzzzzzz2*",
        "1zzzzzzzzzzzzzzzzzzzzzzzzzzzzzzzzzzzzzzzzzzZZZZZZZZZZzzzzzzzzzzzzzzzzz2*",
        "1zfffffffGfffffffffzzzzzzzzzzzzzzzzzz{zzzuzZZZZZZZZZZzzzzzzzzzzzzzzzzz2*",
        "1zfuuuuuuuuuuuuuuufzzzzzzZZZZZZZZzzzz{zzzzzZZZZZZZZZZzzzzzzzzzzzzzzzzz2*",
        "1zfuuuuuuuuuuuuuuufzzzzzzZZZZZZZZzzzz{zzzuzzzzzzzzzzzzzzzzzzzzzzzzzzzz2*",
        "1zfuuuuuuuuuuuuuuufzzzzzzZZZZZZZZzzzzzzzzzzzzzzzzzzzzzzzzzzzzzzzzzzzzz2*",
        "1zfuuuuuuuuu|||uuufzzzzzzzzzzzzzzzzzzKzzzuzuzuzuzuzuzuzuzuzuzuzuzuzuzz2*",
        "1zfuuuuuuuuu+<|uuufzzzzzzzzzzzzzzzzzzzzzzzzzzzzzzzzzzzzzzzzzzzzzzzzzzz2*",
        "1zfuuuuuuuuu|||uuufzzzzzzzzzzzzzzzzzzzzzzzzzzzzzzzzzzzzzzzzzzzzzzzzzzz2*",
        "1zfuuuuuuuuuuuuuuufzzzzzzzzzzzzzzzzzzzzzzzzzzzzzzzzzzzzzzzzzzzzzzzzzzz2*",
        "1zfuuuuuuuuuuuuuuufzzzzzzzzzzzzzzzzzzzzzzzzzzzzzzzzzzzzzzzzzzzzzzzzzzz2*",
        "1zfuuuuuuuuuuuuuuufzzzzzzzzzzzzzzzzzzzzzzzzzzzzzzzzzzzzzzzzzzzzzzzzzzz2*",
        "1zfffffffffffffffffzzzzzzzzzzzzzzzzzzzzzzzzzzzzzzzzzzzzzzzzzzzzzzzzzzz2*",
        "1zzzzzzzzzzzzzzzzzzzzzzzzzzzzzzzzzzzzzzzzzzzzzzzzzzzzzzzzzzzzzzzzzzzzz2*",
        "1zzzzzzzzzzzzzzzzzzzzzzzzzzzzzzzzzzzzzzzzzzzzzzzzzzzzzzzzzzzzzzzzzzzzz2*",
        "444444444444444444444445zzzzzzzzzzzzzzzzzzzzzzzzzzzzzzzzzzzzzzzzzzzzzz2*",
        "***********************1zzzzzzzzzzzzzzzzzzzzzzzzzzzzzzzzzzzzzzzzzzzzzz2*",
        "***********************1zzzzzzzzzzzzzzzzzzzzzzzzzzzzzzzzzzzzzzzzzzzzzz2*",
        "***********************1zzzzzzzzzzzzzzzzzzzzzzzzzzzzzzzzzzzzzzzzzzzzzz2*",
        "***********************1zzzzzzzzzzzzzzzzzzzzzzzzzzzzzzzzzzzzzzzzzzzzzz2*",
        "***********************1zzzzzzzzzzzzzzzzzzzzzzzzzzzzzzzzzzzzzzzzzzzzzz2*",
        "***********************544444444444444444444444444444444444444444444445*",
        "************************************************************************",
        "************************************************************************",
        "************************************************************************",
        "************************************************************************",
        "************************************************************************",
        "************************************************************************",
        "************************************************************************",
        "************************************************************************",
        "************************************************************************",
        "************************************************************************",
        "************************************************************************",
        "************************************************************************",
        "************************************************************************",
        "************************************************************************",
        "************************************************************************",
        "************************************************************************",
        "************************************************************************",
        "************************************************************************",
        "************************************************************************",
        "************************************************************************",
        "************************************************************************",
        "************************************************************************"
      ],
      "palettes": [ "ZhighSchool_palette" ],
      "place_items": [  ],
      "place_nested": [
        { "chunks": [ [ "roof_16x16_help", 5 ], [ "null", 25 ] ], "x": [ 48, 54 ], "y": [ 6, 8 ] },
        {
          "chunks": [ [ "roof_4x4_utility", 5 ], [ "roof_4x4_utility", 5 ], [ "roof_6x6_utility", 5 ] ],
          "x": [ 50, 58 ],
          "y": [ 36, 42 ]
        },
        {
          "chunks": [ [ "roof_4x4_utility", 5 ], [ "roof_4x4_utility", 5 ], [ "roof_2x2_utilities_d", 5 ] ],
          "x": [ 25, 40 ],
          "y": [ 36, 42 ]
        }
      ]
    }
  },
  {
    "type": "palette",
    "id": "ZhighSchool_palette",
    "terrain": {
      "*": "t_open_air",
      "~": "t_open_air_rooved",
      "H": "t_glass_railing",
      " ": "t_grass_long",
      "b": "t_dirt",
      "$": [ [ "t_underbrush", 100 ] ],
      ";": [ [ "t_tree_willow", 25 ], [ "t_tree_coffee", 25 ], [ "t_tree_birch", 25 ], [ "t_tree_maple", 25 ], [ "t_tree_pine", 25 ] ],
      "+": "t_door_metal_c",
      "i": "t_metal_floor",
      "e": "t_metal_floor",
      "O": "t_metal_floor",
      "W": "t_metal_floor",
      "S": "t_metal_floor",
      "T": "t_metal_floor",
      "U": "t_metal_floor",
      "C": "t_metal_floor",
      "g": "t_metal_floor",
      "k": "t_metal_floor",
      "}": "t_manhole_cover",
      "-": "t_ballistic_glass",
      "G": "t_door_bar_c",
      "L": "t_pavement_y",
      "_": "t_pavement",
      "f": "t_bars",
      "s": "t_sidewalk",
      "w": "t_reinforced_glass_shutter",
      "x": "t_console_broken",
      "|": "t_wall_metal",
      "I": "t_column",
      ",": "t_floor_waxed",
      ":": "t_floor_waxed_y",
      "7": "t_backboard_in",
      "<": "t_stairs_down",
      ">": "t_stairs_up",
      "z": "t_tar_flat_roof",
      "u": "t_tile_flat_roof",
      "Z": "t_glass_roof",
      "1": "t_gutter_west",
      "2": "t_gutter_east",
      "3": "t_gutter_north",
      "4": "t_gutter_south",
      "5": "t_gutter_drop",
      "[": "t_strconc_floor",
      "]": "t_strconc_floor",
      "0": "t_strconc_floor",
      "'": "t_strconc_floor",
      "y": "t_door_metal_c",
      "Q": "t_utility_light",
      "j": "t_sewage_pipe"
    },
    "furniture": {
      "%": "f_curtain",
      "@": "f_floor_mattress",
      "#": "f_bench",
      "b": "f_bench",
      "?": "f_sofa",
      "S": "f_sink",
      "T": "f_toilet",
      "n": "f_tourist_table",
      "c": "f_counter",
      "C": "f_counter",
      "d": "f_tourist_table",
      "D": "f_tourist_table",
      "e": "f_fridge",
      "g": "f_locker",
      "h": "f_camp_chair",
      "M": "f_armchair",
      "k": "f_locker",
      "l": "f_foot_locker",
      "o": "f_bookcase",
      "O": "f_oven",
      "U": "f_cupboard",
      "W": "f_dishwasher",
      "r": "f_warehouse_shelf",
      "p": "f_warehouse_shelf",
      "R": "f_warehouse_shelf",
      "•": "f_grid_plut_generator",
      "P": "f_piano",
      "t": "f_tourist_table",
      "Y": "f_rack_coat",
      "F": "f_filing_cabinet",
      "a": "f_trashcan",
      "A": "f_glass_cabinet",
      "[": "f_home_furnace",
      "]": "f_water_heater",
      "0": "f_standing_tank",
      "!": "f_battery_huge",
      "{": "f_solar_unit_v2",
      "m": "f_solar_unit_v2",
      "K": "f_battery",
      "E": "f_charger",
      "8": "f_vending_reinforced",
      "9": "f_vending_reinforced",
      "Г": "f_vending_reinforced"
    },
    "toilets": { "T": {  } },
    "items": {
      "a": [ { "item": "trash", "chance": 30 }, 
             { "item": "trash", "chance": 30 }, 
             { "item": "ZhighWeaponGroups", "chance": 30 } ],
      "c": { "item": "ZhighFloorGroupsNumbers", "chance": 5 },
      "C": { "item": "ZhighFloorGroupsNumbers", "chance": 10 },
      "N": { "item": "ZhighFoodGroupsNumbers", "chance": 5 },
      ".": { "item": "ZhighFloorGroupsNumbers", "chance": 20 },
      "i": { "item": "ZhighFloorGroupsNumbers", "chance": 5 },
      "d": [ { "item": "ZhighFloorGroupsNumbers", "chance": 10 }, 
             { "item": "ZhighWeaponGroups", "chance": 10 } ],
      "D": [ { "item": "office", "chance": 30 }, 
             { "item": "office_paper", "chance": 30 } ],
      "e": [ { "item": "fridge", "chance": 30 }, 
             { "item": "sugar_house_kitchen_items", "chance": 30 }, 
             { "item": "sugar_house_items", "chance": 30 } ],
      "g": [ { "item": "cleaning", "chance": 30  },
             { "item": "cleaning", "chance": 30  } ],
      "k": [ { "item": "chem_school", "chance": 30 }, 
             { "item": "ZhighWeaponGroups", "chance": 30 } ],
      "h": [ { "item": "file_room", "chance": 10 },
             { "item": "office", "chance": 10 },
             { "item": "games", "chance": 2 } ],
      "l": [ { "item": "ZhighLockerGroupsNumbers", "chance": 100 },
             { "item": "SUS_evac_shelter_locker", "chance": 30 } ],
      "o": [ { "item": "ZhighBookshelfGroupsNumbers", "chance": 30 },
             { "item": "ZhighBookshelfGroupsNumbers", "chance": 30 },
             { "item": "ZhighBookshelfGroupsNumbers", "chance": 30 },
             { "item": "office_paper", "chance": 80 },
             { "item": "office_paper", "chance": 80 } ],
      "p": [ { "item": "gym_school", "chance": 90 }, 
             { "item": "ZhighWeaponGroups", "chance": 40 },
             { "item": "sports_bulk", "chance": 30 } ],
      "R": [ { "item": "tools_plumbing", "chance": 100 },
             { "item": "camping", "chance": 30 } ],
      "t": { "item": "dining", "chance": 40 },
      "u": { "item": "ZhighFloorGroupsNumbers", "chance": 20 },
      "A": { "item": "drugs_heal_simple", "chance": 100 },
      "F": [ { "item": "SUS_knife_drawer", "chance": 1 }, 
             { "item": "file_room", "chance": 100 }, 
             { "item": "file_room", "chance": 100 }, 
             { "item": "file_room", "chance": 100 }, 
             { "item": "file_room", "chance": 100 }, 
             { "item": "office_paper", "chance": 100 },
             { "item": "office", "chance": 100 }, 
             { "item": "office_paper", "chance": 100 },
             { "item": "office", "chance": 100 }, 
             { "item": "office", "chance": 100 }, 
             { "item": "office", "chance": 100 }, 
             { "item": "office_paper", "chance": 100 },
             { "item": "office", "chance": 100 } ],
      "S": [ { "item": "SUS_breakfast_cupboard", "chance": 30 }, 
             { "item": "SUS_coffee_cupboard", "chance": 30 }, 
             { "item": "SUS_appliances_cupboard", "chance": 30 },
             { "item": "SUS_kitchen_sink", "chance": 30 },
             { "item": "SUS_cookware", "chance": 30 },
             { "item": "SUS_dishes", "chance": 30 },
             { "item": "SUS_knife_drawer", "chance": 30 },
             { "item": "SUS_utensils", "chance": 30 },
             { "item": "SUS_silverware", "chance": 30 },
             { "item": "SUS_pantry", "chance": 30 } ],
      "r": [ { "item": "SUS_breakfast_cupboard", "chance": 30 }, 
             { "item": "SUS_coffee_cupboard", "chance": 30 }, 
             { "item": "SUS_appliances_cupboard", "chance": 30 },
             { "item": "SUS_kitchen_sink", "chance": 30 },
             { "item": "ZhighFoodGroupsNumbers", "chance": 30 },
             { "item": "SUS_cookware", "chance": 30 },
             { "item": "SUS_dishes", "chance": 30 },
             { "item": "SUS_knife_drawer", "chance": 30 },
             { "item": "SUS_utensils", "chance": 30 },
             { "item": "SUS_silverware", "chance": 30 },
             { "item": "SUS_pantry", "chance": 30 } ],
      "@": [ { "item": "army_bed", "chance": 30 }, 
             { "item": "tools_recharging", "chance": 50 }, 
             { "item": "tools_lighting", "chance": 100 }, 
             { "item": "bed", "chance": 30 }, 
             { "item": "bed", "chance": 30 }, 
             { "item": "bed", "chance": 100 } ],
      "U": [ { "item": "ZhighFoodGroupsNumbers", "chance": 30 },
             { "item": "dining", "chance": 40 } ]
    },
    "vendingmachines": { "8": { "item_group": "vending_drink", "reinforced": true }, 
                         "9": { "item_group": "vending_food", "reinforced": true }, 
                         "Г": { "item_group": "ZhighMedsGroupsNumbers", "reinforced": true } },
    "computers": {
      "6": {
        "name": "PCPowerOS",
        "options": [
          { "name": "Beginning Toll", "action": "toll" },
          { "name": "Ending Toll", "action": "toll" },
          { "name": "Emergency Toll", "action": "toll" },
          { "name": "Emergency Message", "action": "emerg_mess" },
          { "name": "Disable External Power", "action": "complete_disable_external_power" }
        ]
      },
      "Δ": {
        "name": "PCPowerOS",
        "options": [
          { "name": "Contact Us", "action": "emerg_ref_center" },
          { "name": "Download Map Data", "action": "maps" },
          { "name": "Emergency Message", "action": "emerg_mess" },
          { "name": "Disable External Power", "action": "complete_disable_external_power" }
        ]
      }
    }
  }
]