[
  {
    "type": "MONSTER_FACTION",
    "name": "zhighSurvivors",
    "friendly": [ "player" ],
    "base_faction": "human",
    "by_mood": [ "zombie", "insect", "cult", "blob", "nether", "military", "science", "dermatik", "spider", "plant", "mutant", "jabberwock", "zombie_aquatic" ]
  },
  {
    "type": "monstergroup",
    "name": "GROUP_ZHIGHSURVIVORS",
    "default": "mon_null",
    "//": "Survivor monster spawns from green flare.",
    "monsters": [
      { "monster": "mon_survivor_human_pipe", "freq": 80, "cost_multiplier": 3, "pack_size": [ 9, 15 ] },
      { "monster": "mon_survivor_human_crowbar", "freq": 50, "cost_multiplier": 2, "pack_size": [ 4, 11 ] },
      { "monster": "mon_survivor_human_m4bb", "freq": 70, "cost_multiplier": 8, "pack_size": [ 5, 9 ] }
    ]
  },
  {
    "id": "mon_survivor_human_pipe",
    "type": "MONSTER",
    "name": { "str": "survivor" },
    "description": "This mysterious human arrived here somehow. If this person becomes hostile, shout to them so that they know you are not the enemy.",
    "default_faction": "zhighSurvivors",
    "copy-from": "mon_feral_human_pipe",
    "bodytype": "human",
    "species": [ "HUMAN" ],
    "volume": "62400 ml",
    "weight": "81400 g",
    "hp": 80,
    "speed": 140,
    "material": [ "flesh" ],
    "symbol": "@",
    "color": "magenta",
    "melee_skill": 5,
    "melee_dice": 6,
    "melee_dice_sides": 3,
    "melee_cut": 2,
    "dodge": 1,
    "aggression": 9,
    "morale": 100,
    "harvest": "exempt",
    "path_settings": { "allow_open_doors": true, "avoid_traps": true, "avoid_sharp": true },
    "starting_ammo": { "rock": 15 },
    "special_when_hit": [ "ZAPBACK", 5 ],
    "vision_day": 40,
    "vision_night": 40,
    "special_attacks": [
      {
        "type": "gun",
        "cooldown": 3,
        "move_cost": 60,
        "gun_type": "feral_human_thrown_rock",
        "ammo_type": "rock",
        "no_ammo_sound": "\"Come at me, I dare you!\"",
        "fake_skills": [ [ "gun", 3 ], [ "throw", 3 ] ],
        "fake_dex": 6,
        "fake_per": 6,
        "require_targeting_player": true,
        "require_targeting_npc": true,
        "require_targeting_monster": true,
        "targeting_sound": "Enemy, there!",
        "ranges": [ [ 0, 5, "DEFAULT" ] ],
        "description": "A survivor throws a rock!",
        "no_crits": false
      }
    ],
    "death_function": [ "DISAPPEAR" ],
    "anger_triggers": [ "HURT", "FRIEND_ATTACKED", "FRIEND_DIED" ],
    "flags": [
      "SEES",
      "HIT_AND_RUN",
      "HEARS",
      "SMELLS",
      "WARM",
      "BASHES",
      "GROUP_BASH",
      "ATTACKMON",
      "SWIMS",
      "CLIMBS",
      "HUMAN",
      "PATH_AVOID_DANGER_1",
      "PRIORITIZE_TARGETS",
      "DROPS_AMMO"
    ]
  },
  {
    "id": "mon_survivor_human_crowbar",
    "type": "MONSTER",
    "copy-from": "mon_survivor_human_pipe",
    "looks_like": "mon_feral_human_crowbar",
    "description": "This mysterious human arrived here somehow. If this person becomes hostile, shout to them so that they know you are not the enemy.",
    "starting_ammo": { "sling_rubberball": 30 },
    "special_attacks": [
      {
        "type": "gun",
        "cooldown": 1,
        "move_cost": 6,
        "gun_type": "feral_human_thrown_rock",
        "ammo_type": "sling_rubberball",
        "no_ammo_sound": "\"Go to hell!\"",
        "fake_skills": [ [ "gun", 9 ], [ "throw", 9 ] ],
        "fake_dex": 9,
        "fake_per": 9,
        "require_targeting_player": true,
        "require_targeting_npc": true,
        "require_targeting_monster": true,
        "targeting_sound": "Bombs out!",
        "ranges": [ [ 0, 20, "DEFAULT" ] ],
        "description": "A survivor throws a rock!",
        "no_crits": false
      }
    ],
    "melee_dice": 2,
    "melee_dice_sides": 2,
    "melee_cut": 15
  },
  {
    "id": "feral_bbm4_gun",
    "type": "GUN",
    "copy-from": "fake_item",
    "name": { "str_sp": "mounted BB machine gun" },
    "description": "Fake gun for a survivor.",
    "range": 30,
    "ranged_damage": { "damage_type": "bullet", "amount": 4, "armor_penetration": 3 },
    "dispersion": 10,
    "durability": 10,
    "skill": "smg",
    "loudness": 5,
    "ammo_effects": [ "NEVER_MISFIRES" ],
    "modes": [ [ "DEFAULT", "full auto", 4 ] ],
    "flags": [ "NEVER_JAMS" ]
  },
  {
    "id": "mon_survivor_human_m4bb",
    "type": "MONSTER",
    "copy-from": "mon_survivor_human_pipe",
    "looks_like": "mon_feral_militia",
    "description": "This mysterious human arrived here somehow. If this person becomes hostile, shout to them so that they know you are not the enemy.",
    "starting_ammo": { "beanbag": 8 },
    "special_when_hit": [ "RETURN_FIRE", 1 ],
    "vision_day": 50,
    "vision_night": 45,
    "special_attacks": [
      {
        "type": "gun",
        "cooldown": 3,
        "move_cost": 3,
        "gun_type": "fakeBBgun_zhigh",
        "fake_skills": [ [ "gun", 8 ], [ "smg", 8 ] ],
        "fake_dex": 12,
        "fake_per": 12,
        "laser_lock": false,
        "targeting_cost": 35,
        "targeting_sound": "\"Enemy, located!\"",
        "targeting_volume": 30,
        "require_targeting_player": false,
        "require_targeting_npc": false,
        "require_targeting_monster": false,
        "description": "A survivor shoots!",
        "ranges": [ [ 0, 20, "DEFAULT" ] ]
      },
      {
        "type": "gun",
        "cooldown": 15,
        "move_cost": 60,
        "gun_type": "feral_human_thrown_rock",
        "ammo_type": "beanbag",
        "no_ammo_sound": "\"Die already!\"",
        "fake_skills": [ [ "gun", 3 ], [ "throw", 3 ] ],
        "fake_dex": 6,
        "fake_per": 6,
        "require_targeting_player": false,
        "require_targeting_npc": false,
        "require_targeting_monster": false,
        "targeting_sound": "Enemy, there!",
        "ranges": [ [ 0, 40, "DEFAULT" ] ],
        "description": "A survivor throws something!",
        "no_crits": false
      }
    ],
    "flags": [
      "SEES",
      "HEARS",
      "SMELLS",
      "WARM",
      "BASHES",
      "ATTACKMON",
      "SWIMS",
      "CLIMBS",
      "HUMAN",
      "PATH_AVOID_DANGER_1",
      "PRIORITIZE_TARGETS",
      "DROPS_AMMO"
    ]
  },
  {
    "id": "mon_survivor_human_m4bb_boss",
    "type": "MONSTER",
    "copy-from": "mon_survivor_human_m4bb",
    "description": "This mysterious human arrived here somehow. If this person becomes hostile, run or fight back.",
    "starting_ammo": { "sling_pipebomb": 3 },
    "aggression": 100,
    "morale": 100,
    "hp": 500,
    "vision_day": 40,
    "vision_night": 10,
    "special_attacks": [
      {
        "type": "gun",
        "cooldown": 3,
        "move_cost": 3,
        "gun_type": "fakeBBgun_zhigh",
        "fake_skills": [ [ "gun", 8 ], [ "smg", 8 ] ],
        "fake_dex": 9,
        "fake_per": 9,
        "laser_lock": false,
        "targeting_cost": 15,
        "targeting_sound": "\"Tango, located!\"",
        "targeting_volume": 30,
        "require_targeting_player": false,
        "require_targeting_npc": false,
        "require_targeting_monster": false,
        "description": "A survivor shoots!",
        "ranges": [ [ 0, 30, "DEFAULT" ] ]
      },
      {
        "type": "gun",
        "cooldown": 15,
        "move_cost": 60,
        "gun_type": "feral_human_thrown_rock",
        "ammo_type": "sling_pipebomb",
        "no_ammo_sound": "\"Ah, shit!\"",
        "fake_skills": [ [ "gun", 3 ], [ "throw", 3 ] ],
        "fake_dex": 8,
        "fake_per": 8,
        "laser_lock": false,
        "require_targeting_player": false,
        "require_targeting_npc": false,
        "require_targeting_monster": false,
        "targeting_sound": "Die, fucker!",
        "ranges": [ [ 0, 50, "DEFAULT" ] ],
        "description": "A survivor throws a pipe bomb, run!",
        "no_crits": false
      }
    ],
    "flags": [
      "SEES",
      "HEARS",
      "SMELLS",
      "WARM",
      "BASHES",
      "ATTACKMON",
      "SWIMS",
      "CLIMBS",
      "HUMAN",
      "PATH_AVOID_DANGER_1",
      "PRIORITIZE_TARGETS"
    ]
  }
]