[
  {
    "id": "mounted_flamethrower_big",
    "copy-from": "turret",
    "type": "vehicle_part",
    "name": { "str": "mounted heavy flamethrower" },
    "item": "flamethrower_big",
    "looks_like": "flamethrower",
    "color": "green",
    "broken_color": "green",
    "breaks_into": [ { "item": "scrap", "count": 80 }, { "item": "steel_chunk", "count": 48 }, { "item": "steel_lump", "count": 18 } ],
    "requirements": { "install": { "skills": [ [ "mechanics", 3 ] ] }, "removal": { "skills": [ [ "mechanics", 2 ] ] } }
  },
  {
    "id": "mounted_laser_spotlight",
    "copy-from": "turret",
    "type": "vehicle_part",
    "name": { "str": "mounted wide spotlight" },
    "item": "laser_spotlight",
    "looks_like": "laser_cannon",
    "color": "green",
    "broken_color": "green",
    "breaks_into": [ { "item": "scrap", "count": 80 }, { "item": "steel_chunk", "count": 48 }, { "item": "steel_lump", "count": 18 } ],
    "requirements": { "install": { "skills": [ [ "mechanics", 3 ] ] }, "removal": { "skills": [ [ "mechanics", 2 ] ] } }
  },
  {
    "id": "mounted_laser_beamlight",
    "copy-from": "turret",
    "type": "vehicle_part",
    "name": { "str": "mounted beam spotlight" },
    "item": "laser_beamlight",
    "looks_like": "laser_cannon",
    "color": "green",
    "broken_color": "green",
    "breaks_into": [ { "item": "scrap", "count": 80 }, { "item": "steel_chunk", "count": 48 }, { "item": "steel_lump", "count": 18 } ],
    "requirements": { "install": { "skills": [ [ "mechanics", 3 ] ] }, "removal": { "skills": [ [ "mechanics", 2 ] ] } }
  }
]