[
  {
    "type": "mod_tileset",
    "compatibility": [
      "Chibi_Ultica",
      "UltimateCataclysm",
      "MshockXottoplus",
      "UNDEAD_PEOPLE",
      "UNDEAD_PEOPLE_BASE",
      "UNDEAD_PEOPLE_LEGACY",
      "UlticaShell",
      "MshockXottoplus12",
      "MSX++DEAD_PEOPLE",
      "MXplus12_for_cosmetics",
      "MSXotto+"
    ],
    "tiles-new": [
      {
        "file": "Zhigh_items.png",
        "tiles": [
          { "id": "KingHat_Zhigh", "fg": 1 },
          { "id": "marble_gun", "fg": 3 },
          { "id": "overlay_wielded_marble_gun", "fg": 2 },
          { "id": "blazer_zhigh", "fg": 5 },
          { "id": "overlay_worn_blazer_zhigh", "fg": 4 },
          { "id": "skirt_zhigh", "fg": 7 },
          { "id": "overlay_worn_skirt_zhigh", "fg": 6 },
          { "id": "coat_rain_froggo", "fg": 9 },
          { "id": "overlay_worn_coat_rain_froggo", "fg": 8 },
          { "id": "tie_necktie_zhigh", "fg": 11 },
          { "id": "overlay_worn_tie_necktie_zhigh", "fg": 10 },
          { "id": "tie_bow_zhigh", "fg": 13 },
          { "id": "overlay_wielded_tie_bow_zhigh", "fg": 12 },
          { "id": "dress_shirt_zhigh", "fg": 15 },
          { "id": "overlay_worn_dress_shirt_zhigh", "fg": 14 },
          { "id": "armband_zhigh_halmon", "fg": 17 },
          { "id": "overlay_worn_armband_zhigh_halmon", "fg": 16 },
          { "id": "pants_zhigh", "fg": 19 },
          { "id": "overlay_worn_dress_pants_zhigh", "fg": 18 },
          { "id": "jacket_baseball", "fg": 21 },
          { "id": "overlay_worn_jacket_baseball", "fg": 20 },
          { "id": "stick_swag", "fg": 23 },
          { "id": "overlay_wielded_stick_swag", "fg": 22 },
          { "id": "hoodie_ora", "fg": 25 },
          { "id": "overlay_worn_hoodie_ora", "fg": 24 },
          { "id": "overlay_worn_hoodie_ora_on", "fg": 26 },
          { "id": "paintballgun_pistol", "fg": 27 },
          { "id": "king_robe_zhigh", "fg": 29 },
          { "id": "overlay_worn_king_robe_zhigh", "fg": 28 },
          { "id": "mask_skull", "fg": 31 },
          { "id": "overlay_worn_mask_skull", "fg": 30 },
          { "id": "shako_zhigh", "fg": 33 },
          { "id": "overlay_worn_shako_zhigh", "fg": 32 },
          { "id": "dress_shirt_zhigh_march", "fg": 35 },
          { "id": "overlay_worn_dress_shirt_zhigh_march", "fg": 34 },
          { "id": "skirt_zhigh_march", "fg": 37 },
          { "id": "overlay_worn_skirt_zhigh_march", "fg": 36 },
          { "id": "pants_zhigh_march", "fg": 39 },
          { "id": "overlay_worn_pants_zhigh_march", "fg": 38 },
          { "id": "jacket_leather_red_march", "fg": 41 },
          { "id": "overlay_worn_jacket_leather_red_march", "fg": 40 },
          { "id": "spi_hairpin", "fg": 43 },
          { "id": "overlay_wielded_spi_hairpin", "fg": 42 },
          { "id": "overlay_worn_spi_hairpin", "fg": 44 },
          { "id": "overlay_wielded_paintballgun_pistol", "fg": 45 },
          { "id": "frog_umbrella_open", "fg": 47 },
          { "id": "overlay_wielded_frog_umbrella_open", "fg": 46 },
          { "id": "overlay_wielded_zhigh_smart_phone_music", "fg": 49 },
          { "id": "zhigh_smart_phone_music", "fg": 49 },
          { "id": "overlay_wielded_frog_umbrella_close", "fg": 48 },
          { "id": "dj_mask", "fg": 51 },
          { "id": "overlay_worn_dj_mask", "fg": 50 },
          { "id": "dj_mask_on", "fg": 53 },
          { "id": "overlay_worn_dj_mask_on", "fg": 52 },
          { "id": "bbsmg", "fg": 55 },
          { "id": "overlay_wielded_bbsmg", "fg": 54 },
          { "id": "selfie_stick", "fg": 57 },
          { "id": "overlay_wielded_selfie_stick", "fg": 56 },
          { "id": "selfie_stick_extended", "fg": 59 },
          { "id": "overlay_wielded_selfie_stick_extended", "fg": 58 },
          { "id": "selfie_stick", "fg": 57 },
          { "id": "overlay_wielded_selfie_stick", "fg": 56 },
          { "id": "selfie_stick_extended", "fg": 59 },
          { "id": "overlay_wielded_selfie_stick_extended", "fg": 58 },
          { "id": "katana_hm", "fg": 61 },
          { "id": "overlay_wielded_katana_hm", "fg": 60 },
          { "id": "laser_spotlight", "fg": 63 },
          { "id": "overlay_wielded_laser_spotlight", "fg": 62 },
          { "id": "multi_holster", "fg": 65 },
          { "id": "overlay_worn_multi_holster", "fg": 64 },
          { "id": "plant_zhigh", "fg": 67 },
          { "id": "overlay_wielded_plant_zhigh", "fg": 66 },
          { "id": "gunstock_club", "fg": 69 },
          { "id": "overlay_wielded_gunstock_club", "fg": 68 },
          { "id": "sundress_white", "fg": 71 },
          { "id": "overlay_worn_sundress_white", "fg": 70 },
          { "id": "hanbok_fl_top", "fg": 73 },
          { "id": "overlay_worn_hanbok_fl_top", "fg": 72 },
          { "id": "hanbok_fl_skirt", "fg": 75 },
          { "id": "overlay_worn_hanbok_fl_skirt", "fg": 74 },
          { "id": "jacket_tracksuit_zhigh", "fg": 77 },
          { "id": "overlay_worn_jacket_tracksuit_zhigh", "fg": 76 },
          { "id": "pants_tracksuit_zhigh", "fg": 79 },
          { "id": "overlay_worn_pants_tracksuit_zhigh", "fg": 78 },
          { "id": "shorts_tracksuit_zhigh", "fg": 81 },
          { "id": "overlay_worn_shorts_tracksuit_zhigh", "fg": 80 },
          { "id": "hanbok_pungmul_zhigh", "fg": 83 },
          { "id": "overlay_worn_hanbok_pungmul_zhigh", "fg": 82 },
          { "id": "hat_pungmul", "fg": 85 },
          { "id": "overlay_worn_hat_pungmul", "fg": 84 },
          { "id": "megaphone_zhigh", "fg": 87 },
          { "id": "overlay_wielded_megaphone_zhigh", "fg": 86 },
          { "id": "thunderball", "fg": 89 },
          { "id": "overlay_wielded_thunderball", "fg": 88 },
          { "id": "water_gun", "fg": 91 },
          { "id": "overlay_wielded_water_gun", "fg": 90 },
          { "id": "knuckle_elec", "fg": 93 },
          { "id": "overlay_wielded_zhigh_smart_phone", "fg": 94 },
          { "id": "overlay_wielded_zhigh_smart_phone_flashlight", "fg": 95 },
          { "id": "zhigh_smart_phone", "fg": 94 },
          { "id": "zhigh_smart_phone_flashlight", "fg": 95 },
          { "id": "overlay_wielded_knuckle_elec", "fg": 92 },
          { "id": "bandana_skull", "fg": 97 },
          { "id": "overlay_worn_bandana_skull", "fg": 96 },
          { "id": "camp_chair_zhigh", "fg": 99 },
          { "id": "overlay_wielded_camp_chair_zhigh", "fg": 98 },
          { "id": "balclava_skull", "fg": 101 },
          { "id": "overlay_worn_balclava_skull", "fg": 100 },
          { "id": "bbM134", "fg": 103 },
          { "id": "overlay_wielded_bbM134", "fg": 102 },
          { "id": "queen_robe_zhigh", "fg": 105 },
          { "id": "overlay_worn_queen_robe_zhigh", "fg": 104 },
          { "id": "queen_wig", "fg": 107 },
          { "id": "throwing_card_diam", "fg": 106 },
          { "id": "KorGong", "fg": 109 },
          { "id": "overlay_wielded_KorGong", "fg": 108 },
          { "id": "spot_strap_zhigh", "fg": 111 },
          { "id": "overlay_worn_spot_strap_zhigh", "fg": 110 },
          { "id": "karambit", "fg": 113 },
          { "id": "overlay_wielded_karambit", "fg": 112 },
          { "id": "baton_light", "fg": 115 },
          { "id": "overlay_wielded_baton_light", "fg": 114 },
          { "id": "baton_light_on", "fg": 117 },
          { "id": "overlay_wielded_baton_light_on", "fg": 116 },
          { "id": "throwing_card_spade", "fg": 119 },
          { "id": "overlay_wielded_throwing_card_spade", "fg": 118 },
          { "id": "spot_hanboktop_zhigh", "fg": 121 },
          { "id": "overlay_worn_spot_hanboktop_zhigh", "fg": 120 },
          { "id": "spot_hanbokpants_zhigh", "fg": 123 },
          { "id": "overlay_worn_spot_hanbokpants_zhigh", "fg": 122 },
          { "id": "mask_combat", "fg": 125 },
          { "id": "overlay_worn_mask_combat", "fg": 124 },
          { "id": "toolwatch", "fg": 127 },
          { "id": "overlay_worn_toolwatch", "fg": 126 },
          { "id": "throwing_card_hear", "fg": 128 },
          { "id": "throwing_card_club", "fg": 129 },
          { "id": "nailsmg", "fg": 131 },
          { "id": "overlay_wielded_nailsmg", "fg": 130 },
          { "id": "roman_candle", "fg": 133 },
          { "id": "overlay_wielded_roman_candle", "fg": 132 },
          { "id": "medkit1", "fg": 135 },
          { "id": "overlay_wielded_medkit1", "fg": 134 },
          { "id": "medkit4", "fg": 137 },
          { "id": "overlay_wielded_medkit4", "fg": 136 },
          { "id": "cash_gun", "fg": 139 },
          { "id": "overlay_wielded_cash_gun", "fg": 138 },
          { "id": "cash_blaster", "fg": 141 },
          { "id": "overlay_wielded_cash_blaster", "fg": 140 },
          { "id": "beanbag", "fg": 143 },
          { "id": "overlay_wielded_beanbag", "fg": 142 },
          { "id": "snow_suit_head", "fg": 145 },
          { "id": "hat_sailor", "fg": 144 },
          { "id": "overlay_worn_snow_suit_body", "fg": 146 },
          { "id": "snow_suit_body", "fg": 147 },
          { "id": "overlay_worn_jacket_tracksuit_zhigh_black", "fg": 148 },
          { "id": "jacket_tracksuit_zhigh_black", "fg": 149 },
          { "id": "overlay_worn_pants_tracksuit_zhigh_black", "fg": 150 },
          { "id": "pants_tracksuit_zhigh_black", "fg": 151 },
          { "id": "overlay_worn_cloak_mj", "fg": 152 },
          { "id": "cloak_mj", "fg": 153 },
          { "id": "overlay_wielded_zap_grenade_act", "fg": 154 },
          { "id": "zap_grenade_act", "fg": 155 },
          { "id": "overlay_wielded_zap_grenade", "fg": 156 },
          { "id": "zap_grenade", "fg": 157 },
          { "id": "badge_ham", "fg": 158 },
          { "id": "overlay_worn_badge_ham", "fg": 159 },
          { "id": "overlay_wielded_flashlight_hk", "fg": 160 },
          { "id": "flashlight_hk", "fg": 161 },
          { "id": "overlay_wielded_flashlight_hk_on", "fg": 162 },
          { "id": "flashlight_hk_on", "fg": 163 },
          { "id": "overlay_wielded_throwing_knife_scrap", "fg": 164 },
          { "id": "throwing_knife_scrap", "fg": 165 },
          { "id": "overlay_wielded_throwing_knife", "fg": 164 },
          { "id": "overlay_wielded_discShooter", "fg": 166 },
          { "id": "discShooter", "fg": 167 },
          { "id": "overlay_wielded_woodenKnife", "fg": 168 },
          { "id": "woodenKnife", "fg": 169 },
          { "id": "paintball_shot", "fg": 170 },
          { "id": "paintball_exp", "fg": 171 },
          { "id": "overlay_wielded_crovel", "fg": 172 },
          { "id": "crovel", "fg": 173 },
          { "id": "overlay_wielded_heavMultTool", "fg": 174 },
          { "id": "heavMultTool", "fg": 175 },
          { "id": "overlay_wielded_staff_skull", "fg": 176 },
          { "id": "staff_skull", "fg": 177 },
          { "id": "overlay_worn_ID_1st", "fg": 178 },
          { "id": "ID_1st", "fg": 179 },
          { "id": "overlay_worn_ID_2nd", "fg": 180 },
          { "id": "ID_2nd", "fg": 181 },
          { "id": "overlay_worn_ID_3rd", "fg": 182 },
          { "id": "ID_3rd", "fg": 183 },
          { "id": "overlay_wielded_mlbrick", "fg": 184 },
          { "id": "mlbrick", "fg": 185 },
          { "id": "overlay_worn_shirt_zhigh_marine", "fg": 186 },
          { "id": "shirt_zhigh_marine", "fg": 187 },
          { "id": "overlay_worn_shorts_zhigh_marine", "fg": 188 },
          { "id": "shorts_zhigh_marine", "fg": 189 },
          { "id": "overlay_worn_boxsnake", "fg": 190 },
          { "id": "badge_plant", "fg": 191 },
          { "id": "overlay_worn_glasses_safety_lab", "fg": 192 },
          { "id": "glasses_safety_lab", "fg": 193 },
          { "id": "overlay_worn_balclava_lab", "fg": 194 },
          { "id": "balclava_lab", "fg": 195 },
          { "id": "apron_green", "fg": 197 },
          { "id": "overlay_worn_apron_green", "fg": 196 },
          { "id": "apron_cyan", "fg": 199 },
          { "id": "overlay_worn_apron_cyan", "fg": 198 },
          { "id": "overlay_wielded_pencil", "fg": 200 },
          { "id": "pencil", "fg": 201 },
          { "id": "overlay_wielded_marble_pump_gun", "fg": 202 },
          { "id": "marble_pump_gun", "fg": 203 },
          { "id": "overlay_wielded_watch_conan", "fg": 204 },
          { "id": "watch_conan", "fg": 205 },
          { "id": "ultimatecontrol", "fg": 206 },
          { "id": "hygienekit", "fg": 207 },
          { "id": "overlay_wielded_cryo_grenade", "fg": 208 },
          { "id": "cryo_grenade", "fg": 209 },
          { "id": "overlay_wielded_cryo_grenade_act", "fg": 210 },
          { "id": "cryo_grenade_act", "fg": 211 },
          { "id": "overlay_wielded_rad_grenade", "fg": 212 },
          { "id": "rad_grenade", "fg": 213 },
          { "id": "overlay_wielded_rad_grenade_act", "fg": 214 },
          { "id": "rad_grenade_act", "fg": 215 },
          { "id": "overlay_worn_redhairpin", "fg": 216 },
          { "id": "redhairpin", "fg": 217 },
          { "id": "overlay_wielded_crossbowhl2", "fg": 218 },
          { "id": "crossbowhl2", "fg": 219 },
          { "id": "overlay_worn_cowboy_hat_zhigh", "fg": 220 },
          { "id": "cowboy_hat_zhigh", "fg": 221 },
          { "id": "medcase", "fg": 222 },
          { "id": "overlay_worn_medcase", "fg": 223 },
          { "id": "overlay_wielded_medkitRecharge", "fg": 224 },
          { "id": "medkitRecharge", "fg": 225 },
          { "id": "overlay_wielded_blowpipe", "fg": 226 },
          { "id": "blowpipe", "fg": 227 },
          { "id": "shot_web", "fg": 228 },
          { "id": "disc_wood", "fg": 229 },
          { "id": "disc_compact", "fg": 230 },
          { "id": "disc_compact_serr", "fg": 231 },
          { "id": "surfboard", "fg": 232 },
          { "id": "skateboard_conan", "fg": 233 },
          { "id": "skateboard", "fg": 234 },
          { "id": "cardmultitool", "fg": 235 },
          { "id": "shot_coin", "fg": 236 },
          { "id": "shot_scrambler", "fg": 237 },
          { "id": "shot_emp_ins", "fg": 238 },
          { "id": "shot_smoke", "fg": 239 },
          { "id": "shot_flame", "fg": 240 },
          { "id": "shot_fungi", "fg": 241 },
          { "id": "shot_acid", "fg": 242 },
          { "id": "shot_toxic_blast", "fg": 243 },
          { "id": "shot_bola", "fg": 244 },
          { "id": "shot_toxic", "fg": 245 },
          { "id": "shot_flash_ins", "fg": 246 },
          { "id": "overlay_worn_swat_shield_act", "fg": 247 },
          { "id": "overlay_worn_swat_shield", "fg": 248 },
          { "id": "swat_shield", "fg": 249 },
          { "id": "swat_shield_act", "fg": 250 },
          { "id": "paintball_glow_glow", "fg": 251 },
          { "id": "paintball_glow", "fg": 252 },
          { "id": "paintball_beanb", "fg": 253 },
          { "id": "paintball_dead", "fg": 254 },
          { "id": "paintball_acid", "fg": 255 }
        ],
        "//": "range 1 to 128",
        "sprite_width": 32,
        "sprite_height": 32,
        "sprite_offset_x": 0,
        "sprite_offset_y": 0
      }
    ]
  }
]