[
  {
    "type": "mod_tileset",
    "compatibility": [
      "Chibi_Ultica",
      "UltimateCataclysm",
      "MshockXottoplus",
      "UNDEAD_PEOPLE",
      "UNDEAD_PEOPLE_BASE",
      "UNDEAD_PEOPLE_LEGACY",
      "UlticaShell",
      "MshockXottoplus12",
      "MSX++DEAD_PEOPLE",
      "MXplus12_for_cosmetics",
      "MSXotto+"
    ],
    "tiles-new": [
      {
        "file": "Zhigh_items.png",
        "tiles": [
          { "id": "KingHat_Zhigh", "fg": 1 },
          { "id": "marble_gun", "fg": 3 },
          { "id": "overlay_wielded_marble_gun", "fg": 2 },
          { "id": "blazer_zhigh", "fg": 5 },
          { "id": "overlay_worn_blazer_zhigh", "fg": 4 },
          { "id": "skirt_zhigh", "fg": 7 },
          { "id": "overlay_worn_skirt_zhigh", "fg": 6 },
          { "id": "coat_rain_froggo", "fg": 9 },
          { "id": "overlay_worn_coat_rain_froggo", "fg": 8 },
          { "id": "tie_necktie_zhigh", "fg": 11 },
          { "id": "overlay_worn_tie_necktie_zhigh", "fg": 10 },
          { "id": "tie_bow_zhigh", "fg": 13 },
          { "id": "overlay_wielded_tie_bow_zhigh", "fg": 12 },
          { "id": "dress_shirt_zhigh", "fg": 15 },
          { "id": "overlay_worn_dress_shirt_zhigh", "fg": 14 },
          { "id": "armband_zhigh_halmon", "fg": 17 },
          { "id": "overlay_worn_armband_zhigh_halmon", "fg": 16 },
          { "id": "pants_zhigh", "fg": 19 },
          { "id": "overlay_worn_dress_pants_zhigh", "fg": 18 },
          { "id": "jacket_baseball", "fg": 21 },
          { "id": "overlay_worn_jacket_baseball", "fg": 20 },
          { "id": "stick_swag", "fg": 23 },
          { "id": "overlay_wielded_stick_swag", "fg": 22 },
          { "id": "hoodie_ora", "fg": 25 },
          { "id": "overlay_worn_hoodie_ora", "fg": 24 },
          { "id": "overlay_worn_hoodie_ora_on", "fg": 26 },
          { "id": "paintballgun_pistol", "fg": 27 },
          { "id": "king_robe_zhigh", "fg": 29 },
          { "id": "overlay_worn_king_robe_zhigh", "fg": 28 },
          { "id": "mask_skull", "fg": 31 },
          { "id": "overlay_worn_mask_skull", "fg": 30 },
          { "id": "shako_zhigh", "fg": 33 },
          { "id": "overlay_worn_shako_zhigh", "fg": 32 },
          { "id": "dress_shirt_zhigh_march", "fg": 35 },
          { "id": "overlay_worn_dress_shirt_zhigh_march", "fg": 34 },
          { "id": "skirt_zhigh_march", "fg": 37 },
          { "id": "overlay_worn_skirt_zhigh_march", "fg": 36 },
          { "id": "pants_zhigh_march", "fg": 39 },
          { "id": "overlay_worn_pants_zhigh_march", "fg": 38 },
          { "id": "jacket_leather_red_march", "fg": 41 },
          { "id": "overlay_worn_jacket_leather_red_march", "fg": 40 },
          { "id": "spi_hairpin", "fg": 43 },
          { "id": "overlay_wielded_spi_hairpin", "fg": 42 },
          { "id": "overlay_worn_spi_hairpin", "fg": 44 },
          { "id": "overlay_wielded_paintballgun_pistol", "fg": 45 },
          { "id": "frog_umbrella_open", "fg": 47 },
          { "id": "overlay_wielded_frog_umbrella_open", "fg": 46 },
          { "id": "overlay_wielded_zhigh_smart_phone_music", "fg": 49 },
          { "id": "zhigh_smart_phone_music", "fg": 49 },
          { "id": "overlay_wielded_frog_umbrella_close", "fg": 48 },
          { "id": "dj_mask", "fg": 51 },
          { "id": "overlay_worn_dj_mask", "fg": 50 },
          { "id": "dj_mask_on", "fg": 53 },
          { "id": "overlay_worn_dj_mask_on", "fg": 52 },
          { "id": "bbsmg", "fg": 55 },
          { "id": "overlay_wielded_bbsmg", "fg": 54 },
          { "id": "selfie_stick", "fg": 57 },
          { "id": "overlay_wielded_selfie_stick", "fg": 56 },
          { "id": "selfie_stick_extended", "fg": 59 },
          { "id": "overlay_wielded_selfie_stick_extended", "fg": 58 },
          { "id": "selfie_stick", "fg": 57 },
          { "id": "overlay_wielded_selfie_stick", "fg": 56 },
          { "id": "selfie_stick_extended", "fg": 59 },
          { "id": "overlay_wielded_selfie_stick_extended", "fg": 58 },
          { "id": "katana_hm", "fg": 61 },
          { "id": "overlay_wielded_katana_hm", "fg": 60 },
          { "id": "laser_spotlight", "fg": 63 },
          { "id": "overlay_wielded_laser_spotlight", "fg": 62 },
          { "id": "multi_holster", "fg": 65 },
          { "id": "overlay_worn_multi_holster", "fg": 64 },
          { "id": "plant_zhigh", "fg": 67 },
          { "id": "overlay_wielded_plant_zhigh", "fg": 66 },
          { "id": "gunstock_club", "fg": 69 },
          { "id": "overlay_wielded_gunstock_club", "fg": 68 },
          { "id": "sundress_white", "fg": 71 },
          { "id": "overlay_worn_sundress_white", "fg": 70 },
          { "id": "hanbok_fl_top", "fg": 73 },
          { "id": "overlay_worn_hanbok_fl_top", "fg": 72 },
          { "id": "hanbok_fl_skirt", "fg": 75 },
          { "id": "overlay_worn_hanbok_fl_skirt", "fg": 74 },
          { "id": "jacket_tracksuit_zhigh", "fg": 77 },
          { "id": "overlay_worn_jacket_tracksuit_zhigh", "fg": 76 },
          { "id": "pants_tracksuit_zhigh", "fg": 79 },
          { "id": "overlay_worn_pants_tracksuit_zhigh", "fg": 78 },
          { "id": "shorts_tracksuit_zhigh", "fg": 81 },
          { "id": "overlay_worn_shorts_tracksuit_zhigh", "fg": 80 },
          { "id": "hanbok_pungmul_zhigh", "fg": 83 },
          { "id": "overlay_worn_hanbok_pungmul_zhigh", "fg": 82 },
          { "id": "hat_pungmul", "fg": 85 },
          { "id": "overlay_worn_hat_pungmul", "fg": 84 },
          { "id": "megaphone_zhigh", "fg": 87 },
          { "id": "overlay_wielded_megaphone_zhigh", "fg": 86 },
          { "id": "thunderball", "fg": 89 },
          { "id": "overlay_wielded_thunderball", "fg": 88 },
          { "id": "water_gun", "fg": 91 },
          { "id": "overlay_wielded_water_gun", "fg": 90 },
          { "id": "knuckle_elec", "fg": 93 },
          { "id": "overlay_wielded_zhigh_smart_phone", "fg": 94 },
          { "id": "overlay_wielded_zhigh_smart_phone_flashlight", "fg": 95 },
          { "id": "zhigh_smart_phone", "fg": 94 },
          { "id": "zhigh_smart_phone_flashlight", "fg": 95 },
          { "id": "overlay_wielded_knuckle_elec", "fg": 92 },
          { "id": "bandana_skull", "fg": 97 },
          { "id": "overlay_worn_bandana_skull", "fg": 96 },
          { "id": "camp_chair_zhigh", "fg": 99 },
          { "id": "overlay_wielded_camp_chair_zhigh", "fg": 98 },
          { "id": "balclava_skull", "fg": 101 },
          { "id": "overlay_worn_balclava_skull", "fg": 100 },
          { "id": "bbM134", "fg": 103 },
          { "id": "overlay_wielded_bbM134", "fg": 102 },
          { "id": "queen_robe_zhigh", "fg": 105 },
          { "id": "overlay_worn_queen_robe_zhigh", "fg": 104 },
          { "id": "queen_wig", "fg": 107 },
          { "id": "throwing_card_diam", "fg": 106 },
          { "id": "KorGong", "fg": 109 },
          { "id": "overlay_wielded_KorGong", "fg": 108 },
          { "id": "spot_strap_zhigh", "fg": 111 },
          { "id": "overlay_worn_spot_strap_zhigh", "fg": 110 },
          { "id": "karambit", "fg": 113 },
          { "id": "overlay_wielded_karambit", "fg": 112 },
          { "id": "baton_light", "fg": 115 },
          { "id": "overlay_wielded_baton_light", "fg": 114 },
          { "id": "baton_light_on", "fg": 117 },
          { "id": "overlay_wielded_baton_light_on", "fg": 116 },
          { "id": "throwing_card_spade", "fg": 119 },
          { "id": "overlay_wielded_throwing_card_spade", "fg": 118 },
          { "id": "spot_hanboktop_zhigh", "fg": 121 },
          { "id": "overlay_worn_spot_hanboktop_zhigh", "fg": 120 },
          { "id": "spot_hanbokpants_zhigh", "fg": 123 },
          { "id": "overlay_worn_spot_hanbokpants_zhigh", "fg": 122 },
          { "id": "mask_combat", "fg": 125 },
          { "id": "overlay_worn_mask_combat", "fg": 124 },
          { "id": "toolwatch", "fg": 127 },
          { "id": "overlay_worn_toolwatch", "fg": 126 },
          { "id": "throwing_card_hear", "fg": 128 },
          { "id": "throwing_card_club", "fg": 129 },
          { "id": "nailsmg", "fg": 131 },
          { "id": "overlay_wielded_nailsmg", "fg": 130 },
          { "id": "roman_candle", "fg": 133 },
          { "id": "overlay_wielded_roman_candle", "fg": 132 },
          { "id": "medkit1", "fg": 135 },
          { "id": "overlay_wielded_medkit1", "fg": 134 },
          { "id": "medkit4", "fg": 137 },
          { "id": "overlay_wielded_medkit4", "fg": 136 },
          { "id": "cash_gun", "fg": 139 },
          { "id": "overlay_wielded_cash_gun", "fg": 138 },
          { "id": "cash_blaster", "fg": 141 },
          { "id": "overlay_wielded_cash_blaster", "fg": 140 },
          { "id": "beanbag", "fg": 143 },
          { "id": "overlay_wielded_beanbag", "fg": 142 },
          { "id": "snow_suit_head", "fg": 145 },
          { "id": "hat_sailor", "fg": 144 },
          { "id": "overlay_worn_snow_suit_body", "fg": 146 },
          { "id": "snow_suit_body", "fg": 147 },
          { "id": "overlay_worn_jacket_tracksuit_zhigh_black", "fg": 148 },
          { "id": "jacket_tracksuit_zhigh_black", "fg": 149 },
          { "id": "overlay_worn_pants_tracksuit_zhigh_black", "fg": 150 },
          { "id": "pants_tracksuit_zhigh_black", "fg": 151 },
          { "id": "overlay_worn_cloak_mj", "fg": 152 },
          { "id": "cloak_mj", "fg": 153 },
          { "id": "overlay_wielded_zap_grenade_act", "fg": 154 },
          { "id": "zap_grenade_act", "fg": 155 },
          { "id": "overlay_wielded_zap_grenade", "fg": 156 },
          { "id": "zap_grenade", "fg": 157 },
          { "id": "badge_ham", "fg": 158 },
          { "id": "overlay_worn_badge_ham", "fg": 159 },
          { "id": "overlay_wielded_flashlight_hk", "fg": 160 },
          { "id": "flashlight_hk", "fg": 161 },
          { "id": "overlay_wielded_flashlight_hk_on", "fg": 162 },
          { "id": "flashlight_hk_on", "fg": 163 },
          { "id": "overlay_wielded_throwing_knife_scrap", "fg": 164 },
          { "id": "throwing_knife_scrap", "fg": 165 },
          { "id": "overlay_wielded_throwing_knife", "fg": 164 },
          { "id": "overlay_wielded_discShooter", "fg": 166 },
          { "id": "discShooter", "fg": 167 },
          { "id": "overlay_wielded_woodenKnife", "fg": 168 },
          { "id": "woodenKnife", "fg": 169 },
          { "id": "paintball_shot", "fg": 170 },
          { "id": "paintball_exp", "fg": 171 },
          { "id": "overlay_wielded_crovel", "fg": 172 },
          { "id": "crovel", "fg": 173 },
          { "id": "overlay_wielded_heavMultTool", "fg": 174 },
          { "id": "heavMultTool", "fg": 175 },
          { "id": "overlay_wielded_staff_skull", "fg": 176 },
          { "id": "staff_skull", "fg": 177 },
          { "id": "overlay_worn_ID_1st", "fg": 178 },
          { "id": "ID_1st", "fg": 179 },
          { "id": "overlay_worn_ID_2nd", "fg": 180 },
          { "id": "ID_2nd", "fg": 181 },
          { "id": "overlay_worn_ID_3rd", "fg": 182 },
          { "id": "ID_3rd", "fg": 183 },
          { "id": "overlay_wielded_mlbrick", "fg": 184 },
          { "id": "mlbrick", "fg": 185 },
          { "id": "overlay_worn_shirt_zhigh_marine", "fg": 186 },
          { "id": "shirt_zhigh_marine", "fg": 187 },
          { "id": "overlay_worn_shorts_zhigh_marine", "fg": 188 },
          { "id": "shorts_zhigh_marine", "fg": 189 },
          { "id": "overlay_worn_boxsnake", "fg": 190 },
          { "id": "badge_plant", "fg": 191 },
          { "id": "overlay_worn_glasses_safety_lab", "fg": 192 },
          { "id": "glasses_safety_lab", "fg": 193 },
          { "id": "overlay_worn_balclava_lab", "fg": 194 },
          { "id": "balclava_lab", "fg": 195 },
          { "id": "apron_green", "fg": 197 },
          { "id": "overlay_worn_apron_green", "fg": 196 },
          { "id": "apron_cyan", "fg": 199 },
          { "id": "overlay_worn_apron_cyan", "fg": 198 },
          { "id": "overlay_wielded_pencil", "fg": 200 },
          { "id": "pencil", "fg": 201 },
          { "id": "overlay_wielded_marble_pump_gun", "fg": 202 },
          { "id": "marble_pump_gun", "fg": 203 },
          { "id": "overlay_wielded_watch_conan", "fg": 204 },
          { "id": "watch_conan", "fg": 205 },
          { "id": "ultimatecontrol", "fg": 206 },
          { "id": "hygienekit", "fg": 207 },
          { "id": "overlay_wielded_cryo_grenade", "fg": 208 },
          { "id": "cryo_grenade", "fg": 209 },
          { "id": "overlay_wielded_cryo_grenade_act", "fg": 210 },
          { "id": "cryo_grenade_act", "fg": 211 },
          { "id": "overlay_wielded_rad_grenade", "fg": 212 },
          { "id": "rad_grenade", "fg": 213 },
          { "id": "overlay_wielded_rad_grenade_act", "fg": 214 },
          { "id": "rad_grenade_act", "fg": 215 },
          { "id": "overlay_worn_redhairpin", "fg": 216 },
          { "id": "redhairpin", "fg": 217 },
          { "id": "overlay_wielded_crossbowhl2", "fg": 218 },
          { "id": "crossbowhl2", "fg": 219 },
          { "id": "overlay_worn_cowboy_hat_zhigh", "fg": 220 },
          { "id": "cowboy_hat_zhigh", "fg": 221 },
          { "id": "medcase", "fg": 222 },
          { "id": "overlay_worn_medcase", "fg": 223 },
          { "id": "overlay_wielded_medkitRecharge", "fg": 224 },
          { "id": "medkitRecharge", "fg": 225 },
          { "id": "overlay_wielded_blowpipe", "fg": 226 },
          { "id": "blowpipe", "fg": 227 },
          { "id": "shot_web", "fg": 228 },
          { "id": "disc_wood", "fg": 229 },
          { "id": "disc_compact", "fg": 230 },
          { "id": "disc_compact_serr", "fg": 231 },
          { "id": "surfboard", "fg": 232 },
          { "id": "skateboard_conan", "fg": 233 },
          { "id": "skateboard", "fg": 234 },
          { "id": "cardmultitool", "fg": 235 },
          { "id": "shot_coin", "fg": 236 },
          { "id": "shot_scrambler", "fg": 237 },
          { "id": "shot_emp_ins", "fg": 238 },
          { "id": "shot_smoke", "fg": 239 },
          { "id": "shot_flame", "fg": 240 },
          { "id": "shot_fungi", "fg": 241 },
          { "id": "shot_acid", "fg": 242 },
          { "id": "shot_toxic_blast", "fg": 243 },
          { "id": "shot_bola", "fg": 244 },
          { "id": "shot_toxic", "fg": 245 },
          { "id": "shot_flash_ins", "fg": 246 },
          { "id": "overlay_worn_swat_shield_act", "fg": 247 },
          { "id": "overlay_worn_swat_shield", "fg": 248 },
          { "id": "swat_shield", "fg": 249 },
          { "id": "swat_shield_act", "fg": 250 },
          { "id": "paintball_glow_glow", "fg": 251 },
          { "id": "paintball_glow", "fg": 252 },
          { "id": "paintball_beanb", "fg": 253 },
          { "id": "paintball_dead", "fg": 254 },
          { "id": "paintball_acid", "fg": 255 }
        ],
        "//": "range 1 to 128",
        "sprite_width": 32,
        "sprite_height": 32,
        "sprite_offset_x": 0,
        "sprite_offset_y": 0
      }
    ]
  },
  {
    "type": "mod_tileset",
    "compatibility": [
      "Chibi_Ultica",
      "UltimateCataclysm",
      "MshockXottoplus",
      "UNDEAD_PEOPLE",
      "UNDEAD_PEOPLE_BASE",
      "UNDEAD_PEOPLE_LEGACY",
      "UlticaShell",
      "MshockXottoplus12",
      "MSX++DEAD_PEOPLE",
      "MXplus12_for_cosmetics",
      "MSXotto+"
    ],
    "tiles-new": [
      {
        "file": "Zhigh_items2.png",
        "tiles": [
          { "id": "overlay_wielded_improvised_colabomb", "fg": 1 },
          { "id": "improvised_colabomb", "fg": 2 },
          { "id": "overlay_wielded_improvised_colabomb_act", "fg": 3 },
          { "id": "improvised_colabomb_act", "fg": 4 },
          { "id": "overlay_wielded_sword_Magik_active", "fg": 5 },
          { "id": "sword_Magik_active", "fg": 6 },
          { "id": "overlay_worn_glassesZhighred", "fg": 7 },
          { "id": "glassesZhighred", "fg": 8 },
          { "id": "overlay_worn_ski_jacket_archer", "fg": 9 },
          { "id": "ski_jacket_archer", "fg": 10 },
          { "id": "overlay_wielded_ice_gun", "fg": 11 },
          { "id": "ice_gun", "fg": 12 },
          { "id": "overlay_wielded_sword_Magik", "fg": 13 },
          { "id": "sword_Magik", "fg": 14 },
          { "id": "overlay_wielded_knife_trenchScrap", "fg": 15 },
          { "id": "overlay_wielded_knife_trench_bashScrap", "fg": 16 },
          { "id": "overlay_worn_medkitRecharge", "fg": 17 },
          { "id": "shortsGreen", "fg": 18 },
          { "id": "overlay_worn_shortsGreen", "fg": 19 },
          { "id": "bbpistol", "fg": 20 },
          { "id": "overlay_wielded_bbpistol", "fg": 21 },
          { "id": "bbmachinepistol", "fg": 22 },
          { "id": "overlay_wielded_bbmachinepistol", "fg": 23 },
          { "id": "hatchet_bamboo", "fg": 24 },
          { "id": "overlay_wielded_hatchet_bamboo", "fg": 25 },
          { "id": "container_kappa", "fg": 26 },
          { "id": "container_alpha", "fg": 27 },
          { "id": "overlay_wielded_bbDMR", "fg": 28 },
          { "id": "bbDMR", "fg": 29 },
          { "id": "stake_wood", "fg": 30 },
          { "id": "overlay_wielded_stake_wood", "fg": 31 },
          { "id": "signalMarker", "fg": 32 },
          { "id": "overlay_wielded_signalMarker", "fg": 33 },
          { "id": "signalMarker1", "fg": 34 },
          { "id": "overlay_wielded_signalMarker1", "fg": 35 },
          { "id": "signalMarker2", "fg": 36 },
          { "id": "overlay_worn_respirator", "fg": 37 },
          { "id": "respirator", "fg": 38 },
          { "id": "overlay_worn_apron_color", "fg": 39 },
          { "id": "apron_color", "fg": 40 },
          { "id": "jacketSecurity", "fg": 41 },
          { "id": "overlay_worn_jacketSecurity", "fg": 42 },
          { "id": "pantsSecurity", "fg": 43 },
          { "id": "overlay_worn_pantsSecurity", "fg": 44 },
          { "id": "overlay_wielded_surfboard", "fg": 45 },
          { "id": "overlay_wielded_skateboard", "fg": 46 },
          { "id": "overlay_wielded_skateboard_conan", "fg": 47 },
          { "id": "skirt_zhigh_cheer", "fg": 48 },
          { "id": "overlay_worn_skirt_zhigh_cheer", "fg": 49 },
          { "id": "tubeSwim", "fg": 50 },
          { "id": "overlay_worn_tubeSwim", "fg": 51 },
          { "id": "overlay_worn_XmasHat", "fg": 52 },
          { "id": "XmasHat", "fg": 53 },
          { "id": "overlay_worn_BBallglove", "fg": 54 },
          { "id": "overlay_wielded_BBallglove", "fg": 54 },
          { "id": "BBallglove", "fg": 55 },
          { "id": "overlay_wielded_rock_launcher", "fg": 56 },
          { "id": "rock_launcher", "fg": 57 },
          { "id": "axe_combat", "fg": 58 },
          { "id": "overlay_wielded_axe_combat", "fg": 59 },
          { "id": "kanabo", "fg": 60 },
          { "id": "overlay_wielded_kanabo", "fg": 61 },
          { "id": "flamethrower_big", "fg": 62 },
          { "id": "overlay_wielded_flamethrower_big", "fg": 63 },
          { "id": "bipodgrip", "fg": 64 },
          { "id": "water_pistol", "fg": 66 },
          { "id": "overlay_wielded_water_pistol", "fg": 67 },
          { "id": "overlay_wielded_knuckle_gem", "fg": 68 },
          { "id": "overlay_worn_belt223", "fg": 69 },
          { "id": "overlay_worn_belt308", "fg": 69 },
          { "id": "overlay_worn_belt40mm", "fg": 69 },
          { "id": "overlay_worn_belt50", "fg": 69 },
          { "id": "overlay_wielded_cudgel_nail", "fg": 70 },
          { "id": "cudgel_nail", "fg": 71 },
          { "id": "overlay_wielded_bolterZhigh", "fg": 72 },
          { "id": "bolterZhigh", "fg": 73 },
          { "id": "overlay_wielded_signalMarker2", "fg": 74 },
          { "id": "overlay_worn_jacket_leather_kevlar_mod", "fg": 75 },
          {
            "id": "mounted_laser_spotlight",
            "fg": 76,
            "rotates": true,
            "multitile": true,
            "additional_tiles": [ { "id": "broken", "fg": 17502 } ]
          },
          { "id": "highlight", "fg": 77 },
          { "id": "overlay_worn_jacket_baseball_2", "fg": 78 },
          { "id": "jacket_baseball_2", "fg": 79 },
          { "id": "overlay_wielded_laser_beamlight", "fg": 80 },
          { "id": "laser_beamlight", "fg": 81 },
          { "id": "hat_witch_purp", "fg": 82 },
          { "id": "hat_witch_black", "fg": 83 },
          { "id": "penLaser", "fg": 84 },
          { "id": "overlay_wielded_penLaser", "fg": 85 },
          { "id": "penGun", "fg": 86 },
          { "id": "overlay_wielded_penGun", "fg": 87 },
          {
            "id": "mounted_laser_beamlight",
            "fg": 88,
            "rotates": true,
            "multitile": true,
            "additional_tiles": [ { "id": "broken", "fg": 17502 } ]
          },
          { "id": "atk_car_on", "fg": 89 },
          { "id": "overlay_wielded_atk_car_on", "fg": 89 },
          { "id": "atk_car", "fg": 90 },
          { "id": "overlay_wielded_atk_car", "fg": 90 },
          { "id": "overlay_worn_goggles_atomic_multi_on", "fg": 91 },
          { "id": "goggles_atomic_multi_on", "fg": 92 },
          { "id": "overlay_worn_goggles_atomic_multi", "fg": 93 },
          { "id": "goggles_atomic_multi", "fg": 94 },
          { "id": "overlay_worn_doorgunnervest", "fg": 95 },
          { "id": "overlay_wielded_DiscShooterV2", "fg": 96 },
          { "id": "DiscShooterV2", "fg": 97 },
          { "id": "mask_DarkSkies", "fg": 98 },
          { "id": "overlay_worn_mask_DarkSkies", "fg": 99 },
          { "id": "mask_CrewChief", "fg": 100 },
          { "id": "overlay_worn_mask_CrewChief", "fg": 101 },
          { "id": "mask_Rogue", "fg": 102 },
          { "id": "overlay_worn_mask_Rogue", "fg": 103 },
          { "id": "mask_Muscle", "fg": 104 },
          { "id": "overlay_worn_mask_Muscle", "fg": 105 },
          { "id": "mask_Armorer", "fg": 106 },
          { "id": "overlay_worn_mask_Armorer", "fg": 107 },
          { "id": "mask_Crook", "fg": 108 },
          { "id": "overlay_worn_mask_Crook", "fg": 109 },
          { "id": "mask_Burglar", "fg": 110 },
          { "id": "overlay_worn_mask_Burglar", "fg": 111 },
          { "id": "overlay_wielded_bio_knuckle_weapon", "fg": 113 },
          { "id": "smokebomb_makeshift", "fg": 114 },
          { "id": "overlay_wielded_smokebomb_makeshift", "fg": 115 },
          { "id": "smokebomb_makeshift_act", "fg": 116 },
          { "id": "overlay_wielded_smokebomb_makeshift_act", "fg": 117 },
          { "id": "mask_Clown", "fg": 118 },
          { "id": "overlay_worn_mask_Clown", "fg": 119 },
          { "id": "mask_Infiltrator", "fg": 120 },
          { "id": "overlay_worn_mask_Infiltrator", "fg": 121 },
          { "id": "mask_Gambler", "fg": 122 },
          { "id": "overlay_worn_mask_Gambler", "fg": 123 },
          { "id": "mask_Grinder", "fg": 124 },
          { "id": "overlay_worn_mask_Grinder", "fg": 125 },
          { "id": "mask_Maniac", "fg": 126 },
          { "id": "overlay_worn_mask_Maniac", "fg": 127 },
          { "id": "mask_ExPresident", "fg": 128 },
          { "id": "overlay_worn_mask_ExPresident", "fg": 129 },
          { "id": "mask_Yakuza", "fg": 130 },
          { "id": "overlay_worn_mask_Yakuza", "fg": 131 },
          { "id": "mask_Anarchist", "fg": 132 },
          { "id": "overlay_worn_mask_Anarchist", "fg": 133 },
          { "id": "mask_Hacker", "fg": 134 },
          { "id": "overlay_worn_mask_Hacker", "fg": 135 },
          { "id": "penFlame", "fg": 136 },
          { "id": "overlay_wielded_penFlame", "fg": 137 },
          { "id": "penChem", "fg": 138 },
          { "id": "overlay_wielded_penChem", "fg": 139 },
          { "id": "penBlade", "fg": 140 },
          { "id": "overlay_wielded_penBlade", "fg": 141 },
          { "id": "boltPistolZhigh", "fg": 142 },
          { "id": "overlay_wielded_boltPistolZhigh", "fg": 143 },
          { "id": "survExoframe", "fg": 144 },
          { "id": "overlay_worn_survExoframe", "fg": 145 },
          { "id": "samEdge", "fg": 146 },
          { "id": "overlay_wielded_samEdge", "fg": 147 },
          { "id": "indiTomahawk", "fg": 148 },
          { "id": "overlay_wielded_indiTomahawk", "fg": 149 },
          { "id": "penPick", "fg": 150 },
          { "id": "overlay_wielded_penPick", "fg": 151 },
          {
            "id": "survivor_flare_act",
            "fg": [ 
                    { "weight": 10, "sprite": 154 },
                    { "weight": 10, "sprite": 152 } ],
            "animated": true
          },
          {
            "id": "overlay_wielded_survivor_flare_act",
            "fg": [ 
                    { "weight": 10, "sprite": 155 },
                    { "weight": 10, "sprite": 153 } ],
            "animated": true
          },
          { "id": "survivor_flare", "fg": 154 },
          { "id": "overlay_wielded_survivor_flare", "fg": 155 },
          { "id": "mask_wooden", "fg": 156 },
          { "id": "overlay_worn_mask_wooden", "fg": 157 },
          { "id": "ammoBag", "fg": 158 },
          { "id": "overlay_worn_ammoBag", "fg": 159 },
          { "id": "microwave_rifle", "fg": 160 },
          { "id": "overlay_wielded_microwave_rifle", "fg": 161 },
          { "id": "laser_musket", "fg": 162 },
          { "id": "overlay_wielded_laser_musket", "fg": 163 },
          { "id": "laser_musket_crank", "fg": 162 },
          { "id": "overlay_wielded_laser_musket_crank", "fg": 163 },
          { "id": "signal_survivor_flare", "fg": 164 },
          { "id": "signalMarker3", "fg": 165 },
          { "id": "overlay_wielded_signalMarker3", "fg": 166 },
          { "id": "overlay_worn_tshirt_mint", "fg": 167 },
          { "id": "tshirt_mint", "fg": 168 },
          { "id": "paintballG_AR15", "fg": 169 },
          { "id": "overlay_wielded_paintballG_AR15", "fg": 170 },
          { "id": "paintball_tg", "fg": 171 },
          { "id": "stim_pack1", "fg": 172 },
          { "id": "stim_pack3", "fg": 173 },
          { "id": "overlay_worn_ammoPurse", "fg": 174 },
          { "id": "ammoPurse", "fg": 175 },
          { "id": "utility_belt", "fg": 176 },
          { "id": "overlay_worn_utility_belt", "fg": 177 },
          { "id": "doom_fullhelmet", "fg": 178 },
          { "id": "overlay_worn_doom_fullhelmet", "fg": 179 },
          { "id": "doom_vest", "fg": 180 },
          { "id": "overlay_worn_doom_vest", "fg": 181 },
          { "id": "shotgun_d_paint", "fg": 182 },
          { "id": "overlay_wielded_shotgun_d_paint", "fg": 183 },
          { "id": "mask_Biker", "fg": 185 },
          { "id": "overlay_worn_mask_Biker", "fg": 185 },
          { "id": "mask_Kingpin", "fg": 186 },
          { "id": "overlay_worn_mask_Kingpin", "fg": 187 },
          { "id": "mask_paperbag", "fg": 188 },
          { "id": "overlay_worn_mask_paperbag", "fg": 189 },
          { "id": "rifleNadeHandmade", "fg": 190 },
          { "id": "baduk", "fg": 191 },
          { "id": "overlay_worn_mask_BattleFake", "fg": 192 },
          { "id": "mask_BattleFake", "fg": 193 },
          { "id": "stick_swag_red", "fg": 194 },
          { "id": "overlay_wielded_stick_swag_red", "fg": 195 },
          { "id": "stick_swag_blue", "fg": 196 },
          { "id": "overlay_wielded_stick_swag_blue", "fg": 197 },
          { "id": "staff_fancy_zhigh", "fg": 198 },
          { "id": "overlay_wielded_staff_fancy_zhigh", "fg": 199 },
          { "id": "staff_spring_zhigh", "fg": 200 },
          { "id": "overlay_wielded_staff_spring_zhigh", "fg": 201 },
          { "id": "penDazzler", "fg": 203 },
          { "id": "overlay_wielded_penDazzler", "fg": 204 },
          { "id": "knuckle_rebar", "fg": 204 },
          { "id": "helmet_maska_raised", "fg": 205 },
          { "id": "helmet_maska", "fg": 205 },
          { "id": "overlay_worn_helmet_maska", "fg": 206 },
          { "id": "overlay_worn_helmet_maska_raised", "fg": 207 },
          { "id": "charm_lens", "fg": 208 },
          { "id": "overlay_wielded_charm_lens", "fg": 208 },
          { "id": "charm_buck", "fg": 209 },
          { "id": "overlay_wielded_charm_buck", "fg": 209 },
          { "id": "charm_bullet", "fg": 210 },
          { "id": "overlay_wielded_charm_bullet", "fg": 210 },
          { "id": "charm_fang", "fg": 211 },
          { "id": "overlay_wielded_charm_fang", "fg": 211 },
          { "id": "charm_grenade", "fg": 212 },
          { "id": "overlay_wielded_charm_grenade", "fg": 212 },
          { "id": "charm_spike", "fg": 213 },
          { "id": "overlay_wielded_charm_spike", "fg": 213 },
          { "id": "charm_cross", "fg": 214 },
          { "id": "overlay_wielded_charm_cross", "fg": 214 },
          { "id": "charm_eyeball", "fg": 215 },
          { "id": "overlay_wielded_charm_eyeball", "fg": 215 },
          { "id": "charm_shiv", "fg": 216 },
          { "id": "overlay_wielded_charm_shiv", "fg": 216 },
          { "id": "charm_case", "fg": 217 },
          { "id": "overlay_wielded_charm_case", "fg": 217 },
          { "id": "charm_arrowhead", "fg": 218 },
          { "id": "overlay_wielded_charm_arrowhead", "fg": 218 },
          { "id": "charm_comp", "fg": 219 },
          { "id": "overlay_wielded_charm_comp", "fg": 219 },
          { "id": "charm_hglass", "fg": 220 },
          { "id": "overlay_wielded_charm_hglass", "fg": 220 },
          { "id": "charm_fak", "fg": 221 },
          { "id": "overlay_wielded_charm_fak", "fg": 221 },
          { "id": "charm_feather", "fg": 222 },
          { "id": "overlay_wielded_charm_feather", "fg": 222 },
          { "id": "charm_skull", "fg": 223 },
          { "id": "overlay_wielded_charm_skull", "fg": 223 },
          { "id": "charm_suppressor", "fg": 224 },
          { "id": "overlay_wielded_charm_suppressor", "fg": 224 },
          { "id": "charm_scope", "fg": 225 },
          { "id": "overlay_wielded_charm_scope", "fg": 225 },
          { "id": "shuriken", "fg": 226 },
          { "id": "overlay_wielded_shuriken", "fg": 227 },
          { "id": "bat_handmade", "fg": 228 },
          { "id": "overlay_wielded_bat_handmade", "fg": 229 },
          { "id": "bbM60", "fg": 230 },
          { "id": "overlay_wielded_bbM60", "fg": 231 },
          { "id": "stungun", "fg": 232 },
          { "id": "overlay_wielded_stungun", "fg": 233 },
          { "id": "demon_tail", "fg": 234 },
          { "id": "overlay_worn_demon_tail", "fg": 235 },
          { "id": "demon_horns", "fg": 236 },
          { "id": "mask_menpo", "fg": 237 },
          { "id": "overlay_worn_mask_menpo", "fg": 238 },
          { "id": "overlay_wielded_uno", "fg": 239 },
          { "id": "uno", "fg": 239 },
          { "id": "overlay_wielded_stunrod", "fg": 240 },
          { "id": "stunrod", "fg": 241 },
          { "id": "bunny_earsW", "fg": 242 },
          { "id": "bunny_earsB", "fg": 243 },
          { "id": "jacket_tape", "fg": 239 },
          { "id": "overlay_wielded_jacket_tape", "fg": 240 },
          { "id": "thunderstick", "fg": 241 },
          { "id": "overlay_wielded_thunderstick", "fg": 241 },
          { "id": "mask_Psychopath", "fg": 242 },
          { "id": "ots62", "fg": 243 },
          { "id": "overlay_wielded_ots62", "fg": 244 },
          { "id": "overlay_wielded_fire_ax_1", "fg": 245 }
        ],
        "//": "range 1 to 128",
        "sprite_width": 32,
        "sprite_height": 32,
        "sprite_offset_x": 0,
        "sprite_offset_y": 0
      }
    ]
  },
  {
    "type": "mod_tileset",
    "compatibility": [
      "Chibi_Ultica",
      "UltimateCataclysm",
      "MshockXottoplus",
      "UNDEAD_PEOPLE",
      "UNDEAD_PEOPLE_BASE",
      "UNDEAD_PEOPLE_LEGACY",
      "UlticaShell",
      "MshockXottoplus12",
      "MSX++DEAD_PEOPLE",
      "MXplus12_for_cosmetics",
      "MSXotto+"
    ],
    "tiles-new": [
      {
        "file": "Zhigh_mon.png",
        "tiles": [
          { "id": "mon_zwordfish", "fg": 1 },
          { "id": "mon_blackmane", "fg": 2 },
          { "id": "bot_enz_hack", "fg": 3 },
          { "id": "overlay_wielded_bot_enz_hack", "fg": 4 },
          { "id": "mon_enz_hack", "fg": 5 },
          { "id": "broken_enz_hack", "fg": 6 },
          { "id": "overlay_wielded_broken_enz_hack", "fg": 7 },
          { "id": "bot_heal_drone", "fg": 8 },
          { "id": "overlay_wielded_bot_heal_drone", "fg": 9 },
          { "id": "mon_heal_drone", "fg": 10 },
          { "id": "broken_heal_drone", "fg": 11 },
          { "id": "overlay_wielded_broken_heal_drone", "fg": 12 },
          { "id": "bot_attack_drone", "fg": 13 },
          { "id": "overlay_wielded_bot_attack_drone", "fg": 14 },
          { "id": "mon_attack_drone", "fg": 15 },
          { "id": "broken_attack_drone", "fg": 16 },
          { "id": "overlay_wielded_broken_attack_drone", "fg": 17 },
          {
            "id": "mon_survivor_human_pipe",
            "fg": [
              { "weight": 10, "sprite": 18 },
              { "weight": 10, "sprite": 19 },
              { "weight": 10, "sprite": 20 },
              { "weight": 10, "sprite": 21 },
              { "weight": 10, "sprite": 22 },
              { "weight": 10, "sprite": 23 }
            ],
            "rotates": false,
            "animated": false
          },
          {
            "id": "mon_survivor_human_crowbar",
            "fg": [
              { "weight": 10, "sprite": 24 },
              { "weight": 10, "sprite": 25 },
              { "weight": 10, "sprite": 26 },
              { "weight": 10, "sprite": 27 },
              { "weight": 10, "sprite": 28 },
              { "weight": 10, "sprite": 29 }
            ],
            "rotates": false,
            "animated": false
          },
          {
            "id": "mon_survivor_human_m4bb",
            "fg": [
              { "weight": 10, "sprite": 30 },
              { "weight": 10, "sprite": 31 },
              { "weight": 10, "sprite": 32 },
              { "weight": 10, "sprite": 33 },
              { "weight": 10, "sprite": 34 },
              { "weight": 10, "sprite": 35 }
            ],
            "rotates": false,
            "animated": false
          },
          {
            "id": "mon_pubg_bogup",
            "fg": [
              { "weight": 10, "sprite": 36 },
              { "weight": 10, "sprite": 37 },
              { "weight": 10, "sprite": 38 },
              { "weight": 10, "sprite": 39 }
            ],
            "rotates": false,
            "animated": true
          }
        ],
        "//": "range 1 to 128",
        "sprite_width": 32,
        "sprite_height": 32,
        "sprite_offset_x": 0,
        "sprite_offset_y": 0
      }
    ]
  },
  {
    "type": "mod_tileset",
    "compatibility": [
      "Chibi_Ultica",
      "UltimateCataclysm",
      "MshockXottoplus",
      "UNDEAD_PEOPLE",
      "UNDEAD_PEOPLE_BASE",
      "UNDEAD_PEOPLE_LEGACY",
      "UlticaShell",
      "MshockXottoplus12",
      "MSX++DEAD_PEOPLE",
      "MXplus12_for_cosmetics",
      "MSXotto+"
    ],
    "tiles-new": [
      {
        "file": "Zhigh_muts.png",
        "tiles": [
          { "id": "overlay_female_mutation_hair_mj_roll", "fg": 1 },
          { "id": "overlay_male_mutation_hair_mj_roll", "fg": 1 },
          { "id": "overlay_female_mutation_hair_paint_eyeC", "fg": 2 },
          { "id": "overlay_male_mutation_hair_paint_eyeC", "fg": 2 },
          { "id": "overlay_female_mutation_hair_blast", "fg": 3 },
          { "id": "overlay_male_mutation_hair_blast", "fg": 3 },
          { "id": "overlay_female_mutation_hair_olivia", "fg": 5 },
          { "id": "overlay_male_mutation_hair_olivia", "fg": 5 },
          { "id": "overlay_female_mutation_hair_splasher", "fg": 6 },
          { "id": "overlay_male_mutation_hair_splasher", "fg": 6 },
          { "id": "overlay_female_mutation_eye_red", "fg": 7 },
          { "id": "overlay_male_mutation_eye_red", "fg": 7 },
          { "id": "overlay_female_mutation_eye_black", "fg": 8 },
          { "id": "overlay_male_mutation_eye_black", "fg": 8 },
          { "id": "overlay_female_mutation_eye_grey", "fg": 9 },
          { "id": "overlay_male_mutation_eye_grey", "fg": 9 },
          { "id": "overlay_female_mutation_eye_yellow", "fg": 10 },
          { "id": "overlay_male_mutation_eye_yellow", "fg": 10 },
          { "id": "overlay_female_mutation_eye_purple", "fg": 11 },
          { "id": "overlay_male_mutation_eye_purple", "fg": 11 },
          { "id": "overlay_female_mutation_eye_mint", "fg": 12 },
          { "id": "overlay_male_mutation_eye_mint", "fg": 12 },
          { "id": "overlay_female_mutation_eye_pink", "fg": 13 },
          { "id": "overlay_male_mutation_eye_pink", "fg": 13 },
          { "id": "overlay_female_mutation_eye_orange", "fg": 14 },
          { "id": "overlay_male_mutation_eye_orange", "fg": 14 },
          { "id": "overlay_female_mutation_eye_green", "fg": 15 },
          { "id": "overlay_male_mutation_eye_green", "fg": 15 },
          { "id": "overlay_female_mutation_hair_poison", "fg": 16 },
          { "id": "overlay_male_mutation_hair_poison", "fg": 16 },
          { "id": "overlay_female_mutation_hair_tamer", "fg": 17 },
          { "id": "overlay_male_mutation_hair_tamer", "fg": 17 },
          { "id": "overlay_female_mutation_hair_sword_pony", "fg": 18 },
          { "id": "overlay_male_mutation_hair_sword_pony", "fg": 18 },
          { "id": "overlay_female_mutation_hair_dead_eye", "fg": 19 },
          { "id": "overlay_male_mutation_hair_dead_eye", "fg": 19 },
          { "id": "overlay_female_mutation_eye_cyan", "fg": 20 },
          { "id": "overlay_male_mutation_eye_cyan", "fg": 20 },
          { "id": "overlay_female_mutation_eye_purp_V2", "fg": 21 },
          { "id": "overlay_male_mutation_eye_purp_V2", "fg": 21 },
          { "id": "overlay_female_mutation_hair_shutter", "fg": 22 },
          { "id": "overlay_male_mutation_hair_shutter", "fg": 22 },
          { "id": "overlay_female_mutation_hair_aid", "fg": 23 },
          { "id": "overlay_male_mutation_hair_aid", "fg": 23 },
          { "id": "overlay_female_mutation_hair_boxer", "fg": 24 },
          { "id": "overlay_male_mutation_hair_boxer", "fg": 24 },
          { "id": "overlay_female_mutation_hair_lancer", "fg": 25 },
          { "id": "overlay_male_mutation_hair_lancer", "fg": 25 },
          { "id": "overlay_female_mutation_ONISKIN", "fg": 26 },
          { "id": "overlay_male_mutation_ONISKIN", "fg": 27 },
          { "id": "overlay_female_mutation_hair_nurse", "fg": 28 },
          { "id": "overlay_male_mutation_hair_nurse", "fg": 28 },
          { "id": "overlay_female_mutation_hair_medic", "fg": 29 },
          { "id": "overlay_male_mutation_hair_medic", "fg": 29 },
          { "id": "overlay_female_mutation_hair_chair", "fg": 31 },
          { "id": "overlay_male_mutation_hair_chair", "fg": 31 },
          { "id": "overlay_male_mutation_hair_pink_short", "fg": 32 },
          { "id": "overlay_female_mutation_hair_pink_short", "fg": 33 },
          { "id": "overlay_male_mutation_hair_pink_mohawk", "fg": 34 },
          { "id": "overlay_female_mutation_hair_pink_mohawk", "fg": 34 },
          { "id": "overlay_male_mutation_hair_pink_medium", "fg": 35 },
          { "id": "overlay_female_mutation_hair_pink_medium", "fg": 36 },
          { "id": "overlay_male_mutation_hair_pink_long", "fg": 37 },
          { "id": "overlay_female_mutation_hair_pink_long", "fg": 38 },
          { "id": "overlay_male_mutation_hair_pink_fro", "fg": 39 },
          { "id": "overlay_female_mutation_hair_pink_fro", "fg": 39 },
          { "id": "overlay_male_mutation_hair_pink_crewcut", "fg": 40 },
          { "id": "overlay_female_mutation_hair_pink_crewcut", "fg": 41 },
          { "id": "overlay_male_mutation_hair_fireman", "fg": 42 },
          { "id": "overlay_female_mutation_hair_fireman", "fg": 42 },
          { "id": "overlay_female_mutation_eye_indigo", "fg": 43 },
          { "id": "overlay_male_mutation_eye_indigo", "fg": 43 },
          { "id": "overlay_male_mutation_hair_orange_short", "fg": 48 },
          { "id": "overlay_female_mutation_hair_orange_short", "fg": 49 },
          { "id": "overlay_male_mutation_hair_orange_mohawk", "fg": 50 },
          { "id": "overlay_female_mutation_hair_orange_mohawk", "fg": 50 },
          { "id": "overlay_male_mutation_hair_orange_medium", "fg": 51 },
          { "id": "overlay_female_mutation_hair_orange_medium", "fg": 52 },
          { "id": "overlay_male_mutation_hair_orange_long", "fg": 53 },
          { "id": "overlay_female_mutation_hair_orange_long", "fg": 54 },
          { "id": "overlay_male_mutation_hair_orange_fro", "fg": 55 },
          { "id": "overlay_female_mutation_hair_orange_fro", "fg": 55 },
          { "id": "overlay_male_mutation_hair_orange_crewcut", "fg": 56 },
          { "id": "overlay_female_mutation_hair_orange_crewcut", "fg": 57 },
          { "id": "overlay_male_mutation_hair_blue_short", "fg": 64 },
          { "id": "overlay_female_mutation_hair_blue_short", "fg": 65 },
          { "id": "overlay_male_mutation_hair_blue_mohawk", "fg": 66 },
          { "id": "overlay_female_mutation_hair_blue_mohawk", "fg": 66 },
          { "id": "overlay_male_mutation_hair_blue_medium", "fg": 67 },
          { "id": "overlay_female_mutation_hair_blue_medium", "fg": 68 },
          { "id": "overlay_male_mutation_hair_blue_long", "fg": 69 },
          { "id": "overlay_female_mutation_hair_blue_long", "fg": 70 },
          { "id": "overlay_male_mutation_hair_blue_fro", "fg": 71 },
          { "id": "overlay_female_mutation_hair_blue_fro", "fg": 71 },
          { "id": "overlay_male_mutation_hair_blue_crewcut", "fg": 72 },
          { "id": "overlay_female_mutation_hair_blue_crewcut", "fg": 73 },
          { "id": "overlay_male_mutation_hair_green_short", "fg": 80 },
          { "id": "overlay_female_mutation_hair_green_short", "fg": 81 },
          { "id": "overlay_male_mutation_hair_green_mohawk", "fg": 82 },
          { "id": "overlay_female_mutation_hair_green_mohawk", "fg": 82 },
          { "id": "overlay_male_mutation_hair_green_medium", "fg": 83 },
          { "id": "overlay_female_mutation_hair_green_medium", "fg": 84 },
          { "id": "overlay_male_mutation_hair_green_long", "fg": 85 },
          { "id": "overlay_female_mutation_hair_green_long", "fg": 86 },
          { "id": "overlay_male_mutation_hair_green_fro", "fg": 87 },
          { "id": "overlay_female_mutation_hair_green_fro", "fg": 87 },
          { "id": "overlay_male_mutation_hair_green_crewcut", "fg": 88 },
          { "id": "overlay_female_mutation_hair_green_crewcut", "fg": 89 },
          { "id": "overlay_male_mutation_hair_light_pink_short", "fg": 96 },
          { "id": "overlay_female_mutation_hair_light_pink_short", "fg": 97 },
          { "id": "overlay_male_mutation_hair_light_pink_mohawk", "fg": 98 },
          { "id": "overlay_female_mutation_hair_light_pink_mohawk", "fg": 98 },
          { "id": "overlay_male_mutation_hair_light_pink_medium", "fg": 99 },
          { "id": "overlay_female_mutation_hair_light_pink_medium", "fg": 100 },
          { "id": "overlay_male_mutation_hair_light_pink_long", "fg": 101 },
          { "id": "overlay_female_mutation_hair_light_pink_long", "fg": 102 },
          { "id": "overlay_male_mutation_hair_light_pink_fro", "fg": 103 },
          { "id": "overlay_female_mutation_hair_light_pink_fro", "fg": 103 },
          { "id": "overlay_male_mutation_hair_light_pink_crewcut", "fg": 104 },
          { "id": "overlay_female_mutation_hair_light_pink_crewcut", "fg": 105 }
        ],
        "//": "range 1 to 128",
        "sprite_width": 32,
        "sprite_height": 32,
        "sprite_offset_x": 0,
        "sprite_offset_y": 0
      }
    ]
  },
  {
    "type": "mod_tileset",
    "compatibility": [
      "Chibi_Ultica",
      "UltimateCataclysm",
      "MshockXottoplus",
      "UNDEAD_PEOPLE",
      "UNDEAD_PEOPLE_BASE",
      "UNDEAD_PEOPLE_LEGACY",
      "UlticaShell",
      "MshockXottoplus12",
      "MSX++DEAD_PEOPLE",
      "MXplus12_for_cosmetics",
      "MSXotto+"
    ],
    "tiles-new": [
      {
        "file": "Zhigh_itemsoffset01Dn.png",
        "tiles": [
          { "id": "overlay_worn_skateboard_conan", "fg": 1 },
          { "id": "overlay_worn_skateboard", "fg": 2 },
          { "id": "overlay_worn_surfboard", "fg": 3 }
        ],
        "//": "range 1 to 128",
        "sprite_width": 32,
        "sprite_height": 32,
        "sprite_offset_x": 0,
        "sprite_offset_y": 10
      }
    ]
  },
  {
    "type": "mod_tileset",
    "compatibility": [
      "Chibi_Ultica",
      "UltimateCataclysm",
      "MshockXottoplus",
      "UNDEAD_PEOPLE",
      "UNDEAD_PEOPLE_BASE",
      "UNDEAD_PEOPLE_LEGACY",
      "UlticaShell",
      "MshockXottoplus12",
      "MSX++DEAD_PEOPLE",
      "MXplus12_for_cosmetics",
      "MSXotto+"
    ],
    "tiles-new": [
      {
        "file": "Zhigh_itemsoffset01Up.png",
        "tiles": [
          { "id": "overlay_worn_KingHat_Zhigh", "fg": 1 },
          { "id": "overlay_worn_queen_wig", "fg": 2 },
          { "id": "overlay_worn_snow_suit_head", "fg": 3 },
          { "id": "overlay_worn_hat_sailor", "fg": 4 },
          { "id": "overlay_worn_badge_plant", "fg": 5 },
          { "id": "overlay_worn_hat_witch_purp", "fg": 6 },
          { "id": "overlay_worn_hat_witch_black", "fg": 7 },
          { "id": "overlay_female_mutation_hair_hacker", "fg": 8 },
          { "id": "overlay_male_mutation_hair_hacker", "fg": 8 },
          { "id": "overlay_worn_demon_horns", "fg": 9 },
          { "id": "overlay_worn_bunny_earsB", "fg": 10 },
          { "id": "overlay_worn_bunny_earsW", "fg": 11 },
          { "id": "overlay_worn_mask_Psychopath", "fg": 12 }
        ],
        "//": "range 1 to 128",
        "sprite_width": 32,
        "sprite_height": 32,
        "sprite_offset_x": 0,
        "sprite_offset_y": -10
      }
    ]
  },
  {
    "type": "mod_tileset",
    "compatibility": [
      "Chibi_Ultica",
      "UltimateCataclysm",
      "MshockXottoplus",
      "UNDEAD_PEOPLE",
      "UNDEAD_PEOPLE_BASE",
      "UNDEAD_PEOPLE_LEGACY",
      "UlticaShell",
      "MshockXottoplus12",
      "MSX++DEAD_PEOPLE",
      "MXplus12_for_cosmetics",
      "MSXotto+"
    ],
    "tiles-new": [
      {
        "file": "Zhigh_reskins.png",
        "tiles": [
          { "id": "overlay_wielded_tec9", "fg": 1 },
          { "id": "overlay_wielded_tazer", "fg": 2 },
          { "id": "overlay_wielded_fn_p90", "fg": 3 },
          { "id": "overlay_wielded_tonfa", "fg": 4 },
          { "id": "overlay_wielded_tonfa_wood", "fg": 5 },
          { "id": "overlay_wielded_shocktonfa_off", "fg": 6 },
          { "id": "overlay_wielded_shocktonfa_on", "fg": 7 },
          { "id": "flashbang", "fg": 8 },
          { "id": "overlay_wielded_flashbang", "fg": 9 },
          { "id": "flashbang_act", "fg": 10 },
          { "id": "overlay_wielded_flashbang_act", "fg": 11 },
          { "id": "grenade_inc", "fg": 12 },
          { "id": "overlay_wielded_grenade_inc", "fg": 13 },
          { "id": "grenade_inc_act", "fg": 14 },
          { "id": "overlay_wielded_grenade_inc_act", "fg": 15 },
          { "id": "overlay_wielded_gasbomb_makeshift", "fg": 16 },
          { "id": "overlay_wielded_gasbomb_makeshift_act", "fg": 17 },
          { "id": "smokebomb", "fg": 18 },
          { "id": "overlay_wielded_smokebomb", "fg": 19 },
          { "id": "smokebomb_act", "fg": 20 },
          { "id": "overlay_wielded_smokebomb_act", "fg": 21 },
          { "id": "overlay_wielded_insecticidalbomb", "fg": 22 },
          { "id": "overlay_wielded_insecticidalbomb_act", "fg": 23 },
          { "id": "overlay_wielded_fungicidalbomb", "fg": 24 },
          { "id": "overlay_wielded_fungicidalbomb_act", "fg": 25 },
          { "id": "overlay_wielded_insecticidalbomb_makeshift", "fg": 22 },
          { "id": "overlay_wielded_insecticidalbomb_makeshift_act", "fg": 23 },
          { "id": "overlay_wielded_fungicidalbomb_makeshift", "fg": 24 },
          { "id": "overlay_wielded_fungicidalbomb_makeshift_act", "fg": 25 },
          { "id": "overlay_wielded_usp_45", "fg": 26 },
          { "id": "overlay_wielded_usp_9mm", "fg": 26 },
          { "id": "flamethrower_simple", "fg": 27 },
          { "id": "overlay_wielded_flamethrower_simple", "fg": 28 },
          { "id": "overlay_wielded_electric_lantern", "fg": 30 },
          { "id": "overlay_wielded_electric_lantern_on", "fg": 31 },
          { "id": "overlay_wielded_gasoline_lantern", "fg": 30 },
          { "id": "overlay_wielded_gasoline_lantern_on", "fg": 31 },
          { "id": "overlay_wielded_oil_lamp", "fg": 30 },
          { "id": "overlay_wielded_oil_lamp_on", "fg": 31 },
          { "id": "overlay_wielded_syringe", "fg": 32 },
          { "id": "broom", "fg": 33 },
          { "id": "overlay_wielded_broom", "fg": 34 },
          { "id": "overlay_wielded_tommygun", "fg": 35 },
          { "id": "ruger_redhawk", "fg": 36 },
          { "id": "overlay_wielded_ruger_redhawk", "fg": 37 },
          { "id": "overlay_worn_mask_hockey", "fg": 38 },
          { "id": "overlay_wielded_iceaxe", "fg": 39 },
          { "id": "overlay_worn_football_armor", "fg": 40 },
          { "id": "overlay_worn_pot_xlhelmet", "fg": 41 },
          { "id": "overlay_wielded_boxing_gloves", "fg": 42 },
          { "id": "overlay_worn_boxing_gloves", "fg": 42 },
          { "id": "overlay_wielded_mgl", "fg": 43 },
          { "id": "overlay_wielded_m79", "fg": 44 },
          { "id": "helmet_ball", "fg": 45 },
          { "id": "overlay_worn_helmet_ball", "fg": 46 },
          { "id": "overlay_wielded_helmet_ball", "fg": 47 },
          { "id": "overlay_wielded_wrench", "fg": 48 },
          { "id": "overlay_wielded_hat_ball", "fg": 49 },
          { "id": "hat_ball", "fg": 50 },
          { "id": "overlay_wielded_nailgun", "fg": 51 },
          { "id": "overlay_wielded_flamethrower", "fg": 52 },
          { "id": "overlay_wielded_knife_hunting", "fg": 53 },
          { "id": "overlay_wielded_atomic_lamp_off", "fg": 54 },
          { "id": "overlay_wielded_atomic_lamp", "fg": 55 },
          { "id": "overlay_wielded_atomic_light_off", "fg": 54 },
          { "id": "overlay_wielded_atomic_light", "fg": 55 },
          { "id": "overlay_male_worn_goggles_ski", "fg": 56 },
          { "id": "overlay_female_worn_goggles_ski", "fg": 57 },
          { "id": "overlay_wielded_cordless_drill", "fg": 58 },
          { "id": "noise_emitter", "fg": 59 },
          { "id": "overlay_wielded_noise_emitter", "fg": 60 },
          { "id": "noise_emitter_on", "fg": 61 },
          { "id": "overlay_wielded_noise_emitter_on", "fg": 62 },
          { "id": "c4", "fg": 63 },
          {
            "id": "c4armed",
            "fg": [ 
                    { "weight": 10, "sprite": 64 },
                    { "weight": 10, "sprite": 65 },
                    { "weight": 10, "sprite": 66 },
                    { "weight": 10, "sprite": 67 } ],
            "animated": true
          },
          { "id": "overlay_worn_gloves_work", "fg": 68 },
          { "id": "overlay_wielded_gloves_work", "fg": 68 },
          { "id": "throwing_knife", "fg": 69 },
          { "id": "overlay_wielded_hacksaw", "fg": 70 },
          { "id": "overlay_wielded_knife_hunting", "fg": 71 },
          { "id": "overlay_wielded_knife_combat", "fg": 72 },
          { "id": "overlay_wielded_knife_combat_mod", "fg": 72 },
          { "id": "overlay_wielded_butterfly_swords", "fg": 73 },
          { "id": "pen", "fg": 74 },
          { "id": "overlay_wielded_pen", "fg": 75 },
          { "id": "overlay_wielded_knife_rm42", "fg": 76 },
          { "id": "overlay_worn_suit", "fg": 77 },
          { "id": "overlay_wielded_hatchet", "fg": 78 },
          { "id": "overlay_wielded_glass_macuahuitl", "fg": 79 },
          { "id": "mac_11", "fg": 80 },
          { "id": "overlay_wielded_mac_11", "fg": 81 },
          {
            "id": "overlay_wielded_plasma_gun",
            "fg": [ 
                    { "weight": 10, "sprite": 82 },
                    { "weight": 10, "sprite": 83 },
                    { "weight": 10, "sprite": 84 } ],
            "animated": true
          },
          { "id": "overlay_wielded_switchblade", "fg": 85 },
          { "id": "overlay_wielded_makeshift_knife", "fg": 86 },
          { "id": "overlay_worn_rebreather", "fg": 87 },
          { "id": "overlay_worn_rebreather_on", "fg": 87 },
          { "id": "overlay_wielded_knife_chef", "fg": 88 },
          { "id": "overlay_worn_mask_ski", "fg": 89 },
          { "id": "overlay_wielded_mask_ski_loose", "fg": 90 },
          { "id": "overlay_wielded_vacutainer", "fg": 91 },
          { "id": "vacutainer", "fg": 91 },
          { "id": "overlay_worn_flotation_vest", "fg": 92 },
          { "id": "overlay_wielded_fire_axe", "fg": 93, "bg": 93 },
          { "id": "overlay_wielded_sword_crude", "fg": 94 },
          { "id": "overlay_wielded_sword_metal", "fg": 94 },
          { "id": "overlay_wielded_knife_trench", "fg": 95 },
          { "id": "overlay_wielded_knife_trench_bash", "fg": 95 },
          { "id": "overlay_wielded_lawn_dart", "fg": 96 },
          { "id": "khopesh", "fg": 97 },
          { "id": "overlay_wielded_khopesh", "fg": 98 }
        ],
        "//": "range 1 to 128",
        "sprite_width": 32,
        "sprite_height": 32,
        "sprite_offset_x": 0,
        "sprite_offset_y": 0
      }
    ]
  },
  {
    "type": "mod_tileset",
    "compatibility": [
      "Chibi_Ultica",
      "UltimateCataclysm",
      "MshockXottoplus",
      "UNDEAD_PEOPLE",
      "UNDEAD_PEOPLE_BASE",
      "UNDEAD_PEOPLE_LEGACY",
      "UlticaShell",
      "MshockXottoplus12",
      "MSX++DEAD_PEOPLE",
      "MXplus12_for_cosmetics",
      "MSXotto+"
    ],
    "tiles-new": [
      {
        "file": "Zhigh_stims.png",
        "tiles": [
          { "id": "stim3BTG", "fg": 1 },
          { "id": "adrenaline_injector", "fg": 2 },
          { "id": "stimquikclot", "fg": 3 },
          { "id": "stimL1", "fg": 5 },
          { "id": "stimMeldonin", "fg": 7 },
          { "id": "stimP22", "fg": 11 },
          { "id": "stimperfotoran", "fg": 12 },
          { "id": "stimPNB", "fg": 13 },
          { "id": "stimpropital", "fg": 14 },
          { "id": "stimSJ1", "fg": 15 },
          { "id": "stimSJ12", "fg": 16 },
          { "id": "stimSJ6", "fg": 17 },
          { "id": "stimInv", "fg": 18 },
          { "id": "stimTrimadol", "fg": 19 },
          { "id": "stimantivenom", "fg": 20 },
          { "id": "stimzagustin", "fg": 21 },
          { "id": "vaccine_shot", "fg": 22 },
          { "id": "stimmorphine", "fg": 23 },
          { "id": "stimrx11", "fg": 24 },
          { "id": "stimrx12", "fg": 25 },
          { "id": "stimUdR513", "fg": 26 }
        ],
        "//": "range 1 to 128",
        "sprite_width": 32,
        "sprite_height": 32,
        "sprite_offset_x": 0,
        "sprite_offset_y": 0
      }
    ]
  }
]