[
  {
    "method": "json",
    "object": {
      "fill_ter": "t_floor",
      "furniture": {
        "!": "f_street_light",
        "&": "f_trashcan",
        "B": "f_bench",
        "C": "f_counter",
        "X": "f_crate_c",
        "a": "f_chair",
        "l": "f_locker",
        "{": "f_washer"
      },
      "place_items": [
        { "chance": 10, "item": "bags", "x": 20, "y": 2 },
        { "chance": 15, "item": "shoes", "x": 15, "y": 2 },
        { "chance": 25, "item": "field", "x": 21, "y": 22 },
        { "chance": 25, "item": "field", "x": 1, "y": 19 },
        { "chance": 25, "item": "field", "x": 22, "y": 9 },
        { "chance": 65, "item": "jackets", "x": 6, "y": 1 },
        { "chance": 100, "item": "paintball_items", "x": 4, "y": 19 },
        { "chance": 100, "item": "paintball_items", "x": 19, "y": 3 },
        { "chance": 100, "item": "paintball_items", "x": 7, "y": 10 },
        { "chance": 100, "item": "paintball_items", "x": [ 2, 4 ], "y": 1 },
        { "chance": 100, "item": "paintball_items", "x": [ 1, 23 ], "y": [ 1, 23 ] },
        { "chance": 100, "item": "paintball_items", "x": [ 1, 23 ], "y": [ 1, 23 ] },
        { "chance": 100, "item": "paintball_items", "x": [ 1, 23 ], "y": [ 1, 23 ] },
        { "chance": 100, "item": "paintball_items", "x": [ 1, 23 ], "y": [ 1, 23 ] },
        { "chance": 100, "item": "paintball_items", "x": [ 1, 23 ], "y": [ 1, 23 ] },
        { "chance": 100, "item": "paintball_items", "x": [ 1, 23 ], "y": [ 1, 23 ] },
        { "chance": 100, "item": "paintball_items", "x": [ 1, 23 ], "y": [ 1, 23 ] },
        { "chance": 100, "item": "paintball_items", "x": [ 1, 23 ], "y": [ 1, 23 ] },
        { "chance": 100, "item": "paintball_items", "x": [ 1, 23 ], "y": [ 1, 23 ] },
        { "chance": 100, "item": "paintball_items", "x": [ 1, 23 ], "y": [ 1, 23 ] },
        { "chance": 100, "item": "paintball_items", "x": [ 1, 23 ], "y": [ 1, 23 ] },
        { "chance": 100, "item": "paintball_items", "x": [ 1, 23 ], "y": [ 1, 23 ] },
        { "chance": 100, "item": "paintball_items", "x": [ 1, 23 ], "y": [ 1, 23 ] },
        { "chance": 35, "item": "mil_armor_pants", "x": 5, "y": 1 },
        { "chance": 35, "item": "trash_cart", "x": 14, "y": 22 },
        { "chance": 35, "item": "trash_cart", "x": 13, "y": 19 },
        { "chance": 35, "item": "trash_cart", "x": 6, "y": 13 },
        { "chance": 35, "item": "trash_cart", "x": 12, "y": 10 },
        { "chance": 35, "item": "trash_cart", "x": 4, "y": 7 },
        { "chance": 35, "item": "trash_cart", "x": 8, "y": 5 },
        { "chance": 75, "item": "trash", "x": [ 17, 18 ], "y": 2 }
      ],
      "rows": [
        ".bbbbbbbbbcc...........!",
        ".bCCCClFFbcc..cccccccc..",
        ".bFFFFFFa'cc._cBB&&BBc_.",
        "|b+bbbb'bbcc..cccccccc_.",
        "|ccccccccccc...........|",
        "|............_..._...._|",
        "|.----------...-------_|",
        "|..#_#s__......_....._#|",
        "|_....__#..._........._|",
        "|#.._----......XX.7._..|",
        "|__..ddd-............._|",
        "|....-ddd..{..........#|",
        "|....----......_..X..##|",
        "|_._..__......__....-._|",
        "|_..................-..|",
        "|__.................-..|",
        "|#_....7.XX....{.......|",
        "|_..................-..|",
        "|_.---.--...........--_|",
        "|_......-..._..........|",
        "|__._......_....._.._._|",
        "|s_.....-....___.....__|",
        "|_#__._....._s_____#__s|",
        "||||||||||||||||||||||||"
      ],
      "items": {
        "F": [ { "item": "paintball_items", "chance": 75 } ],
        "B": [ { "item": "paintball_items", "chance": 100, "repeat": [ 15, 20 ] } ],
        "l": [ { "item": "snacks", "chance": 65 }, { "item": "paintball_items", "chance": 83, "repeat": [ 5, 10 ] } ],
        "{": [ { "item": "paintball_items", "repeat": [ 18, 50 ] } ]
      },
      "terrain": {
        "#": "t_underbrush",
        "&": "t_concrete",
        "'": "t_window_no_curtains_open",
        "+": "t_door_c",
        "-": "t_wall_r",
        ".": "t_dirt",
        "!": "t_dirt",
        "7": "t_tree",
        "F": "t_floor",
        "B": "t_concrete",
        "X": "t_dirt",
        "_": "t_grass",
        "b": "t_brick_wall",
        "c": "t_concrete",
        "d": "t_dirtfloor",
        "f": "t_fence_h",
        "s": "t_shrub",
        "{": "t_dirt",
        "|": "t_scrap_wall"
      }
    },
    "om_terrain": "paintball_field",
    "type": "mapgen",
    "weight": 100
  },
  {
    "type": "mapgen",
    "method": "json",
    "om_terrain": "paintball_field_roof",
    "object": {
      "fill_ter": "t_tar_flat_roof",
      "rows": [
        " .........              ",
        " .........              ",
        " .........              ",
        " .........              ",
        "                        ",
        "                        ",
        "                        ",
        "                        ",
        "                        ",
        "     ....               ",
        "     ....               ",
        "     ....               ",
        "     ....               ",
        "                        ",
        "                        ",
        "                        ",
        "                        ",
        "                        ",
        "                        ",
        "                        ",
        "                        ",
        "                        ",
        "                        ",
        "                        "
      ],
      "palettes": [ "roof_palette" ],
      "terrain": { ".": "t_tar_flat_roof" }
    }
  },
  {
    "method": "json",
    "object": {
      "fill_ter": "t_floor",
      "place_item": [
        { "item": "log", "repeat": 1, "x": 3, "y": 10 },
        { "item": "log", "repeat": 1, "x": 19, "y": 17 },
        { "item": "log", "repeat": 1, "x": 5, "y": 18 },
        { "item": "splinter", "repeat": 1, "x": 6, "y": 20 },
        { "item": "splinter", "repeat": 1, "x": 16, "y": 20 }
      ],
      "furniture": {
        "!": "f_street_light",
        "&": "f_trashcan",
        "T": "f_table",
        "^": "f_rubble_rock",
        "b": "f_bench",
        "c": "f_counter",
        "t": "f_table",
        "{": "f_locker"
      },
      "place_items": [
        { "chance": 35, "item": "trash_cart", "x": 20, "y": 22 },
        { "chance": 35, "item": "trash_cart", "x": 2, "y": 19 },
        { "chance": 35, "item": "trash_cart", "x": 15, "y": 15 },
        { "chance": 35, "item": "trash_cart", "x": 9, "y": 13 },
        { "chance": 35, "item": "trash_cart", "x": 20, "y": 10 },
        { "chance": 35, "item": "trash_cart", "x": 3, "y": 6 },
        { "chance": 35, "item": "trash_cart", "x": 7, "y": 4 },
        { "chance": 15, "item": "jackets", "x": 4, "y": 4 },
        { "chance": 15, "item": "jackets", "x": 1, "y": 2 },
        { "chance": 35, "item": "mil_armor_pants", "x": [ 18, 19 ], "y": 4 },
        { "chance": 100, "item": "paintball_items", "x": 20, "y": 4 },
        { "chance": 100, "item": "paintball_items", "x": 21, "y": [ 2, 4 ] },
        { "chance": 65, "item": "trash", "x": 1, "y": 4 },
        { "chance": 65, "item": "trash", "x": 1, "y": 1 },
        { "chance": 100, "item": "paintball_items", "x": [ 1, 23 ], "y": [ 1, 23 ] },
        { "chance": 100, "item": "paintball_items", "x": [ 1, 23 ], "y": [ 1, 23 ] },
        { "chance": 100, "item": "paintball_items", "x": [ 1, 23 ], "y": [ 1, 23 ] },
        { "chance": 100, "item": "paintball_items", "x": [ 1, 23 ], "y": [ 1, 23 ] },
        { "chance": 100, "item": "paintball_items", "x": [ 1, 23 ], "y": [ 1, 23 ] },
        { "chance": 100, "item": "paintball_items", "x": [ 1, 23 ], "y": [ 1, 23 ] },
        { "chance": 100, "item": "paintball_items", "x": [ 1, 23 ], "y": [ 1, 23 ] },
        { "chance": 100, "item": "paintball_items", "x": [ 1, 23 ], "y": [ 1, 23 ] },
        { "chance": 100, "item": "paintball_items", "x": [ 1, 23 ], "y": [ 1, 23 ] },
        { "chance": 100, "item": "paintball_items", "x": [ 1, 23 ], "y": [ 1, 23 ] },
        { "chance": 100, "item": "paintball_items", "x": [ 1, 23 ], "y": [ 1, 23 ] },
        { "chance": 100, "item": "paintball_items", "x": [ 1, 23 ], "y": [ 1, 23 ] },
        { "chance": 100, "item": "paintball_items", "x": [ 1, 23 ], "y": [ 1, 23 ] },
        { "chance": 100, "item": "paintball_items", "x": [ 1, 23 ], "y": [ 1, 23 ] },
        { "chance": 100, "item": "paintball_items", "x": [ 1, 23 ], "y": [ 1, 23 ] },
        { "chance": 100, "item": "paintball_items", "x": [ 1, 23 ], "y": [ 1, 23 ] },
        { "chance": 100, "item": "paintball_items", "x": [ 1, 23 ], "y": [ 1, 23 ] }
      ],
      "rows": [
        "-------sssss------------",
        "-&sbbssssssssss||||||||-",
        "-bsssssssssssss'FTTFFc|-",
        "-bsssssssssssss|FFFFFc|-",
        "-&sbbsbbsssssss+FF{{cc|-",
        "-||||||||||ss||||||||||-",
        "-##__#..........._._._#-",
        "-#__._...............__-",
        "-__.4.......^^.....|..#-",
        "-_......|||||||..._|.__-",
        "-...._..|dtttd|...^|.._-",
        "-_._....ddddddd....^._.-",
        "-....^..|ddddd|...._.._-",
        "-#...|^.|ddddd|........-",
        "-...^|..ddddddd........-",
        "-....|..|ddddd|......_.-",
        "-....^..|||dd||....__..-",
        "-._.__...^.......___...-",
        "-_..___..........__....-",
        "-__...__.|||...__7_..._-",
        "-__._..__........_...._-",
        "-#__..._..._......_.._#-",
        "-__#__...____._.__..___-",
        "------------------------"
      ],
      "items": {
        "d": [ { "item": "paintball_items", "chance": 75 } ],
        "t": [ { "item": "paintball_items", "chance": 100, "repeat": [ 15, 20 ] } ],
        "T": [ { "item": "snacks", "chance": 65 }, { "item": "paintball_items", "chance": 83, "repeat": [ 5, 10 ] } ],
        "{": [ { "item": "paintball_items", "repeat": [ 15, 20 ] } ]
      },
      "terrain": {
        "#": "t_underbrush",
        "&": "t_sidewalk",
        "'": "t_window_no_curtains_open",
        "+": "t_door_locked",
        "-": "t_scrap_wall",
        ".": "t_dirt",
        "4": "t_tree_pine",
        "7": "t_tree",
        "F": "t_floor",
        "^": "t_dirt",
        "_": "t_grass",
        "!": "t_dirt",
        "b": "t_sidewalk",
        "d": "t_dirtfloor",
        "s": "t_sidewalk",
        "t": "t_dirtfloor",
        "|": "t_wall_y"
      }
    },
    "om_terrain": "paintball_field_1",
    "type": "mapgen",
    "weight": 100
  },
  {
    "type": "mapgen",
    "method": "json",
    "om_terrain": "paintball_field_roof_1",
    "object": {
      "fill_ter": "t_tar_flat_roof",
      "rows": [
        "                        ",
        "               ........ ",
        "               ........ ",
        "               ........ ",
        "               ........ ",
        "               ........ ",
        "                        ",
        "                        ",
        "                        ",
        "        .......         ",
        "        .......         ",
        "        .......         ",
        "        .......         ",
        "        .......         ",
        "        .......         ",
        "        .......         ",
        "        .......         ",
        "                        ",
        "                        ",
        "                        ",
        "                        ",
        "                        ",
        "                        ",
        "                        "
      ],
      "palettes": [ "roof_palette" ],
      "terrain": { ".": "t_tar_flat_roof" }
    }
  }
]