[
  {
    "id": "emission_Zhigh",
    "type": "weather_type",
    "name": "UNKNOWN",
    "color": "c_white",
    "map_color": "c_white_cyan",
    "glyph": "@",
    "ranged_penalty": 8,
    "sight_penalty": 8.0,
    "light_modifier": -90,
    "sound_attn": 9,
    "dangerous": true,
    "precip": "heavy",
    "rains": true,
    "acidic": true,
    "effects": [ { "name": "thunder", "intensity": 999 }, { "name": "lightning", "intensity": 999 }, { "name": "acid", "intensity": 999 } ],
    "animation": { "factor": 0.4, "color": "c_white", "glyph": "*", "tile": "weather_acid_drop" },
    "sound_category": "thunder",
    "sun_intensity": "none",
    "requirements": { "pressure_min": 1020, "humidity_max": 70, "required_weathers": [ "clear" ] }
  }
]