[
  {
    "type": "vehicle_group",
    "id": "busGroupZhigh",
    "vehicles": [ [ "schoolbusZhigh", 1000 ] ]
  },
  {
    "id": "schoolbusZhigh",
    "type": "vehicle",
    "name": "Schoolbus",
    "blueprint": [
      [ "''O'''''''O" ],
      [ "'########'H" ],
      [ "+........'>" ],
      [ "'#######.'H" ],
      [ "''O'''''+'O" ]
    ],
    "parts": [
      { "x": 0, "y": 1, "part": "hdframe_vertical_2" },
      { "x": 0, "y": 1, "part": "aisle_vertical" },
      { "x": 0, "y": 1, "part": "hdroof" },
      { "x": 0, "y": 2, "part": "hdframe_vertical_2" },
      { "x": 0, "y": 2, "part": "aisle_horizontal" },
      { "x": 0, "y": 2, "part": "hdroof" },
      { "x": 0, "y": 3, "part": "hdframe_vertical" },
      { "x": 0, "y": 3, "part": "hddoor" },
      { "x": 0, "y": 0, "part": "hdframe_vertical_2" },
      { "x": 0, "y": 0, "part": "seat" },
      { "x": 0, "y": 0, "part": "controls" },
      { "x": 0, "y": 0, "part": "dashboard" },
      { "x": 0, "y": 0, "part": "vehicle_clock" },
      { "x": 0, "y": 0, "part": "vehicle_alarm" },
      { "x": 0, "y": 0, "part": "horn_car" },
      { "x": 0, "y": 0, "part": "hdroof" },
      { "x": 0, "y": -1, "part": "hdframe_vertical" },
      { "x": 0, "y": -1, "part": "reinforced_windshield" },
      { "x": 1, "y": -1, "part": "hdframe_horizontal" },
      { "x": 1, "y": -1, "part": "reinforced_windshield" },
      { "x": 1, "y": 0, "part": "hdframe_horizontal" },
      { "x": 1, "y": 0, "part": "reinforced_windshield" },
      { "x": 1, "y": 1, "part": "hdframe_horizontal" },
      { "x": 1, "y": 1, "part": "reinforced_windshield" },
      { "x": 1, "y": 2, "part": "hdframe_horizontal" },
      { "x": 1, "y": 2, "part": "reinforced_windshield" },
      { "x": 1, "y": 3, "part": "hdframe_horizontal" },
      { "x": 1, "y": 3, "part": "reinforced_windshield" },
      { "x": 2, "y": -1, "part": "hdframe_nw" },
      { "x": 2, "y": -1, "part": "hdhalfboard_nw" },
      { "x": 2, "y": -1, "parts": [ "wheel_mount_heavy_steerable", "wheel_armor" ] },
      { "x": 2, "y": 0, "part": "hdframe_horizontal_2" },
      { "x": 2, "y": 0, "part": "hdhalfboard_horizontal_2" },
      { "x": 2, "y": 0, "part": "headlight_reinforced" },
      { "x": 2, "y": 1, "part": "hdframe_cover" },
      { "x": 2, "y": 1, "part": "halfboard_cover" },
      { "x": 2, "y": 1, "part": "diesel_engine_v8" },
      { "x": 2, "y": 1, "part": "alternator_truck" },
      { "x": 2, "y": 1, "part": "battery_car" },
      { "x": 2, "y": 2, "part": "hdframe_horizontal_2" },
      { "x": 2, "y": 2, "part": "hdhalfboard_horizontal_2" },
      { "x": 2, "y": 2, "part": "headlight_reinforced" },
      { "x": 2, "y": 3, "part": "hdframe_ne" },
      { "x": 2, "y": 3, "part": "hdhalfboard_ne" },
      { "x": 2, "y": 3, "parts": [ "wheel_mount_heavy_steerable", "wheel_armor" ] },
      { "x": -1, "y": -1, "part": "hdframe_vertical" },
      { "x": -1, "y": -1, "part": "reinforced_windshield" },
      { "x": -1, "y": 0, "part": "hdframe_horizontal_2" },
      { "x": -1, "y": 0, "part": "seat" },
      { "x": -1, "y": 0, "part": "hdroof" },
      { "x": -1, "y": 1, "part": "hdframe_vertical_2" },
      { "x": -1, "y": 1, "part": "aisle_vertical" },
      { "x": -1, "y": 1, "part": "hdroof" },
      { "x": -1, "y": 2, "part": "hdframe_horizontal_2" },
      { "x": -1, "y": 2, "part": "seat" },
      { "x": -1, "y": 2, "part": "hdroof" },
      { "x": -1, "y": 3, "part": "hdframe_vertical" },
      { "x": -1, "y": 3, "part": "reinforced_windshield" },
      { "x": -1, "y": 3, "part": "tank", "fuel": "diesel" },
      { "x": -2, "y": -1, "part": "hdframe_vertical" },
      { "x": -2, "y": -1, "part": "reinforced_windshield" },
      { "x": -2, "y": 0, "part": "hdframe_horizontal_2" },
      { "x": -2, "y": 0, "part": "seat" },
      { "x": -2, "y": 0, "part": "hdroof" },
      { "x": -2, "y": 1, "part": "hdframe_vertical_2" },
      { "x": -2, "y": 1, "part": "trunk_floor" },
      { "x": -2, "y": 1, "part": "hdroof" },
      { "x": -2, "y": 2, "part": "hdframe_horizontal_2" },
      { "x": -2, "y": 2, "part": "seat" },
      { "x": -2, "y": 2, "part": "hdroof" },
      { "x": -2, "y": 3, "part": "hdframe_vertical" },
      { "x": -2, "y": 3, "part": "reinforced_windshield" },
      { "x": -2, "y": 3, "part": "tank", "fuel": "diesel" },
      { "x": -3, "y": -1, "part": "hdframe_vertical" },
      { "x": -3, "y": -1, "part": "reinforced_windshield" },
      { "x": -3, "y": 0, "part": "hdframe_horizontal_2" },
      { "x": -3, "y": 0, "part": "seat" },
      { "x": -3, "y": 0, "part": "hdroof" },
      { "x": -3, "y": 1, "part": "hdframe_vertical_2" },
      { "x": -3, "y": 1, "part": "aisle_vertical" },
      { "x": -3, "y": 1, "part": "hdroof" },
      { "x": -3, "y": 2, "part": "hdframe_horizontal_2" },
      { "x": -3, "y": 2, "part": "seat" },
      { "x": -3, "y": 2, "part": "hdroof" },
      { "x": -3, "y": 3, "part": "hdframe_vertical" },
      { "x": -3, "y": 3, "part": "reinforced_windshield" },
      { "x": -4, "y": -1, "part": "hdframe_vertical" },
      { "x": -4, "y": -1, "part": "reinforced_windshield" },
      { "x": -4, "y": 0, "part": "hdframe_horizontal_2" },
      { "x": -4, "y": 0, "part": "seat" },
      { "x": -4, "y": 0, "part": "hdroof" },
      { "x": -4, "y": 1, "part": "hdframe_vertical_2" },
      { "x": -4, "y": 1, "part": "aisle_vertical" },
      { "x": -4, "y": 1, "part": "hdroof" },
      { "x": -4, "y": 2, "part": "hdframe_horizontal_2" },
      { "x": -4, "y": 2, "part": "seat" },
      { "x": -4, "y": 2, "part": "hdroof" },
      { "x": -4, "y": 3, "part": "hdframe_vertical" },
      { "x": -4, "y": 3, "part": "reinforced_windshield" },
      { "x": -5, "y": -1, "part": "hdframe_vertical" },
      { "x": -5, "y": -1, "part": "reinforced_windshield" },
      { "x": -5, "y": 0, "part": "hdframe_horizontal_2" },
      { "x": -5, "y": 0, "part": "seat" },
      { "x": -5, "y": 0, "part": "hdroof" },
      { "x": -5, "y": 1, "part": "hdframe_vertical_2" },
      { "x": -5, "y": 1, "part": "trunk_floor" },
      { "x": -5, "y": 1, "part": "hdroof" },
      { "x": -5, "y": 2, "part": "hdframe_horizontal_2" },
      { "x": -5, "y": 2, "part": "seat" },
      { "x": -5, "y": 2, "part": "hdroof" },
      { "x": -5, "y": 3, "part": "hdframe_vertical" },
      { "x": -5, "y": 3, "part": "reinforced_windshield" },
      { "x": -6, "y": -1, "part": "hdframe_horizontal" },
      { "x": -6, "y": -1, "parts": [ "wheel_mount_heavy_steerable", "wheel_armor" ] },
      { "x": -6, "y": -1, "part": "reinforced_windshield" },
      { "x": -6, "y": 0, "part": "hdframe_horizontal_2" },
      { "x": -6, "y": 0, "part": "seat" },
      { "x": -6, "y": 0, "part": "hdroof" },
      { "x": -6, "y": 1, "part": "hdframe_vertical_2" },
      { "x": -6, "y": 1, "part": "aisle_vertical" },
      { "x": -6, "y": 1, "part": "hdroof" },
      { "x": -6, "y": 2, "part": "hdframe_horizontal_2" },
      { "x": -6, "y": 2, "part": "seat" },
      { "x": -6, "y": 2, "part": "hdroof" },
      { "x": -6, "y": 3, "part": "hdframe_horizontal" },
      { "x": -6, "y": 3, "parts": [ "wheel_mount_heavy_steerable", "wheel_armor" ] },
      { "x": -6, "y": 3, "part": "reinforced_windshield" },
      { "x": -7, "y": -1, "part": "hdframe_vertical" },
      { "x": -7, "y": -1, "part": "reinforced_windshield" },
      { "x": -7, "y": 0, "part": "hdframe_horizontal_2" },
      { "x": -7, "y": 0, "part": "seat" },
      { "x": -7, "y": 0, "part": "hdroof" },
      { "x": -7, "y": 1, "part": "hdframe_vertical_2" },
      { "x": -7, "y": 1, "part": "aisle_vertical" },
      { "x": -7, "y": 1, "part": "hdroof" },
      { "x": -7, "y": 2, "part": "hdframe_horizontal_2" },
      { "x": -7, "y": 2, "part": "seat" },
      { "x": -7, "y": 2, "part": "hdroof" },
      { "x": -7, "y": 3, "part": "hdframe_vertical" },
      { "x": -7, "y": 3, "part": "reinforced_windshield" },
      { "x": -8, "y": -1, "part": "hdframe_horizontal" },
      { "x": -8, "y": -1, "part": "reinforced_windshield" },
      { "x": -8, "y": 0, "part": "hdframe_horizontal" },
      { "x": -8, "y": 0, "part": "reinforced_windshield" },
      { "x": -8, "y": 1, "part": "hdframe_vertical" },
      { "x": -8, "y": 1, "part": "hddoor" },
      { "x": -8, "y": 2, "part": "hdframe_horizontal" },
      { "x": -8, "y": 2, "part": "reinforced_windshield" },
      { "x": -8, "y": 3, "part": "hdframe_horizontal" },
      { "x": -8, "y": 3, "part": "beeper" },
      { "x": -8, "y": 3, "part": "reinforced_windshield" }
    ],
    "items": [
      { "x": -1, "y": 0, "chance": 60, "item_groups": [ "ZhighItemGroups" ] },
      { "x": -1, "y": 2, "chance": 60, "item_groups": [ "ZhighItemGroups", "tools_survival" ] },
      { "x": -2, "y": 0, "chance": 60, "item_groups": [ "ZhighItemGroups" ] },
      { "x": -2, "y": 2, "chance": 70, "item_groups": [ "school" ] },
      { "x": -3, "y": 0, "chance": 60, "item_groups": [ "ZhighItemGroups" ] },
      { "x": -3, "y": 2, "chance": 60, "item_groups": [ "school", "tools_survival" ] },
      { "x": -4, "y": 0, "chance": 60, "item_groups": [ "school" ] },
      { "x": -4, "y": 2, "chance": 60, "item_groups": [ "ZhighItemGroups" ] },
      { "x": -5, "y": 0, "chance": 60, "item_groups": [ "school" ] },
      { "x": -5, "y": 2, "chance": 70, "item_groups": [ "ZhighItemGroups" ] },
      { "x": -6, "y": 0, "chance": 60, "item_groups": [ "school" ] },
      { "x": -6, "y": 2, "chance": 60, "item_groups": [ "school", "ZhighItemGroups" ] },
      { "x": -7, "y": 0, "chance": 60, "item_groups": [ "school" ] },
      { "x": -7, "y": 2, "chance": 60, "item_groups": [ "ZhighItemGroups" ] }
    ]
  }
]