[
  {
    "type": "recipe",
    "result": "mlbrick",
    "category": "CC_WEAPON",
    "subcategory": "CSC_WEAPON_BASHING",
    "skill_used": "fabrication",
    "time": "5 m",
    "reversible": true,
    "autolearn": true,
    "components": [ [ [ "paper", 10 ] ] ]
  },
  {
    "type": "recipe",
    "result": "mask_combat",
    "category": "CC_ARMOR",
    "subcategory": "CSC_ARMOR_HEAD",
    "skill_used": "mechanics",
    "skills_required": [ [ "fabrication", 3 ] ],
    "difficulty": 5,
    "time": "50 m",
    "reversible": false,
    "autolearn": true,
    "qualities": [ 
        { "id": "SAW_M_FINE", "level": 2 }, 
        { "id": "SCREW_FINE", "level": 2 }, 
        { "id": "HAMMER", "level": 2 }, 
        { "id": "WRENCH_FINE", "level": 1 } ],
    "components": [
      [ [ "goggles_nv", 1 ] ],
      [ [ "goggles_swim", 1 ] ],
      [ [ "rebreather", 1 ] ],
      [ [ "fabric_standard", 3, "LIST" ] ],
      [ [ "goggles_ir", 1 ] ],
      [ [ "plut_cell", 6 ] ],
      [ [ "cable", 30 ] ],
      [ [ "charcoal", 30 ] ],
      [ [ "mask_gas", 1 ] ],
      [ [ "mask_ski", 1 ] ],
      [ [ "bondage_mask", 1 ] ]
    ]
  },
  {
    "type": "recipe",
    "result": "gunstock_club",
    "category": "CC_WEAPON",
    "subcategory": "CSC_WEAPON_BASHING",
    "skill_used": "fabrication",
    "time": "25 m",
    "autolearn": true,
    "qualities": [ { "id": "HAMMER", "level": 1 } ],
    "components": [ [ [ "stick", 2 ], [ "2x4", 2 ] ], 
      [ [ "rock", 2 ], [ "ceramic_shard", 2 ], [ "sharp_rock", 2 ] ],
      [ [ "cordage_short", 1, "LIST" ] ] ]
  },
  {
    "result": "marble_gun",
    "type": "recipe",
    "category": "CC_WEAPON",
    "subcategory": "CSC_WEAPON_RANGED",
    "skill_used": "mechanics",
    "skills_required": [ [ "fabrication", 2 ] ],
    "difficulty": 5,
    "time": "40 m",
    "autolearn": true,
    "components": [
      [ [ "hand_pump", 1 ] ],
      [ [ "pipe", 2 ] ],
      [ [ "duct_tape", 300 ], [ "superglue", 3 ] ],
      [ [ "2x4", 2 ], [ "stick", 2 ] ],
      [ [ "metal_tank_little", 1 ] ] 
    ]
  },
  {
    "result": "marble_pump_gun",
    "type": "recipe",
    "category": "CC_WEAPON",
    "subcategory": "CSC_WEAPON_RANGED",
    "skill_used": "mechanics",
    "skills_required": [ [ "fabrication", 3 ] ],
    "difficulty": 5,
    "time": "40 m",
    "autolearn": true,
    "qualities": [
      { "id": "SAW_M_FINE", "level": 1 },
      { "id": "SCREW_FINE", "level": 1 },
      { "id": "WRENCH", "level": 1 }
    ],
    "components": [
      [ [ "pipe", 3 ] ],
      [ [ "duct_tape", 300 ], [ "superglue", 3 ] ],
      [ [ "2x4", 3 ], [ "stick", 3 ] ],
      [ [ "hose", 2 ] ] 
    ]
  },
  {
    "type": "recipe",
    "result": "ashot_db",
    "category": "CC_WEAPON",
    "subcategory": "CSC_WEAPON_RANGED",
    "skill_used": "mechanics",
    "skills_required": [ "gun", 2 ],
    "difficulty": 3,
    "time": "3 h",
    "autolearn": true,
    "book_learn": [ [ "textbook_fabrication", 2 ] ],
    "qualities": [
      { "id": "SAW_M", "level": 1 },
      { "id": "SCREW", "level": 1 },
      { "id": "WRENCH", "level": 1 }
    ],
    "tools": [ [ [ "oxy_torch", 20 ], [ "welder", 100 ], [ "welder_crude", 150 ], [ "toolset", 150 ] ] ],
    "components": [ [ [ "pipe", 2 ] ], [ [ "2x4", 1 ], [ "stick", 1 ] ], [ [ "scrap", 2 ] ] ]
  },
  {
    "type": "recipe",
    "result": "ashot_40",
    "category": "CC_WEAPON",
    "subcategory": "CSC_WEAPON_RANGED",
    "skill_used": "mechanics",
    "skills_required": [ "gun", 2 ],
    "difficulty": 3,
    "time": "3 h",
    "autolearn": true,
    "book_learn": [ [ "textbook_fabrication", 2 ] ],
    "qualities": [
      { "id": "SAW_M", "level": 1 },
      { "id": "SCREW", "level": 1 },
      { "id": "WRENCH", "level": 1 }
    ],
    "tools": [ [ [ "oxy_torch", 20 ], [ "welder", 100 ], [ "welder_crude", 150 ], [ "toolset", 150 ] ] ],
    "components": [ [ [ "pipe", 2 ] ], [ [ "2x4", 2 ], [ "stick", 2 ] ], [ [ "scrap", 3 ] ] ]
  },
  {
    "type": "recipe",
    "result": "throwing_knife_scrap",
    "category": "CC_WEAPON",
    "subcategory": "CSC_WEAPON_RANGED",
    "skill_used": "fabrication",
    "difficulty": 4,
    "time": "5 m",
    "autolearn": true,
    "qualities": [ { "id": "HAMMER", "level": 1 } ],
    "components": [
      [ [ "steel_chunk", 1 ], [ "scrap", 3 ] ],
      [ [ "fabric_standard", 10, "LIST" ], [ "fabric_hides_any", 10, "LIST" ], [ "felt_patch", 10 ] ]
    ]
  },
  {
    "type": "recipe",
    "result": "laser_spotlight",
    "category": "CC_WEAPON",
    "subcategory": "CSC_WEAPON_RANGED",
    "skill_used": "fabrication",
    "difficulty": 3,
    "time": "1 h 30 m",
    "decomp_learn": 5,
    "autolearn": true,
    "book_learn": [ [ "textbook_fabrication", 2 ] ],
    "qualities": [
      { "id": "CUT", "level": 1 }, { "id": "HAMMER", "level": 1 },
      { "id": "SCREW", "level": 1 }, { "id": "SAW_M", "level": 1 }
    ],
    "components": [
      [ [ "steel_lump", 1 ], [ "steel_chunk", 4 ], [ "scrap", 12 ] ],
      [ [ "pipe", 2 ] ],
      [ [ "30gal_drum", 2 ], ["55gal_drum", 1 ] ],
      [ [ "cable", 30 ] ],
      [ [ "e_scrap", 4 ] ],
      [ [ "duct_tape", 60 ] ]
    ]
  },
  {
    "type": "recipe",
    "result": "laser_beamlight",
    "category": "CC_WEAPON",
    "subcategory": "CSC_WEAPON_RANGED",
    "skill_used": "fabrication",
    "difficulty": 3,
    "time": "1 h 30 m",
    "decomp_learn": 5,
    "autolearn": true,
    "book_learn": [ [ "textbook_fabrication", 2 ] ],
    "qualities": [
      { "id": "CUT", "level": 1 }, { "id": "HAMMER", "level": 1 },
      { "id": "SCREW", "level": 1 }, { "id": "SAW_M", "level": 1 }
    ],
    "components": [
      [ [ "steel_lump", 1 ], [ "steel_chunk", 4 ], [ "scrap", 12 ] ],
      [ [ "pipe", 2 ] ],
      [ [ "30gal_drum", 2 ], ["55gal_drum", 1 ] ],
      [ [ "cable", 30 ] ],
      [ [ "e_scrap", 4 ] ],
      [ [ "duct_tape", 60 ] ]
    ]
  },
  {
    "type": "recipe",
    "result": "rifle_flintlock",
    "category": "CC_WEAPON",
    "subcategory": "CSC_WEAPON_RANGED",
    "skill_used": "fabrication",
    "difficulty": 2,
    "time": "40 m",
    "autolearn": true,
    "book_learn": [ [ "textbook_fabrication", 2 ] ],
    "qualities": [ { "id": "CUT", "level": 1 }, { "id": "HAMMER", "level": 1 }, { "id": "SCREW_FINE", "level": 1 } ],
    "components": [ [ [ "2x4", 2 ] ], [ [ "pipe", 1 ] ], [ [ "sharp_rock", 1 ] ] ]
  },
  {
    "type": "recipe",
    "result": "longrifle_flintlock",
    "category": "CC_WEAPON",
    "subcategory": "CSC_WEAPON_RANGED",
    "skill_used": "fabrication",
    "difficulty": 3,
    "time": "30 m",
    "autolearn": true,
    "book_learn": [ [ "textbook_fabrication", 2 ] ],
    "qualities": [ { "id": "CUT", "level": 1 }, { "id": "HAMMER", "level": 1 }, { "id": "SCREW_FINE", "level": 1 } ],
    "components": [ [ [ "2x4", 2 ] ], [ [ "pipe", 2 ] ], [ [ "sharp_rock", 1 ] ] ]
  },
  {
    "type": "recipe",
    "result": "carbine_flintlock",
    "category": "CC_WEAPON",
    "subcategory": "CSC_WEAPON_RANGED",
    "skill_used": "fabrication",
    "difficulty": 2,
    "time": "20 m",
    "autolearn": true,
    "book_learn": [ [ "textbook_fabrication", 2 ] ],
    "qualities": [ { "id": "CUT", "level": 1 }, { "id": "HAMMER", "level": 1 }, { "id": "SCREW_FINE", "level": 1 } ],
    "components": [ [ [ "2x4", 2 ] ], [ [ "pipe", 1 ] ], [ [ "sharp_rock", 1 ] ] ]
  },
  {
    "type": "recipe",
    "result": "blunderlock",
    "category": "CC_WEAPON",
    "subcategory": "CSC_WEAPON_RANGED",
    "skill_used": "fabrication",
    "difficulty": 3,
    "time": "20 m",
    "autolearn": true,
    "book_learn": [ [ "textbook_fabrication", 2 ] ],
    "qualities": [ { "id": "CUT", "level": 1 }, { "id": "HAMMER", "level": 1 }, { "id": "SCREW_FINE", "level": 1 } ],
    "components": [ [ [ "2x4", 2 ] ], [ [ "pipe", 1 ] ], [ [ "sharp_rock", 1 ] ], [ [ "pilot_light", 1 ] ] ]
  },
  {
    "type": "recipe",
    "result": "pistol_flintlock",
    "category": "CC_WEAPON",
    "subcategory": "CSC_WEAPON_RANGED",
    "skill_used": "fabrication",
    "difficulty": 2,
    "time": "10 m",
    "autolearn": true,
    "book_learn": [ [ "textbook_fabrication", 2 ] ],
    "qualities": [ { "id": "CUT", "level": 1 }, { "id": "HAMMER", "level": 1 }, { "id": "SCREW_FINE", "level": 1 } ],
    "components": [ [ [ "2x4", 1 ] ], [ [ "pipe", 1 ] ], [ [ "sharp_rock", 1 ] ] ]
  },
  {
    "result": "carbine_flintlock_double",
    "type": "recipe",
    "category": "CC_WEAPON",
    "subcategory": "CSC_WEAPON_RANGED",
    "skill_used": "fabrication",
    "difficulty": 2,
    "time": "30 m",
    "autolearn": true,
    "book_learn": [ [ "textbook_fabrication", 2 ] ],
    "qualities": [ { "id": "CUT", "level": 1 }, { "id": "HAMMER", "level": 1 }, { "id": "SCREW_FINE", "level": 1 } ],
    "components": [ [ [ "2x4", 2 ] ], [ [ "pipe", 2 ] ], [ [ "sharp_rock", 2 ] ] ]
  },
  {
    "result": "flint_nock",
    "type": "recipe",
    "category": "CC_WEAPON",
    "subcategory": "CSC_WEAPON_RANGED",
    "skill_used": "fabrication",
    "difficulty": 2,
    "time": "30 m",
    "autolearn": true,
    "book_learn": [ [ "textbook_fabrication", 2 ] ],
    "qualities": [ { "id": "CUT", "level": 1 }, { "id": "HAMMER", "level": 1 }, { "id": "SCREW_FINE", "level": 1 } ],
    "components": [ [ [ "2x4", 2 ] ], [ [ "pipe", 2 ] ], [ [ "sharp_rock", 1 ] ] ]
  },
  {
    "result": "carbine_flintlock_double",
    "type": "recipe",
    "id_suffix": "from_antiques",
    "category": "CC_WEAPON",
    "subcategory": "CSC_WEAPON_RANGED",
    "skill_used": "fabrication",
    "difficulty": 2,
    "time": "10 m",
    "autolearn": true,
    "book_learn": [ [ "textbook_fabrication", 2 ] ],
    "qualities": [ { "id": "SAW_M_FINE", "level": 1 }, { "id": "SCREW_FINE", "level": 1 } ],
    "components": [ [ [ "rifle_flintlock", 2 ], [ "carbine_flintlock", 2 ] ] ]
  },
  {
    "result": "pistol_flintlock_double",
    "type": "recipe",
    "id_suffix": "from_antiques",
    "category": "CC_WEAPON",
    "subcategory": "CSC_WEAPON_RANGED",
    "skill_used": "fabrication",
    "difficulty": 2,
    "time": "10 m",
    "autolearn": true,
    "book_learn": [ [ "textbook_fabrication", 2 ] ],
    "qualities": [ { "id": "SAW_M_FINE", "level": 1 }, { "id": "SCREW_FINE", "level": 1 } ],
    "components": [ [ [ "pistol_flintlock", 2 ] ] ]
  },
  {
    "type": "recipe",
    "result": "pistol_blunderbuss",
    "category": "CC_WEAPON",
    "subcategory": "CSC_WEAPON_RANGED",
    "skill_used": "fabrication",
    "difficulty": 2,
    "time": "10 m",
    "autolearn": true,
    "book_learn": [ [ "textbook_fabrication", 2 ] ],
    "qualities": [ { "id": "CUT", "level": 1 }, { "id": "HAMMER", "level": 1 }, { "id": "SCREW_FINE", "level": 1 } ],
    "components": [ [ [ "2x4", 1 ] ], [ [ "pipe", 1 ] ], [ [ "scrap", 3 ] ], [ [ "pilot_light", 1 ] ] ]
  },
  {
    "type": "recipe",
    "result": "pistol_flintlock_revolver",
    "category": "CC_WEAPON",
    "subcategory": "CSC_WEAPON_RANGED",
    "skill_used": "mechanics",
    "skills_required": [ [ "gun", 3 ] ],
    "difficulty": 6,
    "time": "1 h",
    "autolearn": true,
    "book_learn": [ [ "textbook_fabrication", 2 ] ],
    "qualities": [ { "id": "SAW_M_FINE", "level": 1 }, { "id": "GLARE", "level": 2 } ],
    "components": [ [ [ "2x4", 1 ] ], [ [ "pipe", 1 ] ], [ [ "sharp_rock", 1 ] ], [ [ "spring", 1 ] ], [ [ "steel_chunk", 2 ] ], [ [ "scrap", 2 ] ] ]
  },
  {
    "type": "recipe",
    "result": "lemat_revolver_flintlock",
    "category": "CC_WEAPON",
    "subcategory": "CSC_WEAPON_RANGED",
    "skill_used": "mechanics",
    "skills_required": [ [ "gun", 4 ], [ "fabrication", 2 ] ],
    "difficulty": 8,
    "time": "3 h",
    "autolearn": true,
    "book_learn": [ [ "textbook_fabrication", 2 ] ],
    "qualities": [ { "id": "SAW_M_FINE", "level": 1 }, { "id": "GLARE", "level": 2 } ],
    "components": [ [ [ "2x4", 3 ] ], [ [ "pipe", 3 ] ], [ [ "sharp_rock", 1 ] ], [ [ "spring", 1 ] ], [ [ "steel_chunk", 4 ] ], [ [ "scrap", 4 ] ] ]
  },
  {
    "type": "recipe",
    "result": "underbarrel_ashot",
    "category": "CC_WEAPON",
    "subcategory": "CSC_WEAPON_MODS",
    "skill_used": "mechanics",
    "skills_required": [ "gun", 2 ],
    "difficulty": 3,
    "time": "1 h 30 m",
    "autolearn": true,
    "book_learn": [ [ "textbook_fabrication", 2 ] ],
    "qualities": [ { "id": "SAW_M_FINE", "level": 1 } ],
    "components": [ [ [ "pipe", 1 ] ], [ [ "duct_tape", 20 ] ], [ [ "nail", 1 ] ] ]
  },
  {
    "result": "multi_holster",
    "type": "recipe",
    "category": "CC_ARMOR",
    "subcategory": "CSC_ARMOR_STORAGE",
    "skill_used": "tailor",
    "difficulty": 3,
    "skills_required": [ "gun", 1 ],
    "time": "45 m",
    "autolearn": true,
    "qualities": [ { "id": "SEW", "level": 1 } ],
    "components": [ [ [ "scrap", 3 ] ], [ [ "plastic_chunk", 2 ] ], [ [ "leather", 20 ] ], [ [ "filament", 40, "LIST" ] ] ]
  },
  {
    "result": "sundress_white",
    "type": "recipe",
    "category": "CC_ARMOR",
    "subcategory": "CSC_ARMOR_TORSO",
    "skill_used": "tailor",
    "difficulty": 3,
    "time": "1 h 30 m",
    "autolearn": true,
    "book_learn": [ [ "mag_tailor", 1 ], [ "manual_tailor", 1 ], [ "mag_beauty", 1 ] ],
    "using": [ [ "sewing_standard", 12 ] ],
    "components": [ [ [ "rag", 6 ] ] ]
  },
  {
    "result": "beanbag",
    "type": "recipe",
    "category": "CC_AMMO",
    "subcategory": "CSC_AMMO_OTHER",
    "skill_used": "tailor",
    "difficulty": 2,
    "time": "2 m",
    "batch_time_factors": [ 60, 5 ],
    "charges": 1,
    "reversible": true,
    "autolearn": true,
    "using": [ [ "sewing_standard", 3 ] ],
    "components": [ [ [ "rag", 3 ] ], [ [ "filament", 10, "LIST" ] ] ]
  },
  {
    "result": "rock_molotov",
    "type": "recipe",
    "category": "CC_AMMO",
    "subcategory": "CSC_AMMO_OTHER",
    "skill_used": "fabrication",
    "time": "30 s",
    "reversible": false,
    "autolearn": true,
    "tools": [ [ [ "matches", 10 ] ] ],
    "using": [ 
        [ "hard_liquor", 42, "LIST" ],
        [ "weak_liquor", 30, "LIST" ],
        [ "wash_liquor", 126, "LIST" ],
        [ "cheap_wine", 168, "LIST" ],
        [ "worthy_wine", 120, "LIST" ],
        [ "accelerant_liquid", 3 ] ],
    "components": [ [ [ "rag", 1 ] ], [ [ "bottle_glass", 1 ], [ "flask_glass", 1 ], [ "clay_canister", 1 ] ] ]
  },
  {
    "result": "rock_shot",
    "type": "recipe",
    "category": "CC_AMMO",
    "subcategory": "CSC_AMMO_OTHER",
    "skill_used": "tailor",
    "difficulty": 2,
    "time": "2 m",
    "batch_time_factors": [ 60, 5 ],
    "charges": 1,
    "reversible": true,
    "autolearn": true,
    "using": [ [ "sewing_standard", 3 ] ],
    "components": [ [ [ "rag", 2 ] ], 
                    [ [ "bearing", 10 ], 
                      [ "pebble_clay", 10 ], 
                      [ "marble", 10 ], 
                      [ "metal_RPG_die", 10 ], 
                      [ "pebble", 10 ], 
                      [ "RPG_die", 10 ], 
                      [ "sling_bullet_small", 10 ] ], 
                    [ [ "filament", 5, "LIST" ] ] ]
  },
  {
    "type": "recipe",
    "result": "paintball",
    "category": "CC_AMMO",
    "subcategory": "CSC_AMMO_OTHER",
    "skill_used": "fabrication",
    "difficulty": 3,
    "time": "5 m",
    "autolearn": true,
    "tools": [ [ [ "mold_plastic", -1 ] ], [ [ "surface_heat", 2, "LIST" ] ] ],
    "components": [ [ [ "plastic_chunk", 1 ] ], [ [ "r_paint", 1 ], [ "b_paint", 1 ], [ "w_paint", 1 ], [ "g_paint", 1 ], [ "y_paint", 1 ], [ "p_paint", 1 ] ] ]
  },
  {
    "type": "recipe",
    "result": "paintball_beanb",
    "category": "CC_AMMO",
    "subcategory": "CSC_AMMO_OTHER",
    "skill_used": "fabrication",
    "difficulty": 3,
    "time": "5 m",
    "autolearn": true,
    "tools": [ [ [ "mold_plastic", -1 ] ], [ [ "surface_heat", 2, "LIST" ] ] ],
    "components": [ [ [ "chunk_rubber", 3 ] ] ]
  },
  {
    "type": "recipe",
    "result": "paintball_acid",
    "category": "CC_AMMO",
    "subcategory": "CSC_AMMO_OTHER",
    "skill_used": "fabrication",
    "difficulty": 3,
    "time": "5 m",
    "autolearn": true,
    "tools": [ [ [ "mold_plastic", -1 ] ], [ [ "surface_heat", 2, "LIST" ] ] ],
    "components": [ [ [ "plastic_chunk", 1 ] ], [ [ "acid", 1 ] ] ]
  },
  {
    "type": "recipe",
    "result": "paintball_glow",
    "category": "CC_AMMO",
    "subcategory": "CSC_AMMO_OTHER",
    "skill_used": "fabrication",
    "difficulty": 3,
    "time": "5 m",
    "autolearn": true,
    "tools": [ [ [ "mold_plastic", -1 ] ], [ [ "surface_heat", 2, "LIST" ] ] ],
    "components": [ [ [ "plastic_chunk", 1 ] ], [ [ "glowstick", 1 ] ] ]
  },
  {
    "type": "recipe",
    "result": "paintball_exp",
    "category": "CC_AMMO",
    "subcategory": "CSC_AMMO_OTHER",
    "skill_used": "fabrication",
    "difficulty": 3,
    "time": "5 m",
    "autolearn": true,
    "tools": [ [ [ "mold_plastic", -1 ] ], [ [ "surface_heat", 2, "LIST" ] ] ],
    "components": [ [ [ "plastic_chunk", 1 ] ], [ [ "firecracker", 1 ] ] ]
  },
  {
    "type": "recipe",
    "result": "thunderball",
    "category": "CC_WEAPON",
    "subcategory": "CSC_WEAPON_BASHING",
    "skill_used": "fabrication",
    "time": "15 m",
    "reversible": true,
    "autolearn": true,
    "flags": [ "BLIND_EASY" ],
    "components": [ [ [ "rock", 1 ] ], [ [ "filament", 30, "LIST" ] ] ]
  },
  {
    "type": "recipe",
    "result": "rock_sock",
    "category": "CC_WEAPON",
    "subcategory": "CSC_WEAPON_BASHING",
    "skill_used": "fabrication",
    "time": "1 m",
    "reversible": true,
    "autolearn": true,
    "flags": [ "BLIND_EASY" ],
    "components": [ [ [ "soap", 25 ], [ "sharp_rock", 1 ] ], [ [ "socks", 1 ], [ "socks_wool", 1 ] ] ]
  },
  {
    "type": "recipe",
    "result": "wristrocket",
    "category": "CC_WEAPON",
    "subcategory": "CSC_WEAPON_RANGED",
    "skill_used": "fabrication",
    "time": "3 m",
    "reversible": true,
    "autolearn": true,
    "qualities": [ { "id": "CUT", "level": 1 } ],
    "components": [ [ [ "stick", 1 ], [ "2x4", 1 ] ], [ [ "hose", 1 ] ], [ [ "recoil_stock", 1 ], [ "pistol_stock", 1 ], [ "adjustable_stock", 1 ] ] ]
  },
  {
    "type": "recipe",
    "result": "wristrocket",
    "category": "CC_WEAPON",
    "subcategory": "CSC_WEAPON_RANGED",
    "skill_used": "fabrication",
    "time": "3 m",
    "reversible": true,
    "autolearn": true,
    "qualities": [ { "id": "CUT", "level": 1 } ],
    "components": [ [ [ "slingshot", 1 ] ], [ [ "recoil_stock", 1 ], [ "pistol_stock", 1 ], [ "adjustable_stock", 1 ] ] ]
  },
  {
    "type": "recipe",
    "result": "knuckle_elec",
    "category": "CC_WEAPON",
    "subcategory": "CSC_WEAPON_BASHING",
    "skill_used": "fabrication",
    "skills_required": [ "bashing", 1 ],
    "difficulty": 2,
    "time": "30 m",
    "autolearn": true,
    "reversible": true,
    "qualities": [ { "id": "HAMMER", "level": 1 }, { "id": "SAW_M", "level": 1 } ],
    "components": [ [ [ "fabric_standard", 4, "LIST" ] ], [ [ "scrap", 4 ] ], [ [ "tazer", 1 ] ], [ [ "cable", 6 ] ] ]
  },
  {
    "type": "recipe",
    "result": "knuckle_elec",
    "category": "CC_WEAPON",
    "subcategory": "CSC_WEAPON_BASHING",
    "skill_used": "fabrication",
    "skills_required": [ "bashing", 1 ],
    "difficulty": 2,
    "time": "5 m",
    "autolearn": true,
    "reversible": true,
    "components": [ [ [ "knuckle_steel", 1 ], [ "knuckle_brass", 1] ], [ [ "tazer", 1 ] ], [ [ "cable", 6 ] ] ]
  },
  {
    "type": "recipe",
    "result": "camp_chair_zhigh",
    "category": "CC_WEAPON",
    "subcategory": "CSC_WEAPON_BASHING",
    "skill_used": "fabrication",
    "time": "5 m",
    "autolearn": true,
    "reversible": true,
    "components": [ [ [ "camp_chair", 1 ] ], [ [ "duct_tape", 25 ] ] ]
  },
  {
    "type": "recipe",
    "result": "slingshot_bow",
    "category": "CC_WEAPON",
    "subcategory": "CSC_WEAPON_RANGED",
    "skill_used": "fabrication",
    "time": "3 m",
    "reversible": true,
    "autolearn": true,
    "components": [ [ [ "slingshot", 1 ] ], [ [ "wire", 3 ] ] ]
  },
  {
    "type": "recipe",
    "result": "wristrocket_bow",
    "category": "CC_WEAPON",
    "subcategory": "CSC_WEAPON_RANGED",
    "skill_used": "fabrication",
    "time": "3 m",
    "reversible": true,
    "autolearn": true,
    "components": [ [ [ "wristrocket", 1 ] ], [ [ "wire", 3 ] ] ]
  },
  {
    "result": "shot_coin",
    "type": "recipe",
    "category": "CC_AMMO",
    "subcategory": "CSC_AMMO_SHOT",
    "skill_used": "fabrication",
    "difficulty": 2,
    "skills_required": [ "gun", 1 ],
    "time": "2 m",
    "batch_time_factors": [ 60, 5 ],
    "book_learn": [ [ "recipe_bullets", 2 ], [ "manual_shotgun", 2 ] ],
    "charges": 1,
    "using": [ [ "ammo_bullet", 10 ], [ "ammo_shot", 1 ] ],
    "components": [ [ [ "gunpowder", 6 ] ], [ [ "coin_quarter", 1 ], [ "RobofacCoin", 1 ], [ "FlatCoin", 1 ] ], [ [ "coin_quarter", 1 ], [ "RobofacCoin", 1 ], [ "FlatCoin", 1 ] ], [ [ "coin_quarter", 1 ], [ "RobofacCoin", 1 ], [ "FlatCoin", 1 ] ] ]
  },
  {
    "result": "shot_slug_ap",
    "type": "recipe",
    "category": "CC_AMMO",
    "subcategory": "CSC_AMMO_SHOT",
    "skill_used": "fabrication",
    "difficulty": 3,
    "skills_required": [ "gun", 1 ],
    "time": "2 m",
    "batch_time_factors": [ 60, 5 ],
    "book_learn": [ [ "recipe_bullets", 3 ], [ "manual_shotgun", 3 ] ],
    "charges": 1,
    "using": [ [ "shot_forming", 1 ], [ "ammo_bullet", 20 ], [ "ammo_shot", 1 ] ],
    "components": [ [ [ "gunpowder", 6 ] ] ]
  },
  {
    "result": "shot_bola",
    "type": "recipe",
    "category": "CC_AMMO",
    "subcategory": "CSC_AMMO_SHOT",
    "skill_used": "fabrication",
    "difficulty": 3,
    "skills_required": [ "gun", 1 ],
    "time": "2 m",
    "batch_time_factors": [ 60, 5 ],
    "book_learn": [ [ "recipe_bullets", 3 ], [ "manual_shotgun", 3 ] ],
    "charges": 1,
    "using": [ [ "shot_forming", 1 ], [ "ammo_bullet", 10 ], [ "ammo_shot", 1 ] ],
    "components": [ [ [ "gunpowder", 6 ] ], [ [ "wire", 1 ] ] ]
  },
  {
    "result": "shot_web",
    "type": "recipe",
    "category": "CC_AMMO",
    "subcategory": "CSC_AMMO_SHOT",
    "skill_used": "fabrication",
    "difficulty": 3,
    "skills_required": [ "gun", 1 ],
    "time": "2 m",
    "batch_time_factors": [ 60, 5 ],
    "book_learn": [ [ "recipe_bullets", 3 ], [ "manual_shotgun", 3 ] ],
    "charges": 1,
    "using": [ [ "shot_forming", 1 ], [ "ammo_bullet", 10 ], [ "ammo_shot", 1 ] ],
    "components": [ [ [ "gunpowder", 6 ] ], [ [ "net", 1 ] ], [ [ "superglue", 1 ] ] ]
  },
  {
    "result": "shot_flame",
    "type": "recipe",
    "category": "CC_AMMO",
    "subcategory": "CSC_AMMO_SHOT",
    "skill_used": "fabrication",
    "difficulty": 3,
    "skills_required": [ "gun", 1 ],
    "time": "2 m",
    "batch_time_factors": [ 60, 5 ],
    "book_learn": [ [ "recipe_bullets", 3 ], [ "manual_shotgun", 3 ] ],
    "charges": 1,
    "using": [ [ "shot_forming", 1 ], [ "ammo_bullet", 10 ], [ "ammo_shot", 1 ] ],
    "components": [ [ [ "gunpowder", 4 ] ], [ [ "magnesium", 5 ], [ "chem_aluminium_powder", 5] ] ]
  },
  {
    "result": "shot_toxic",
    "type": "recipe",
    "category": "CC_AMMO",
    "subcategory": "CSC_AMMO_SHOT",
    "skill_used": "fabrication",
    "difficulty": 3,
    "skills_required": [ "gun", 1 ],
    "time": "2 m",
    "batch_time_factors": [ 60, 5 ],
    "book_learn": [ [ "recipe_bullets", 3 ], [ "manual_shotgun", 3 ] ],
    "charges": 1,
    "using": [ [ "shot_forming", 1 ], [ "ammo_bullet", 5 ], [ "ammo_shot", 1 ] ],
    "components": [ [ [ "gunpowder", 4 ] ], [ [ "oxy_powder", 3 ] ], [ [ "lye_powder", 3 ] ] ]
  },
  {
    "result": "shot_fungi",
    "type": "recipe",
    "category": "CC_AMMO",
    "subcategory": "CSC_AMMO_SHOT",
    "skill_used": "fabrication",
    "difficulty": 3,
    "skills_required": [ "gun", 1 ],
    "time": "2 m",
    "batch_time_factors": [ 60, 5 ],
    "book_learn": [ [ "recipe_bullets", 3 ], [ "manual_shotgun", 3 ] ],
    "charges": 1,
    "using": [ [ "shot_forming", 1 ], [ "ammo_bullet", 5 ], [ "ammo_shot", 1 ] ],
    "components": [ [ [ "gunpowder", 4 ] ], [ [ "fungicide", 5 ] ] ]
  },
  {
    "result": "shot_insecticidal",
    "type": "recipe",
    "category": "CC_AMMO",
    "subcategory": "CSC_AMMO_SHOT",
    "skill_used": "fabrication",
    "difficulty": 3,
    "skills_required": [ "gun", 1 ],
    "time": "2 m",
    "batch_time_factors": [ 60, 5 ],
    "book_learn": [ [ "recipe_bullets", 3 ], [ "manual_shotgun", 3 ] ],
    "charges": 1,
    "using": [ [ "shot_forming", 1 ], [ "ammo_bullet", 5 ], [ "ammo_shot", 1 ] ],
    "components": [ [ [ "gunpowder", 4 ] ], [ [ "insecticide", 5 ] ] ]
  },
  {
    "result": "shot_acid",
    "type": "recipe",
    "category": "CC_AMMO",
    "subcategory": "CSC_AMMO_SHOT",
    "skill_used": "fabrication",
    "difficulty": 3,
    "skills_required": [ "gun", 1 ],
    "time": "2 m",
    "batch_time_factors": [ 60, 5 ],
    "book_learn": [ [ "recipe_bullets", 3 ], [ "manual_shotgun", 3 ] ],
    "charges": 1,
    "using": [ [ "shot_forming", 1 ], [ "ammo_shot", 1 ] ],
    "components": [ [ [ "gunpowder", 4 ] ], [ [ "glass_shard", 2 ] ], [ [ "acid", 1 ] ] ]
  },
  {
    "result": "rubber_slug",
    "type": "recipe",
    "category": "CC_AMMO",
    "subcategory": "CSC_AMMO_SHOT",
    "skill_used": "fabrication",
    "difficulty": 2,
    "time": "2 m",
    "batch_time_factors": [ 60, 5 ],
    "book_learn": [ [ "recipe_bullets", 3 ], [ "manual_shotgun", 3 ] ],
    "components": [ [ [ "chunk_rubber", 2 ] ] ]
  },
  {
    "type": "recipe",
    "result": "throwing_card_spade",
    "category": "CC_WEAPON",
    "subcategory": "CSC_WEAPON_RANGED",
    "skill_used": "fabrication",
    "time": "5 m",
    "reversible": true,
    "autolearn": true,
    "components": [ [ [ "paper", 30 ] ] ]
  },
  {
    "type": "recipe",
    "result": "throwing_card_club",
    "category": "CC_WEAPON",
    "subcategory": "CSC_WEAPON_RANGED",
    "skill_used": "fabrication",
    "time": "5 m",
    "reversible": true,
    "autolearn": true,
    "components": [ [ [ "paper", 30 ] ] ]
  },
  {
    "type": "recipe",
    "result": "throwing_card_diam",
    "category": "CC_WEAPON",
    "subcategory": "CSC_WEAPON_RANGED",
    "skill_used": "fabrication",
    "time": "5 m",
    "reversible": true,
    "autolearn": true,
    "components": [ [ [ "paper", 30 ] ] ]
  },
  {
    "type": "recipe",
    "result": "throwing_card_hear",
    "category": "CC_WEAPON",
    "subcategory": "CSC_WEAPON_RANGED",
    "skill_used": "fabrication",
    "time": "5 m",
    "reversible": true,
    "autolearn": true,
    "components": [ [ [ "paper", 30 ] ] ]
  },
  {
    "type": "recipe",
    "result": "shout_tp1",
    "category": "CC_AMMO",
    "subcategory": "CSC_AMMO_OTHER",
    "skill_used": "fabrication",
    "time": "1 m",
    "autolearn": true,
    "components": [ [ [ "paper", 1 ], [ "splinter", 1 ], [ "scrap", 1 ], [ "razor_blade", 1 ], [ "glass_shard", 1 ] ] ]
  },
  {
    "type": "recipe",
    "result": "shout_tp2",
    "category": "CC_AMMO",
    "subcategory": "CSC_AMMO_OTHER",
    "skill_used": "fabrication",
    "time": "1 m",
    "autolearn": true,
    "components": [ [ [ "paper", 1 ], [ "splinter", 1 ], [ "scrap", 1 ], [ "razor_blade", 1 ], [ "glass_shard", 1 ] ] ]
  },
  {
    "type": "recipe",
    "result": "discShooter",
    "category": "CC_WEAPON",
    "subcategory": "CSC_WEAPON_RANGED",
    "skill_used": "fabrication",
    "difficulty": 3,
    "time": "30 m",
    "reversible": true,
    "decomp_learn": 3,
    "book_learn": [ [ "recipe_bows", 3 ], [ "manual_archery", 5 ], [ "book_archery", 4 ] ],
    "qualities": [
      { "id": "HAMMER", "level": 2 },
      { "id": "SCREW", "level": 1 },
      { "id": "SAW_W", "level": 1 }
    ],
    "components": [
      [ [ "2x4", 1 ], [ "stick", 1 ] ],
      [ [ "hose", 1 ] ],
      [ [ "spring", 1 ] ],
      [ [ "scrap", 2 ] ],
      [ [ "nail", 10 ] ]
    ]
  },
  {
    "type": "recipe",
    "result": "nailsmg",
    "category": "CC_WEAPON",
    "subcategory": "CSC_WEAPON_RANGED",
    "skill_used": "fabrication",
    "difficulty": 4,
    "autolearn": true,
    "time": "1 h",
    "book_learn": [ [ "manual_rifle", 2 ], [ "textbook_anarch", 1 ] ],
    "qualities": [ { "id": "SAW_M", "level": 1 }, { "id": "HAMMER", "level": 1 } ],
    "components": [ [ [ "duct_tape", 25 ] ], [ [ "spring", 1 ] ], [ [ "sheet_metal_small", 2 ] ], [ [ "nailgun", 1] ] ]
  },
  {
    "type": "recipe",
    "result": "toolwatch",
    "category": "CC_ARMOR",
    "subcategory": "CSC_ARMOR_OTHER",
    "skill_used": "fabrication",
    "time": "500 m",
    "reversible": false,
    "autolearn": true,
    "qualities": [ 
        { "id": "SAW_M_FINE", "level": 2 }, 
        { "id": "SCREW_FINE", "level": 2 }, 
        { "id": "HAMMER", "level": 2 }, 
        { "id": "WRENCH_FINE", "level": 1 } ],
    "components": [
      [ [ "toolbox_workshop", 1 ], [ "toolbox", 1 ] ],
      [ [ "multitool", 1 ] ],
      [ [ "bio_tools", 1 ] ],
      [ [ "misc_repairkit", 1 ] ],
      [ [ "fabric_standard", 3, "LIST" ] ],
      [ [ "whistle_multitool", 1 ] ],
      [ [ "plut_cell", 6 ] ],
      [ [ "cable", 30 ] ]
    ]
  },
  {
    "type": "recipe",
    "result": "flashlight_hk",
    "category": "CC_ELECTRONIC",
    "subcategory": "CSC_ELECTRONIC_TOOLS",
    "skill_used": "fabrication",
    "skills_required": [ "electronics", 2 ],
    "difficulty": 2,
    "time": "15 m",
    "reversible": false,
    "autolearn": true,
    "qualities": [ 
        { "id": "SAW_M", "level": 1 }, 
        { "id": "SCREW", "level": 1 }, 
        { "id": "WRENCH", "level": 1 } ],
    "components": [
      [ [ "flashlight", 1 ] ],
      [ [ "hand_crank_charger", 1 ] ],
      [ [ "cable", 6 ] ]
    ]
  },
  {
    "type": "recipe",
    "result": "ammo_cash",
    "category": "CC_AMMO",
    "subcategory": "CSC_AMMO_OTHER",
    "skill_used": "fabrication",
    "time": "5 m",
    "reversible": true,
    "autolearn": true,
    "components": [ [ [ "paper", 5 ] ] ]
  },
  {
    "result": "disc_wood",
    "type": "recipe",
    "category": "CC_AMMO",
    "subcategory": "CSC_AMMO_OTHER",
    "skill_used": "fabrication",
    "difficulty": 2,
    "time": "3 m",
    "autolearn": true,
    "qualities": [ { "id": "CUT", "level": 1 } ],
    "components": [ [ [ "2x4", 2 ] ] ]
  },
  {
    "type": "recipe",
    "result": "disc_compact",
    "category": "CC_AMMO",
    "subcategory": "CSC_AMMO_OTHER",
    "skill_used": "fabrication",
    "difficulty": 3,
    "time": "15 m",
    "autolearn": true,
    "tools": [ [ [ "mold_plastic", -1 ] ], [ [ "surface_heat", 2, "LIST" ] ] ],
    "components": [ [ [ "plastic_chunk", 1 ] ] ]
  },
  {
    "type": "recipe",
    "result": "disc_compact_serr",
    "category": "CC_AMMO",
    "subcategory": "CSC_AMMO_OTHER",
    "skill_used": "fabrication",
    "difficulty": 3,
    "time": "15 m",
    "autolearn": true,
    "tools": [ [ [ "mold_plastic", -1 ] ], [ [ "surface_heat", 2, "LIST" ] ] ],
    "components": [ [ [ "plastic_chunk", 1 ] ] ]
  },
  {
    "type": "recipe",
    "result": "sling_grenade",
    "category": "CC_AMMO",
    "subcategory": "CSC_AMMO_OTHER",
    "skill_used": "fabrication",
    "time": "5 m",
    "reversible": true,
    "autolearn": true,
    "components": [ [ [ "grenade", 1 ] ], [ [ "scrap", 2 ] ] ]
  },
  {
    "type": "recipe",
    "result": "sling_improvised_grenade",
    "category": "CC_AMMO",
    "subcategory": "CSC_AMMO_OTHER",
    "skill_used": "fabrication",
    "time": "5 m",
    "reversible": true,
    "autolearn": true,
    "components": [ [ [ "improvised_grenade", 1 ] ], [ [ "scrap", 2 ] ] ]
  },
  {
    "type": "recipe",
    "result": "sling_emp_grenade",
    "category": "CC_AMMO",
    "subcategory": "CSC_AMMO_OTHER",
    "skill_used": "fabrication",
    "time": "5 m",
    "reversible": true,
    "autolearn": true,
    "components": [ [ [ "grenade_emp", 1 ] ], [ [ "scrap", 2 ] ] ]
  },
  {
    "type": "recipe",
    "result": "sling_inc_grenade",
    "category": "CC_AMMO",
    "subcategory": "CSC_AMMO_OTHER",
    "skill_used": "fabrication",
    "time": "5 m",
    "reversible": true,
    "autolearn": true,
    "components": [ [ [ "grenade_inc", 1 ] ], [ [ "scrap", 2 ] ] ]
  },
  {
    "type": "recipe",
    "result": "sling_scrambler_grenade",
    "category": "CC_AMMO",
    "subcategory": "CSC_AMMO_OTHER",
    "skill_used": "fabrication",
    "time": "5 m",
    "reversible": true,
    "autolearn": true,
    "components": [ [ [ "scrambler", 1 ] ], [ [ "scrap", 2 ] ] ]
  },
  {
    "type": "recipe",
    "result": "sling_gasbomb",
    "category": "CC_AMMO",
    "subcategory": "CSC_AMMO_OTHER",
    "skill_used": "fabrication",
    "time": "5 m",
    "reversible": true,
    "autolearn": true,
    "components": [ [ [ "gasbomb", 1 ] ], [ [ "scrap", 2 ] ] ]
  },
  {
    "type": "recipe",
    "result": "sling_insecticidalbomb",
    "category": "CC_AMMO",
    "subcategory": "CSC_AMMO_OTHER",
    "skill_used": "fabrication",
    "time": "5 m",
    "reversible": true,
    "autolearn": true,
    "components": [ [ [ "insecticidalbomb", 1 ] ], [ [ "scrap", 2 ] ] ]
  },
  {
    "type": "recipe",
    "result": "sling_pipebomb",
    "category": "CC_AMMO",
    "subcategory": "CSC_AMMO_OTHER",
    "skill_used": "fabrication",
    "time": "5 m",
    "reversible": true,
    "autolearn": true,
    "components": [ [ [ "pipebomb", 1 ] ], [ [ "scrap", 2 ] ] ]
  },
  {
    "type": "recipe",
    "result": "sling_smokebomb",
    "category": "CC_AMMO",
    "subcategory": "CSC_AMMO_OTHER",
    "skill_used": "fabrication",
    "time": "5 m",
    "reversible": true,
    "autolearn": true,
    "components": [ [ [ "smokebomb", 1 ] ], [ [ "scrap", 2 ] ] ]
  },
  {
    "type": "recipe",
    "result": "sling_acidbomb",
    "category": "CC_AMMO",
    "subcategory": "CSC_AMMO_OTHER",
    "skill_used": "fabrication",
    "time": "5 m",
    "reversible": true,
    "autolearn": true,
    "components": [ [ [ "acidbomb", 1 ] ], [ [ "scrap", 2 ] ] ]
  },
  {
    "type": "recipe",
    "result": "sling_flashbang",
    "category": "CC_AMMO",
    "subcategory": "CSC_AMMO_OTHER",
    "skill_used": "fabrication",
    "time": "5 m",
    "reversible": true,
    "autolearn": true,
    "components": [ [ [ "flashbang", 1 ] ], [ [ "scrap", 2 ] ] ]
  },
  {
    "type": "recipe",
    "result": "sling_dynamite",
    "category": "CC_AMMO",
    "subcategory": "CSC_AMMO_OTHER",
    "skill_used": "fabrication",
    "time": "5 m",
    "reversible": true,
    "autolearn": true,
    "components": [ [ [ "dynamite", 1 ] ], [ [ "scrap", 2 ] ] ]
  },
  {
    "type": "recipe",
    "result": "sling_fungicidalbomb",
    "category": "CC_AMMO",
    "subcategory": "CSC_AMMO_OTHER",
    "skill_used": "fabrication",
    "time": "5 m",
    "reversible": true,
    "autolearn": true,
    "components": [ [ [ "fungicidalbomb", 1 ] ], [ [ "scrap", 2 ] ] ]
  },
  {
    "type": "recipe",
    "result": "sling_zap_grenade",
    "category": "CC_AMMO",
    "subcategory": "CSC_AMMO_OTHER",
    "skill_used": "fabrication",
    "time": "5 m",
    "reversible": true,
    "autolearn": true,
    "components": [ [ [ "zap_grenade", 1 ] ], [ [ "scrap", 2 ] ] ]
  },
  {
    "type": "recipe",
    "result": "sling_rubberball",
    "category": "CC_AMMO",
    "subcategory": "CSC_AMMO_OTHER",
    "skill_used": "fabrication",
    "time": "5 m",
    "reversible": true,
    "autolearn": true,
    "components": [ [ [ "chunk_rubber", 5 ] ] ]
  },
  {
    "result": "zap_grenade",
    "type": "recipe",
    "category": "CC_WEAPON",
    "subcategory": "CSC_WEAPON_EXPLOSIVE",
    "skill_used": "electronics",
    "difficulty": 3,
    "time": "30 m",
    "reversible": false,
    "decomp_learn": 5,
    "book_learn": [ [ "textbook_anarch", 4 ], [ "advanced_electronics", 4 ] ],
    "qualities": [ { "id": "SCREW", "level": 1 } ],
    "components": [
      [ [ "superglue", 1 ], [ "cordage", 1, "LIST" ] ],
      [
        [ "scrap", 3 ],
        [ "can_food_unsealed", 1 ],
        [ "can_drink_unsealed", 1 ],
        [ "clay_canister", 1 ],
        [ "canister_empty", 1 ]
      ],
      [ [ "solder_wire", 5 ] ],
      [ [ "amplifier", 2 ], [ "power_supply", 2 ] ],
      [ [ "cable", 5 ] ]
    ]
  },
  {
    "result": "cryo_grenade",
    "type": "recipe",
    "category": "CC_WEAPON",
    "subcategory": "CSC_WEAPON_EXPLOSIVE",
    "skill_used": "electronics",
    "difficulty": 3,
    "time": "30 m",
    "reversible": false,
    "decomp_learn": 5,
    "book_learn": [ [ "textbook_anarch", 4 ], [ "advanced_electronics", 4 ] ],
    "qualities": [ { "id": "SCREW", "level": 1 } ],
    "components": [
      [ [ "superglue", 1 ], [ "cordage", 1, "LIST" ] ],
      [
        [ "scrap", 3 ],
        [ "can_food_unsealed", 1 ],
        [ "can_drink_unsealed", 1 ],
        [ "clay_canister", 1 ],
        [ "canister_empty", 1 ]
      ],
      [ [ "solder_wire", 5 ] ],
      [ [ "refrigerant_tank", 1 ] ]
    ]
  },
  {
    "result": "rad_grenade",
    "type": "recipe",
    "category": "CC_WEAPON",
    "subcategory": "CSC_WEAPON_EXPLOSIVE",
    "skill_used": "cooking",
    "skills_required": [ "mechanics", 1 ],
    "difficulty": 3,
    "time": "30 m",
    "reversible": false,
    "decomp_learn": 5,
    "book_learn": [ [ "textbook_anarch", 4 ], [ "advanced_electronics", 4 ] ],
    "qualities": [ { "id": "SCREW", "level": 1 } ],
    "components": [
      [ [ "plut_slurry", 1 ], [ "plut_slurry_dense", 1 ] ],
      [ [ "chem_black_powder", 3 ], [ "gunpowder", 3 ] ],
      [ [ "canister_empty", 1 ], [ "can_food_unsealed", 1 ], [ "clay_canister", 1 ], [ "can_drink_unsealed", 1 ] ],
      [ [ "superglue", 1 ] ]
    ]
  },
  {
    "type": "recipe",
    "result": "crovel",
    "category": "CC_OTHER",
    "subcategory": "CSC_OTHER_TOOLS",
    "skill_used": "fabrication",
    "difficulty": 5,
    "time": "3 h",
    "autolearn": true,
    "book_learn": [ [ "manual_fabrication", 3 ], [ "textbook_fabrication", 3 ] ],
    "using": [ [ "blacksmithing_advanced", 18 ], [ "steel_standard", 3 ] ]
  },
  {
    "type": "recipe",
    "result": "heavMultTool",
    "category": "CC_OTHER",
    "subcategory": "CSC_OTHER_TOOLS",
    "skill_used": "fabrication",
    "time": "5 m",
    "reversible": true,
    "autolearn": true,
    "components": [
      [
        [ "fabric_standard", 1, "LIST" ],
        [ "felt_patch", 1 ],
        [ "duct_tape", 50 ],
        [ "cordage_short", 2, "LIST" ],
        [ "filament", 100, "LIST" ]
      ],
      [ [ "shovel", 1 ] ],
      [ [ "pickaxe", 1 ] ]
    ]
  },
  {
    "result": "clip_wrist",
    "type": "recipe",
    "category": "CC_ARMOR",
    "subcategory": "CSC_ARMOR_STORAGE",
    "skill_used": "tailor",
    "difficulty": 3,
    "skills_required": [ [ "gun", 1 ], [ "rifle", 1 ] ],
    "time": "1 h 20 m",
    "autolearn": true,
    "qualities": [ { "id": "SEW", "level": 1 } ],
    "components": [ [ [ "rag", 4 ] ], [ [ "filament", 8, "LIST" ] ] ]
  },
  {
    "type": "recipe",
    "result": "crossbow_triple",
    "category": "CC_WEAPON",
    "subcategory": "CSC_WEAPON_RANGED",
    "skill_used": "fabrication",
    "difficulty": 3,
    "time": "20 m",
    "reversible": true,
    "decomp_learn": 2,
    "autolearn": [ [ "mechanics", 2 ], [ "fabrication", 5 ] ],
    "book_learn": [
      [ "recipe_bows", 2 ],
      [ "manual_archery", 4 ],
      [ "book_archery", 3 ],
      [ "scots_cookbook", 6 ],
      [ "textbook_armschina", 5 ]
    ],
    "qualities": [ { "id": "SCREW", "level": 1 }, { "id": "SAW_W", "level": 1 } ],
    "components": [ [ [ "2x4", 4 ], [ "stick", 8 ] ], [ [ "scrap", 3 ] ], [ [ "cordage_superior", 3, "LIST" ] ] ]
  },
  {
    "type": "recipe",
    "result": "stimrx11",
    "category": "CC_OTHER",
    "subcategory": "CSC_OTHER_TOOLS",
    "skill_used": "fabrication",
    "difficulty": 3,
    "time": "3 m",
    "reversible": false,
    "autolearn": true,
    "components": [
      [ [ "stimpack_ammo", 1 ] ],
      [ [ "syringe", 1 ] ]
    ]
  },
  {
    "type": "recipe",
    "result": "stimrx12",
    "category": "CC_OTHER",
    "subcategory": "CSC_OTHER_TOOLS",
    "skill_used": "fabrication",
    "difficulty": 3,
    "time": "3 m",
    "reversible": false,
    "autolearn": true,
    "components": [
      [ [ "ampoule", 1 ] ],
      [ [ "syringe", 1 ] ]
    ]
  },
  {
    "type": "recipe",
    "result": "stimmorphine",
    "category": "CC_OTHER",
    "subcategory": "CSC_OTHER_TOOLS",
    "skill_used": "fabrication",
    "difficulty": 3,
    "time": "3 m",
    "reversible": false,
    "autolearn": true,
    "components": [
      [ [ "morphine", 1 ] ],
      [ [ "syringe", 1 ] ]
    ]
  },
  {
    "type": "recipe",
    "result": "boxsnake",
    "category": "CC_ARMOR",
    "subcategory": "CSC_ARMOR_SUIT",
    "skill_used": "fabrication",
    "difficulty": 1,
    "time": "10 m",
    "autolearn": true,
    "qualities": [ { "id": "CUT", "level": 1 } ],
    "components": [ [ [ "cardboard", 90 ] ], [ [ "duct_tape", 100 ] ] ]
  },
  {
    "type": "recipe",
    "result": "pencil",
    "category": "CC_OTHER",
    "subcategory": "CSC_OTHER_TOOLS",
    "skill_used": "fabrication",
    "time": "3 m",
    "autolearn": true,
    "components": [ [ [ "charcoal", 1 ], [ "coal_lump", 1 ] ], [ [ "splinter", 2 ] ] ]
  },
  {
    "type": "recipe",
    "result": "shavinghaircutkit",
    "category": "CC_OTHER",
    "subcategory": "CSC_OTHER_TOOLS",
    "skill_used": "fabrication",
    "difficulty": 1,
    "time": "3 m",
    "reversible": true,
    "autolearn": true,
    "using": [ [ "cordage_short", 4 ] ],
    "components": [
      [ [ "fabric_hides_proper", 2, "LIST" ] ],
      [ [ "fabric_standard", 2, "LIST" ] ],
      [ [ "scissors", 1 ] ],
      [ [ "razor_shaving", 1 ] ],
      [ [ "plastic_chunk", 1 ], [ "skewer_bone", 4 ], [ "splinter", 4 ] ],
      [ [ "mirror", 1 ] ]
    ]
  },
  {
    "type": "recipe",
    "result": "hygienekit",
    "category": "CC_OTHER",
    "subcategory": "CSC_OTHER_TOOLS",
    "skill_used": "survival",
    "reversible": true,
    "time": "15 s",
    "autolearn": true,
    "components": [ [ [ "washboard", 1 ] ], [ [ "shavinghaircutkit", 1 ] ] ]
  },
  {
    "type": "recipe",
    "result": "flamethrower_simple",
    "category": "CC_WEAPON",
    "subcategory": "CSC_WEAPON_RANGED",
    "skill_used": "mechanics",
    "difficulty": 6,
	"skills_required": [ "fabrication", 4 ],
    "time": "30 m",
    "using": [
      [ "welding_standard", 20 ],
      [ "steel_standard", 1 ]
    ],
    "qualities": [
      { "id": "SAW_M", "level": 1 },
      { "id": "SCREW_FINE", "level": 1 },
      { "id": "WRENCH_FINE", "level": 1 }
    ],
    "components": [
      [ [ "pilot_light", 2 ] ],
      [ [ "pipe", 1 ] ],
      [ [ "hose", 2 ] ],
      [ [ "metal_tank_little", 1 ] ]
    ],
    "reversible": false,
    "autolearn": true,
    "obsolete": false
  },
  {
    "type": "recipe",
    "result": "cash_gun",
    "category": "CC_WEAPON",
    "subcategory": "CSC_WEAPON_RANGED",
    "skill_used": "mechanics",
    "difficulty": 2,
	"skills_required": [ "fabrication", 2 ],
    "time": "30 m",
    "qualities": [
      { "id": "SAW_M", "level": 1 },
      { "id": "SCREW", "level": 1 }
    ],
    "components": [
      [ [ "pipe", 1 ] ],
      [ [ "hose", 1 ] ],
      [ [ "metal_tank_little", 1 ] ]
    ],
    "reversible": false,
    "autolearn": true
  },
  {
    "type": "recipe",
    "result": "cash_blaster",
    "category": "CC_WEAPON",
    "subcategory": "CSC_WEAPON_RANGED",
    "skill_used": "mechanics",
    "difficulty": 2,
	"skills_required": [ "fabrication", 2 ],
    "time": "30 m",
    "qualities": [
      { "id": "SAW_M", "level": 1 },
      { "id": "SCREW", "level": 1 }
    ],
    "components": [
      [ [ "pipe", 2 ] ],
      [ [ "hose", 2 ] ],
      [ [ "metal_tank_little", 1 ] ]
    ],
    "reversible": false,
    "autolearn": true
  },
  {
    "result": "whistlemulti",
    "type": "recipe",
    "category": "CC_OTHER",
    "subcategory": "CSC_OTHER_TOOLS",
    "skill_used": "fabrication",
    "skills_required": [ "survival", 3 ],
    "difficulty": 5,
    "time": "20 m",
    "autolearn": true,
    "qualities": [ { "id": "CUT", "level": 1 }, { "id": "CUT_FINE", "level": 1 } ],
    "components": [ [ [ "2x4", 1 ], [ "stick", 1 ] ] ]
  },
  {
    "type": "recipe",
    "result": "crossbowhl2",
    "category": "CC_WEAPON",
    "subcategory": "CSC_WEAPON_RANGED",
    "skill_used": "fabrication",
    "skills_required": [ [ "mechanics", 6 ] ],
    "difficulty": 7,
    "time": "15 m",
    "reversible": false,
    "autolearn": false,
    "book_learn": [
      [ "recipe_bows", 2 ],
      [ "manual_archery", 4 ],
      [ "book_archery", 3 ],
      [ "scots_cookbook", 6 ],
      [ "textbook_armschina", 5 ]
    ],
    "qualities": [ { "id": "SCREW", "level": 1 }, { "id": "SAW_W", "level": 2 }, { "id": "SAW_M", "level": 2 } ],
    "components": [ 
            [ [ "2x4", 4 ], [ "stick", 8 ] ], 
            [ [ "scrap", 3 ] ], 
            [ [ "cable", 20 ] ],
            [ [ "e_scrap", 3 ] ],
            [ [ "cordage_superior", 6, "LIST" ] ],
            [ [ "battery_ups", 1 ] ],
            [ [ "small_storage_battery", 2 ], [ "UPS_off", 2 ] ] ]
  },
  {
    "result": "cowboy_hat_zhigh",
    "type": "recipe",
    "category": "CC_ARMOR",
    "subcategory": "CSC_ARMOR_HEAD",
    "skill_used": "tailor",
    "difficulty": 3,
    "time": "50 m",
    "autolearn": true,
    "using": [ [ "sewing_standard", 16 ] ],
    "components": [ [ [ "leather", 8 ] ] ]
  },
  {
    "result": "Rc_Packed",
    "type": "recipe",
    "category": "CC_WEAPON",
    "subcategory": "CSC_WEAPON_RANGED",
    "skill_used": "fabrication",
    "difficulty": 1,
    "time": "3 m",
    "reversible": false,
    "autolearn": true,
    "qualities": [ { "id": "CUT", "level": 1 } ],
    "components": [ [ [ "firecracker", 7 ] ], [ [ "paper", 15 ] ], [ [ "duct_tape", 10 ] ] ]
  },
  {
    "type": "recipe",
    "result": "improvised_colabomb",
    "result_mult": 2,
    "category": "CC_WEAPON",
    "subcategory": "CSC_WEAPON_EXPLOSIVE",
    "skill_used": "cooking",
    "difficulty": 1,
    "time": "30 s",
    "autolearn": true,
    "flags": [ "BLIND_HARD" ],
    "components": [ 
        [ [ "candy", 1 ], [ "candy2", 1 ], [ "candy3", 1 ], [ "powder_candy", 1 ], [ "maple_candy", 1 ] ],
        [ [ "cola", 1 ], [ "colamdew", 1 ], [ "creamsoda", 1], [ "energy_drink", 1 ], [ "energy_drink_atomic", 1 ], [ "orangesoda", 1 ] ] ]
  },
  {
    "result": "cannon_nuke_shell",
    "type": "recipe",
    "category": "CC_AMMO",
    "subcategory": "CSC_AMMO_OTHER",
    "skill_used": "fabrication",
    "difficulty": 6,
    "time": "125 m",
    "batch_time_factors": [ 90, 4 ],
    "reversible": true,
    "book_learn": [ [ "manual_launcher", 6 ], [ "textbook_anarch", 7 ] ],
    "using": [ [ "blacksmithing_intermediate", 12 ], [ "steel_tiny", 12 ] ],
    "tools": [ [ [ "crucible", -1 ], [ "crucible_clay", -1 ] ] ],
    "components": [
      [ [ "volatile_explosive", 75, "LIST" ], [ "stable_explosive", 75, "LIST" ], [ "military_explosive", 75, "LIST" ] ],
      [
        [ "impact_fuze", 1 ],
        [ "smpistol_primer", 1 ],
        [ "lgpistol_primer", 1 ],
        [ "smrifle_primer", 1 ],
        [ "lgrifle_primer", 1 ],
        [ "shotgun_primer", 1 ]
      ],
      [ [ "mininuke", 1 ] ]
    ]
  },
  {
    "result": "cannon_buck_shell",
    "type": "recipe",
    "category": "CC_AMMO",
    "subcategory": "CSC_AMMO_OTHER",
    "skill_used": "fabrication",
    "difficulty": 6,
    "time": "125 m",
    "batch_time_factors": [ 90, 4 ],
    "reversible": true,
    "book_learn": [ [ "manual_launcher", 6 ], [ "textbook_anarch", 7 ] ],
    "using": [ [ "blacksmithing_intermediate", 12 ], [ "steel_tiny", 12 ] ],
    "tools": [ [ [ "crucible", -1 ], [ "crucible_clay", -1 ] ] ],
    "components": [
      [ [ "volatile_explosive", 75, "LIST" ], [ "stable_explosive", 75, "LIST" ], [ "military_explosive", 75, "LIST" ] ],
      [
        [ "impact_fuze", 1 ],
        [ "smpistol_primer", 1 ],
        [ "lgpistol_primer", 1 ],
        [ "smrifle_primer", 1 ],
        [ "lgrifle_primer", 1 ],
        [ "shotgun_primer", 1 ]
      ],
      [ [ "scrap", 15 ] ]
    ]
  },
  {
    "result": "cannon_dragon_shell",
    "type": "recipe",
    "category": "CC_AMMO",
    "subcategory": "CSC_AMMO_OTHER",
    "skill_used": "fabrication",
    "difficulty": 6,
    "time": "125 m",
    "batch_time_factors": [ 90, 4 ],
    "reversible": true,
    "book_learn": [ [ "manual_launcher", 6 ], [ "textbook_anarch", 7 ] ],
    "using": [ [ "blacksmithing_intermediate", 12 ], [ "steel_tiny", 12 ] ],
    "tools": [ [ [ "crucible", -1 ], [ "crucible_clay", -1 ] ] ],
    "components": [
      [ [ "volatile_explosive", 75, "LIST" ], [ "stable_explosive", 75, "LIST" ], [ "military_explosive", 75, "LIST" ] ],
      [
        [ "impact_fuze", 1 ],
        [ "smpistol_primer", 1 ],
        [ "lgpistol_primer", 1 ],
        [ "smrifle_primer", 1 ],
        [ "lgrifle_primer", 1 ],
        [ "shotgun_primer", 1 ]
      ],
      [ [ "magnesium", 30 ] ]
    ]
  },
  {
    "result": "cannon_donk_shell",
    "type": "recipe",
    "category": "CC_AMMO",
    "subcategory": "CSC_AMMO_OTHER",
    "skill_used": "fabrication",
    "difficulty": 6,
    "time": "125 m",
    "batch_time_factors": [ 90, 4 ],
    "reversible": true,
    "book_learn": [ [ "manual_launcher", 6 ], [ "textbook_anarch", 7 ] ],
    "using": [ [ "blacksmithing_intermediate", 12 ], [ "steel_tiny", 12 ] ],
    "tools": [ [ [ "crucible", -1 ], [ "crucible_clay", -1 ] ] ],
    "components": [
      [ [ "volatile_explosive", 75, "LIST" ], [ "stable_explosive", 75, "LIST" ], [ "military_explosive", 75, "LIST" ] ],
      [
        [ "impact_fuze", 1 ],
        [ "smpistol_primer", 1 ],
        [ "lgpistol_primer", 1 ],
        [ "smrifle_primer", 1 ],
        [ "lgrifle_primer", 1 ],
        [ "shotgun_primer", 1 ]
      ],
      [ [ "improvised_pipebomb", 1 ] ]
    ]
  },
  {
    "type": "recipe",
    "result": "ultimatemap",
    "category": "CC_OTHER",
    "subcategory": "CSC_OTHER_TOOLS",
    "skill_used": "fabrication",
    "difficulty": 6,
    "time": "30 m",
    "reversible": false,
    "autolearn": true,
    "tools": [ [ [ "survival_marker", 15 ], [ "permanent_marker", 15 ], [ "pen", 15 ], [ "pencil", 15 ] ], [ [ "survivor_scope", -1 ], [ "binoculars", -1 ] ] ],
    "components": [
      [ [ "paper", 40 ] ]
    ]
  },
  {
    "type": "recipe",
    "result": "water_gun",
    "category": "CC_WEAPON",
    "subcategory": "CSC_WEAPON_RANGED",
    "skill_used": "mechanics",
    "difficulty": 2,
	"skills_required": [ "fabrication", 2 ],
    "time": "30 m",
    "qualities": [
      { "id": "SAW_M", "level": 1 },
      { "id": "SCREW", "level": 1 }
    ],
    "components": [
      [ [ "pipe", 1 ] ],
      [ [ "hand_pump", 1 ] ],
      [ [ "hose", 1 ] ],
      [ [ "metal_tank_little", 1 ] ]
    ],
    "reversible": false,
    "autolearn": true
  },
  {
    "type": "recipe",
    "result": "ice_gun",
    "category": "CC_WEAPON",
    "subcategory": "CSC_WEAPON_RANGED",
    "skill_used": "mechanics",
    "difficulty": 2,
	"skills_required": [ "fabrication", 2 ],
    "time": "30 m",
    "qualities": [
      { "id": "SAW_M", "level": 1 },
      { "id": "SCREW", "level": 1 }
    ],
    "components": [
      [ [ "water_gun", 1 ] ],
      [ [ "hose", 2 ] ],
      [ [ "freezer", 1 ], [ "glass_fridge", 1 ], [ "fridgetank", 1 ], [ "fridge", 1 ], [ "minifreezer", 1 ], [ "glass_freezer", 1 ] ]
    ],
    "reversible": false,
    "autolearn": true
  },
  {
    "result": "fireEx_zhigh_Packed",
    "type": "recipe",
    "category": "CC_WEAPON",
    "subcategory": "CSC_WEAPON_RANGED",
    "skill_used": "fabrication",
    "difficulty": 1,
    "time": "3 m",
    "reversible": false,
    "autolearn": true,
    "components": [ [ [ "scrap", 3 ] ], [ [ "extinguisher", 1 ] ], [ [ "duct_tape", 10 ] ] ]
  },
  {
    "type": "recipe",
    "result": "knife_trenchScrap",
    "category": "CC_WEAPON",
    "subcategory": "CSC_WEAPON_PIERCING",
    "skill_used": "fabrication",
    "time": "5 m",
    "reversible": true,
    "autolearn": true,
    "qualities": [ { "id": "HAMMER", "level": 1 } ],
    "components": [
      [
        [ "fabric_standard", 1, "LIST" ],
        [ "felt_patch", 1 ],
        [ "duct_tape", 50 ],
        [ "cordage_short", 2, "LIST" ],
        [ "filament", 100, "LIST" ]
      ],
      [ [ "spike", 1 ] ], [ [ "scrap", 4 ] ]
    ]
  },
  {
    "type": "recipe",
    "result": "knife_trench_bashScrap",
    "category": "CC_WEAPON",
    "subcategory": "CSC_WEAPON_BASHING",
    "skill_used": "fabrication",
    "time": "5 m",
    "reversible": true,
    "autolearn": true,
    "qualities": [ { "id": "HAMMER", "level": 1 } ],
    "components": [
      [
        [ "fabric_standard", 1, "LIST" ],
        [ "felt_patch", 1 ],
        [ "duct_tape", 50 ],
        [ "cordage_short", 2, "LIST" ],
        [ "filament", 100, "LIST" ]
      ],
      [ [ "spike", 1 ] ], [ [ "scrap", 4 ] ]
    ]
  },
  {
    "result": "bigback_bodybag",
    "type": "recipe",
    "category": "CC_ARMOR",
    "subcategory": "CSC_ARMOR_STORAGE",
    "skill_used": "survival",
    "time": "120 s",
    "reversible": true,
    "autolearn": true,
    "using": [ [ "cordage", 1 ] ],
    "components": [ [ [ "bag_body_bag", 1 ] ] ],
    "flags": [ "BLIND_HARD" ]
  },
  {
    "result": "respirator",
    "type": "recipe",
    "category": "CC_ARMOR",
    "subcategory": "CSC_ARMOR_HEAD",
    "skill_used": "tailor",
    "difficulty": 1,
    "skills_required": [ "fabrication", 1 ],
    "time": "15 m",
    "decomp_learn": 1,
    "book_learn": [
      [ "textbook_fireman", 3 ],
      [ "atomic_survival", 3 ],
      [ "adv_chemistry", 4 ],
      [ "textbook_chemistry", 4 ],
      [ "emergency_book", 3 ],
      [ "textbook_gaswarfare", 3 ]
    ],
    "qualities": [ { "id": "WRENCH", "level": 1 } ],
    "components": [ [ [ "goggles_ski", 1 ], [ "goggles_swim", 2 ] ], [ [ "mask_filter", 1 ] ], [ [ "hose", 1 ] ], [ [ "charcoal", 10 ] ] ]
  },
  {
    "type": "recipe",
    "result": "bangstik",
    "category": "CC_WEAPON",
    "subcategory": "CSC_WEAPON_RANGED",
    "skill_used": "fabrication",
    "difficulty": 1,
    "time": "12 m",
    "reversible": true,
    "autolearn": true,
    "components": [ [ [ "pipe", 1 ] ], [ [ "duct_tape", 20 ], [ "superglue", 1 ] ], [ [ "nail", 2 ] ], [ [ "2x4", 1 ] ] ]
  },
  {
    "type": "recipe",
    "result": "rock_launcher",
    "category": "CC_WEAPON",
    "subcategory": "CSC_WEAPON_RANGED",
    "skill_used": "fabrication",
    "difficulty": 1,
    "time": "30 m",
    "reversible": false,
    "autolearn": true,
    "using": [ [ "welding_standard", 3 ] ],
    "qualities": [ { "id": "SAW_M", "level": 1 } ],
    "components": [ 
        [ [ "sheet_metal", 2 ] ], 
        [ [ "stick", 1 ], [ "2x4", 1 ] ], 
        [ [ "superglue", 1 ], [ "duct_tape", 10 ] ],
        [ [ "hose", 4 ] ] ]
  },
  {
    "result": "blowpipe",
    "type": "recipe",
    "category": "CC_WEAPON",
    "subcategory": "CSC_WEAPON_RANGED",
    "skill_used": "fabrication",
    "difficulty": 1,
    "time": "3 m",
    "reversible": false,
    "autolearn": true,
    "qualities": [ { "id": "CUT", "level": 1 } ],
    "components": [ [ [ "stick", 1 ], [ "2x4", 1 ] ], [ [ "superglue", 1 ], [ "duct_tape", 10 ] ] ]
  },
  {
    "result": "armpouch",
    "type": "recipe",
    "category": "CC_ARMOR",
    "subcategory": "CSC_ARMOR_STORAGE",
    "skill_used": "tailor",
    "time": "10 m",
    "autolearn": true,
    "qualities": [ { "id": "SEW", "level": 1 } ],
    "components": [ [ [ "rag", 4 ] ], [ [ "filament", 6, "LIST" ] ] ]
  },
  {
    "result": "legpouch",
    "type": "recipe",
    "category": "CC_ARMOR",
    "subcategory": "CSC_ARMOR_STORAGE",
    "skill_used": "tailor",
    "time": "10 m",
    "autolearn": true,
    "qualities": [ { "id": "SEW", "level": 1 } ],
    "components": [ [ [ "rag", 4 ] ], [ [ "filament", 6, "LIST" ] ] ]
  },
  {
    "result": "BBbelt_500",
    "type": "recipe",
    "category": "CC_WEAPON",
    "subcategory": "CSC_WEAPON_MAGAZINES",
    "skill_used": "tailor",
    "time": "10 m",
    "autolearn": true,
    "using": [ [ "sewing_standard", 10 ] ],
    "components": [ [ [ "fabric_standard", 1, "LIST" ] ] ]
  },
  {
    "type": "recipe",
    "result": "kanabo",
    "category": "CC_WEAPON",
    "subcategory": "CSC_WEAPON_BASHING",
    "skill_used": "fabrication",
    "time": "10 m",
    "autolearn": true,
    "qualities": [ { "id": "HAMMER", "level": 1 } ],
    "components": [ [ [ "bat", 1 ] ], [ [ "spike", 9 ] ] ]
  },
  {
    "type": "recipe",
    "result": "cudgel_nail",
    "category": "CC_WEAPON",
    "subcategory": "CSC_WEAPON_BASHING",
    "skill_used": "fabrication",
    "time": "1 m",
    "autolearn": true,
    "qualities": [ { "id": "HAMMER", "level": 1 } ],
    "components": [ [ [ "cudgel", 1 ] ], [ [ "nail", 6 ] ] ]
  },
  {
    "type": "recipe",
    "result": "coffee_iced_tea",
    "category": "CC_FOOD",
    "subcategory": "CSC_FOOD_DRINKS",
    "skill_used": "cooking",
    "time": "10 m",
    "autolearn": true,
    "batch_time_factors": [ 80, 5 ],
    "components": [ [ [ "tea_sweetened", 1 ] ], [ [ "coffee", 1 ] ] ]
  },
  {
    "type": "recipe",
    "result": "coffee_iced_tea",
    "category": "CC_FOOD",
    "subcategory": "CSC_FOOD_DRINKS",
    "skill_used": "cooking",
    "time": "10 m",
    "autolearn": true,
    "batch_time_factors": [ 80, 5 ],
    "components": [ [ [ "tea", 1 ] ], [ [ "coffee_sweetened", 1 ] ] ]
  },
  {
    "type": "recipe",
    "result": "flamethrower_big",
    "category": "CC_WEAPON",
    "subcategory": "CSC_WEAPON_RANGED",
    "skill_used": "mechanics",
    "skills_required": [ "gun", 4 ],
    "difficulty": 6,
    "time": "2 h 15 m",
    "autolearn": true,
    "qualities": [ { "id": "SAW_M_FINE", "level": 1 }, { "id": "SCREW_FINE", "level": 1 }, { "id": "GLARE", "level": 1 } ],
    "tools": [
      [ [ "oxy_torch", 1 ], [ "welder", 5 ], [ "welder_crude", 8 ], [ "toolset", 8 ] ],
      [ [ "small_repairkit", 25 ], [ "large_repairkit", 5 ] ]
    ],
    "components": [
      [ [ "pilot_light", 2 ] ],
      [ [ "pipe", 4 ] ],
      [ [ "hose", 3 ] ],
      [ [ "frame", 1 ] ],
      [ [ "metal_tank_little", 2 ] ],
      [ [ "metal_tank", 1 ] ]
    ]
  },
  {
    "type": "recipe",
    "result": "bipodgrip",
    "category": "CC_WEAPON",
    "subcategory": "CSC_WEAPON_MODS",
    "skill_used": "gun",
    "time": "5 m",
    "reversible": true,
    "autolearn": true,
    "decomp_learn": 1,
    "qualities": [ { "id": "SAW_M_FINE", "level": 1 }, { "id": "SCREW_FINE", "level": 1 } ],
    "components": [ [ [ "bipod", 1 ] ], [ [ "grip", 1 ] ] ]
  },
  {
    "result": "bipodgrip_mod",
    "type": "recipe",
    "category": "CC_WEAPON",
    "subcategory": "CSC_WEAPON_MODS",
    "skill_used": "fabrication",
    "difficulty": 4,
    "skills_required": [ [ "gun", 2 ] ],
    "time": "30 m",
    "autolearn": true,
    "tools": [ [ [ "large_repairkit", 25 ], [ "small_repairkit", 45 ] ] ],
    "components": [ [ [ "bipodgrip", 1 ] ], [ [ "scrap", 1 ] ], [ [ "plastic_chunk", 1 ] ] ]
  },
  {
    "type": "recipe",
    "result": "bullet_hand_crossbow",
    "category": "CC_WEAPON",
    "subcategory": "CSC_WEAPON_RANGED",
    "skill_used": "fabrication",
    "difficulty": 3,
    "time": "30 m",
    "reversible": true,
    "decomp_learn": 3,
    "book_learn": [ [ "recipe_bows", 3 ], [ "manual_archery", 5 ], [ "book_archery", 4 ] ],
    "qualities": [
      { "id": "CUT", "level": 1 },
      { "id": "HAMMER", "level": 2 },
      { "id": "SCREW", "level": 1 },
      { "id": "SAW_W", "level": 1 }
    ],
    "components": [
      [ [ "2x4", 2 ], [ "stick", 3 ] ],
      [ [ "cordage_superior_short", 1, "LIST" ] ],
      [ [ "spring", 1 ] ],
      [ [ "scrap", 4 ] ],
      [ [ "nail", 10 ] ]
    ]
  },
  {
    "result": "jacket_leather_kevlar_mod",
    "type": "recipe",
    "category": "CC_ARMOR",
    "subcategory": "CSC_ARMOR_TORSO",
    "skill_used": "tailor",
    "difficulty": 5,
    "skills_required": [ "fabrication", 4 ],
    "time": "1 h 36 m",
    "autolearn": true,
    "using": [ [ "sewing_standard", 50 ] ],
    "qualities": [ { "id": "HAMMER", "level": 2 } ],
    "components": [ [ [ "jacket_leather", 1 ], [ "jacket_leather_red", 1 ] ], [ [ "kevlar_plate", 24 ] ] ]
  },
  {
    "result": "tshirtKev",
    "type": "recipe",
    "category": "CC_ARMOR",
    "subcategory": "CSC_ARMOR_TORSO",
    "skill_used": "tailor",
    "difficulty": 4,
    "time": "1 h 13 m",
    "reversible": true,
    "autolearn": true,
    "using": [ [ "sewing_standard", 12 ] ],
    "components": [ [ [ "kevlar_plate", 5 ] ] ]
  },
  {
    "type": "recipe",
    "result": "goggles_atomic_nv",
    "category": "CC_ARMOR",
    "subcategory": "CSC_ARMOR_HEAD",
    "skill_used": "electronics",
    "difficulty": 6,
    "time": "20 m",
    "reversible": true,
    "book_learn": [ [ "textbook_electronics", 3 ], [ "advanced_electronics", 3 ], [ "recipe_caseless", 2 ], [ "textbook_atomic_lab", 4 ] ],
    "qualities": [ { "id": "SCREW", "level": 1 } ],
    "components": [
      [ [ "goggles_nv", 1 ] ],
      [ [ "adhesive", 1, "LIST" ] ],
      [ [ "power_supply", 2 ] ],
      [ [ "cable", 1 ] ],
      [ [ "e_scrap", 5 ] ],
      [ [ "plut_cell", 1 ] ]
    ]
  },
  {
    "type": "recipe",
    "result": "goggles_atomic_ir",
    "category": "CC_ARMOR",
    "subcategory": "CSC_ARMOR_HEAD",
    "skill_used": "electronics",
    "difficulty": 6,
    "time": "20 m",
    "reversible": true,
    "book_learn": [ [ "textbook_electronics", 3 ], [ "advanced_electronics", 3 ], [ "recipe_caseless", 2 ], [ "textbook_atomic_lab", 4 ] ],
    "qualities": [ { "id": "SCREW", "level": 1 } ],
    "components": [
      [ [ "goggles_ir", 1 ] ],
      [ [ "adhesive", 1, "LIST" ] ],
      [ [ "power_supply", 2 ] ],
      [ [ "cable", 1 ] ],
      [ [ "e_scrap", 5 ] ],
      [ [ "plut_cell", 1 ] ]
    ]
  },
  {
    "result": "smokebomb_makeshift",
    "type": "recipe",
    "category": "CC_WEAPON",
    "subcategory": "CSC_WEAPON_EXPLOSIVE",
    "skill_used": "cooking",
    "skills_required": [ "mechanics", 1 ],
    "difficulty": 3,
    "time": "7 m 30 s",
    "autolearn": true,
    "qualities": [ { "id": "SCREW", "level": 1 } ],
    "components": [
      [ [ "water", 1 ], [ "water_clean", 1 ], [ "salt_water", 1 ], [ "saline", 5 ] ],
      [ [ "candy", 1 ], [ "cola", 1 ] ],
      [ [ "canister_empty", 1 ], [ "can_food_unsealed", 1 ], [ "clay_canister", 1 ], [ "can_drink_unsealed", 1 ] ],
      [ [ "superglue", 1 ] ]
    ]
  },
  {
    "result": "doorgunnervest",
    "type": "recipe",
    "category": "CC_ARMOR",
    "subcategory": "CSC_ARMOR_TORSO",
    "skill_used": "tailor",
    "time": "15 m",
    "reversible": true,
    "decomp_learn": 0,
    "autolearn": true,
    "components": [ [ [ "modularvest", 1 ] ], [ [ "kevlar_plate", 6 ] ], [ [ "kevlar", 1 ] ], [ [ "duct_tape", 50 ] ] ],
    "flags": [ "BLIND_EASY" ]
  },
  {
    "result": "retool_bolt",
    "type": "recipe",
    "category": "CC_WEAPON",
    "subcategory": "CSC_WEAPON_MODS",
    "skill_used": "fabrication",
    "difficulty": 1,
    "time": "3 m",
    "reversible": false,
    "autolearn": true,
    "qualities": [ { "id": "CUT", "level": 1 } ],
    "components": [ [ [ "stick", 1 ], [ "2x4", 1 ] ], [ [ "superglue", 1 ], [ "duct_tape", 5 ] ] ]
  },
  {
    "result": "retool_arrow",
    "type": "recipe",
    "category": "CC_WEAPON",
    "subcategory": "CSC_WEAPON_MODS",
    "skill_used": "fabrication",
    "difficulty": 1,
    "time": "3 m",
    "reversible": false,
    "autolearn": true,
    "qualities": [ { "id": "CUT", "level": 1 } ],
    "components": [ [ [ "stick", 1 ], [ "2x4", 1 ] ], [ [ "superglue", 1 ], [ "duct_tape", 5 ] ] ]
  },
  {
    "type": "recipe",
    "result": "DiscShooterV2",
    "category": "CC_WEAPON",
    "subcategory": "CSC_WEAPON_RANGED",
    "skill_used": "fabrication",
    "difficulty": 3,
    "time": "90 m",
    "reversible": true,
    "autolearn": true,
    "qualities": [ { "id": "SAW_M", "level": 1 }, { "id": "HAMMER", "level": 1 }, { "id": "SCREW_FINE", "level": 1 }, { "id": "CUT", "level": 1 } ],
    "components": [ [ [ "stick", 4 ], [ "2x4", 4 ] ], [ [ "can_drink_unsealed", 4 ] ], [ [ "spring", 3 ] ], [ [ "frame", 1 ], [ "xlframe", 2 ] ], [ [ "leather", 30 ] ] ]
  },
  {
    "result": "DiscClip_50",
    "type": "recipe",
    "category": "CC_WEAPON",
    "subcategory": "CSC_WEAPON_MAGAZINES",
    "skill_used": "fabrication",
    "difficulty": 3,
    "skills_required": [ "gun", 1 ],
    "time": "60 m",
    "autolearn": true,
    "tools": [
      [ [ "DiscShooterV2", -1 ] ],
      [ [ "small_repairkit", 10 ], [ "large_repairkit", 5 ] ]
    ],
    "qualities": [ { "id": "SAW_M", "level": 1 }, { "id": "HAMMER", "level": 1 }, { "id": "SCREW_FINE", "level": 1 } ],
    "components": [ [ [ "sheet_metal_small", 3 ] ], [ [ "spring", 3 ] ], [ [ "duct_tape", 60 ] ] ]
  },
  {
    "result": "broken_enz_hack",
    "type": "uncraft",
    "skill_used": "electronics",
    "difficulty": 4,
    "time": "2 m",
    "using": [ [ "soldering_standard", 5 ] ],
    "qualities": [ { "id": "SCREW", "level": 1 } ],
    "components": [
      [ [ "ai_module_basic", 1 ] ],
      [ [ "RAM", 1 ] ],
      [ [ "small_storage_battery", 1 ] ],
      [ [ "scrap", 1 ] ],
      [ [ "quad_rotors", 1 ] ],
      [ [ "sensor_module", 1 ] ],
      [ [ "spike", 2 ] ],
      [ [ "identification_module", 1 ] ]
    ]
  },
  {
    "result": "broken_attack_drone",
    "type": "uncraft",
    "skill_used": "electronics",
    "difficulty": 4,
    "time": "2 m",
    "using": [ [ "soldering_standard", 5 ] ],
    "qualities": [ { "id": "SCREW", "level": 1 } ],
    "components": [
      [ [ "ai_module_basic", 1 ] ],
      [ [ "RAM", 1 ] ],
      [ [ "small_storage_battery", 1 ] ],
      [ [ "scrap", 1 ] ],
      [ [ "quad_rotors", 1 ] ],
      [ [ "sensor_module", 1 ] ],
      [ [ "spike", 2 ] ],
      [ [ "identification_module", 1 ] ]
    ]
  },
  {
    "type": "recipe",
    "result": "bio_knuckle",
    "category": "CC_ELECTRONIC",
    "subcategory": "CSC_ELECTRONIC_CBMS",
    "skill_used": "electronics",
    "skills_required": [ "firstaid", 5 ],
    "difficulty": 6,
    "time": "2 h",
    "reversible": true,
    "decomp_learn": 5,
    "book_learn": [ [ "recipe_augs", 5 ], [ "recipe_lab_elec", 5 ] ],
    "qualities": [ { "id": "SCREW_FINE", "level": 1 } ],
    "tools": [ [ [ "soldering_iron", 25 ], [ "toolset", 15 ], [ "welder", 15 ], [ "welder_crude", 30 ] ] ],
    "components": [
      [ [ "circuit", 8 ] ],
      [ [ "alloy_sheet", 1 ] ],
      [ [ "knuckle_brass", 1 ], [ "knuckle_steel", 1 ] ],
      [ [ "cable", 6 ] ],
      [ [ "plut_cell", 1 ] ],
      [ [ "burnt_out_bionic", 3 ] ]
    ]
  },
  {
    "type": "recipe",
    "result": "bio_mantisBlade",
    "category": "CC_ELECTRONIC",
    "subcategory": "CSC_ELECTRONIC_CBMS",
    "skill_used": "electronics",
    "skills_required": [ "firstaid", 5 ],
    "difficulty": 8,
    "time": "3 h",
    "reversible": true,
    "decomp_learn": 5,
    "book_learn": [ [ "recipe_augs", 5 ], [ "recipe_lab_elec", 5 ] ],
    "qualities": [ { "id": "SCREW_FINE", "level": 1 } ],
    "tools": [ [ [ "soldering_iron", 50 ], [ "toolset", 30 ], [ "welder", 30 ], [ "welder_crude", 60 ] ] ],
    "components": [
      [ [ "circuit", 8 ] ],
      [ [ "alloy_sheet", 4 ] ],
      [ [ "blade", 2 ], [ "broadsword", 2 ], [ "machete", 2 ], [ "makeshift_machete", 2 ], [ "survivor_machete", 2 ] ],
      [ [ "cable", 6 ] ],
      [ [ "plut_cell", 1 ] ],
      [ [ "burnt_out_bionic", 6 ] ]
    ]
  },
  {
    "result": "fanning",
    "type": "recipe",
    "category": "CC_WEAPON",
    "subcategory": "CSC_WEAPON_MODS",
    "skill_used": "fabrication",
    "skills_required": [ "mechanics", 3 ],
    "difficulty": 6,
    "time": "3 m",
    "reversible": false,
    "autolearn": true,
    "tools": [ [ [ "small_repairkit", 10 ], [ "large_repairkit", 5 ] ] ],
    "qualities": [ { "id": "WRENCH", "level": 1 }, { "id": "SAW_M", "level": 1 }, { "id": "SCREW_FINE", "level": 1 }, { "id": "CUT", "level": 1 } ],
    "components": [ [ [ "scrap", 3 ] ] ]
  },
  {
    "result": "glockAuto",
    "type": "recipe",
    "category": "CC_WEAPON",
    "subcategory": "CSC_WEAPON_MODS",
    "skill_used": "fabrication",
    "skills_required": [ "mechanics", 5 ],
    "difficulty": 6,
    "time": "45 m",
    "reversible": false,
    "autolearn": true,
    "tools": [ [ [ "small_repairkit", 10 ], [ "large_repairkit", 5 ] ] ],
    "qualities": [ { "id": "WRENCH", "level": 1 }, { "id": "SAW_M", "level": 1 }, { "id": "SCREW_FINE", "level": 1 }, { "id": "CUT", "level": 1 } ],
    "components": [ [ [ "scrap", 5 ] ] ]
  },
  {
    "result": "recoil_gel",
    "type": "recipe",
    "category": "CC_WEAPON",
    "subcategory": "CSC_WEAPON_MODS",
    "skill_used": "fabrication",
    "skills_required": [ "cooking", 5 ],
    "difficulty": 6,
    "time": "55 m",
    "reversible": false,
    "autolearn": true,
    "tools": [ [ [ "surface_heat", 8, "LIST" ] ], [ [ "small_repairkit", 10 ], [ "large_repairkit", 5 ] ] ],
    "qualities": [ { "id": "SAW_M", "level": 1 }, { "id": "SCREW_FINE", "level": 1 }, { "id": "CUT", "level": 1 } ],
    "components": [ [ [ "scrap", 1 ] ], [ [ "slime_scrap", 1 ] ], [ [ "chunk_rubber", 5 ] ] ]
  },
  {
    "type": "recipe",
    "result": "indiTomahawk",
    "category": "CC_WEAPON",
    "subcategory": "CSC_WEAPON_CUTTING",
    "skill_used": "fabrication",
    "difficulty": 6,
    "time": "4 h",
    "autolearn": true,
    "using": [ [ "blacksmithing_advanced", 4 ], [ "steel_standard", 1 ] ],
    "components": [ [ [ "2x4", 1 ], [ "stick", 2 ] ] ]
  },
  {
    "type": "recipe",
    "result": "bbPlastic",
    "category": "CC_AMMO",
    "subcategory": "CSC_AMMO_OTHER",
    "skill_used": "fabrication",
    "difficulty": 1,
    "time": "22 m",
    "autolearn": true,
    "tools": [ [ [ "surface_heat", 2, "LIST" ] ] ],
    "components": [ [ [ "plastic_chunk", 3 ] ] ]
  },
  {
    "type": "recipe",
    "result": "bb",
    "category": "CC_AMMO",
    "subcategory": "CSC_AMMO_OTHER",
    "skill_used": "fabrication",
    "difficulty": 1,
    "time": "1 h 42 m",
    "autolearn": true,
    "tools": [ [ [ "surface_heat", 2, "LIST" ] ] ],
    "using": [ [ "blacksmithing_advanced", 2 ], [ "steel_standard", 1 ] ]
  },
  {
    "result": "mask_wooden",
    "type": "recipe",
    "category": "CC_ARMOR",
    "subcategory": "CSC_ARMOR_OTHER",
    "skill_used": "fabrication",
    "difficulty": 1,
    "time": "30 m",
    "autolearn": true,
    "qualities": [ { "id": "CUT", "level": 1 }, { "id": "HAMMER", "level": 1 } ],
    "components": [
      [ [ "nail", 8 ] ],
      [ [ "2x4", 4 ], [ "wood_panel", 1 ] ],
      [ [ "rag", 2 ], [ "felt_patch", 2 ], [ "fur", 2 ], [ "leather", 2 ] ]
    ]
  },
  {
    "type": "recipe",
    "result": "laser_musket",
    "category": "CC_WEAPON",
    "subcategory": "CSC_WEAPON_RANGED",
    "skill_used": "electronics",
    "skills_required": [ "mechanics", 2 ],
    "difficulty": 1,
    "time": "2 h 30 m",
    "autolearn": true,
    "reversible": true,
    "tools": [ [ [ "oxy_torch", 20 ], [ "welder", 100 ], [ "welder_crude", 150 ], [ "toolset", 150 ] ] ],
    "components": [
      [ [ "cable", 40 ] ],
      [ [ "duct_tape", 50 ] ],
      [ [ "pipe", 1 ] ],
      [ [ "2x4", 1 ], [ "stick", 1 ] ],
      [ [ "power_supply", 2 ] ],
      [ [ "steel_chunk", 3 ], [ "scrap", 18 ] ],
      [ [ "rebar", 1 ], [ "pipe", 1 ] ],
      [ [ "e_scrap", 20 ] ]
    ]
  },
  {
    "type": "recipe",
    "result": "laser_musket_crank",
    "category": "CC_WEAPON",
    "subcategory": "CSC_WEAPON_RANGED",
    "skill_used": "electronics",
    "skills_required": [ "mechanics", 3 ],
    "difficulty": 1,
    "time": "2 h 30 m",
    "autolearn": true,
    "reversible": true,
    "tools": [ [ [ "oxy_torch", 25 ], [ "welder", 125 ], [ "welder_crude", 175 ], [ "toolset", 175 ] ] ],
    "components": [
      [ [ "cable", 40 ] ],
      [ [ "duct_tape", 50 ] ],
      [ [ "pipe", 1 ] ],
      [ [ "hand_crank_charger", 1 ] ],
      [ [ "2x4", 1 ], [ "stick", 1 ] ],
      [ [ "power_supply", 2 ] ],
      [ [ "steel_chunk", 3 ], [ "scrap", 18 ] ],
      [ [ "rebar", 1 ], [ "pipe", 1 ] ],
      [ [ "e_scrap", 20 ] ]
    ]
  },
  {
    "type": "recipe",
    "result": "microwave_rifle",
    "category": "CC_WEAPON",
    "subcategory": "CSC_WEAPON_RANGED",
    "skill_used": "electronics",
    "skills_required": [ "mechanics", 7 ],
    "difficulty": 8,
    "time": "6 h 30 m",
    "autolearn": true,
    "qualities": [
      { "id": "SAW_M", "level": 1 },
      { "id": "SCREW", "level": 1 },
      { "id": "WRENCH", "level": 1 },
      { "id": "GLARE", "level": 2 }
    ],
    "tools": [ [ [ "oxy_torch", 60 ], [ "welder", 300 ], [ "welder_crude", 450 ], [ "toolset", 450 ] ] ],
    "components": [
      [ [ "cable", 80 ] ],
      [ [ "duct_tape", 80 ] ],
      [ [ "microwave", 1 ] ],
      [ [ "power_supply", 2 ] ],
      [ [ "steel_chunk", 3 ], [ "scrap", 18 ] ],
      [ [ "plasma_rifle", 1 ], [ "plasma_gun", 1 ] ],
      [ [ "e_scrap", 20 ] ]
    ]
  },
  {
    "type": "recipe",
    "result": "bio_armorV2_arms",
    "category": "CC_ELECTRONIC",
    "subcategory": "CSC_ELECTRONIC_CBMS",
    "skill_used": "electronics",
    "skills_required": [ "firstaid", 5 ],
    "difficulty": 6,
    "time": "2 h",
    "reversible": true,
    "decomp_learn": 5,
    "book_learn": [ [ "recipe_augs", 5 ], [ "recipe_lab_elec", 5 ] ],
    "qualities": [ { "id": "SCREW_FINE", "level": 1 } ],
    "tools": [ [ [ "soldering_iron", 25 ], [ "toolset", 15 ], [ "welder", 15 ], [ "welder_crude", 30 ] ] ],
    "components": [
      [ [ "circuit", 8 ] ],
      [ [ "alloy_sheet", 2 ] ],
      [ [ "bio_armor_arms", 1 ] ],
      [ [ "cable", 6 ] ]
    ]
  },
  {
    "type": "recipe",
    "result": "bio_armorV2_eyes",
    "category": "CC_ELECTRONIC",
    "subcategory": "CSC_ELECTRONIC_CBMS",
    "skill_used": "electronics",
    "skills_required": [ "firstaid", 5 ],
    "difficulty": 6,
    "time": "2 h",
    "reversible": true,
    "decomp_learn": 5,
    "book_learn": [ [ "recipe_augs", 5 ], [ "recipe_lab_elec", 5 ] ],
    "qualities": [ { "id": "SCREW_FINE", "level": 1 } ],
    "tools": [ [ [ "soldering_iron", 25 ], [ "toolset", 15 ], [ "welder", 15 ], [ "welder_crude", 30 ] ] ],
    "components": [
      [ [ "circuit", 8 ] ],
      [ [ "alloy_sheet", 2 ] ],
      [ [ "bio_armor_eyes", 1 ] ],
      [ [ "cable", 6 ] ]
    ]
  },
  {
    "type": "recipe",
    "result": "bio_armorV2_head",
    "category": "CC_ELECTRONIC",
    "subcategory": "CSC_ELECTRONIC_CBMS",
    "skill_used": "electronics",
    "skills_required": [ "firstaid", 5 ],
    "difficulty": 6,
    "time": "2 h",
    "reversible": true,
    "decomp_learn": 5,
    "book_learn": [ [ "recipe_augs", 5 ], [ "recipe_lab_elec", 5 ] ],
    "qualities": [ { "id": "SCREW_FINE", "level": 1 } ],
    "tools": [ [ [ "soldering_iron", 25 ], [ "toolset", 15 ], [ "welder", 15 ], [ "welder_crude", 30 ] ] ],
    "components": [
      [ [ "circuit", 8 ] ],
      [ [ "alloy_sheet", 2 ] ],
      [ [ "bio_armor_head", 1 ] ],
      [ [ "cable", 6 ] ]
    ]
  },
  {
    "type": "recipe",
    "result": "bio_armorV2_legs",
    "category": "CC_ELECTRONIC",
    "subcategory": "CSC_ELECTRONIC_CBMS",
    "skill_used": "electronics",
    "skills_required": [ "firstaid", 5 ],
    "difficulty": 6,
    "time": "2 h",
    "reversible": true,
    "decomp_learn": 5,
    "book_learn": [ [ "recipe_augs", 5 ], [ "recipe_lab_elec", 5 ] ],
    "qualities": [ { "id": "SCREW_FINE", "level": 1 } ],
    "tools": [ [ [ "soldering_iron", 25 ], [ "toolset", 15 ], [ "welder", 15 ], [ "welder_crude", 30 ] ] ],
    "components": [
      [ [ "circuit", 8 ] ],
      [ [ "alloy_sheet", 2 ] ],
      [ [ "bio_armor_legs", 1 ] ],
      [ [ "cable", 6 ] ]
    ]
  },
  {
    "type": "recipe",
    "result": "bio_armorV2_torso",
    "category": "CC_ELECTRONIC",
    "subcategory": "CSC_ELECTRONIC_CBMS",
    "skill_used": "electronics",
    "skills_required": [ "firstaid", 5 ],
    "difficulty": 6,
    "time": "2 h",
    "reversible": true,
    "decomp_learn": 5,
    "book_learn": [ [ "recipe_augs", 5 ], [ "recipe_lab_elec", 5 ] ],
    "qualities": [ { "id": "SCREW_FINE", "level": 1 } ],
    "tools": [ [ [ "soldering_iron", 25 ], [ "toolset", 15 ], [ "welder", 15 ], [ "welder_crude", 30 ] ] ],
    "components": [
      [ [ "circuit", 8 ] ],
      [ [ "alloy_sheet", 2 ] ],
      [ [ "bio_armor_torso", 1 ] ],
      [ [ "cable", 6 ] ]
    ]
  },
  {
    "type": "recipe",
    "result": "hatchet_bamboo",
    "category": "CC_WEAPON",
    "subcategory": "CSC_WEAPON_CUTTING",
    "skill_used": "fabrication",
    "difficulty": 3,
    "time": "3 h",
    "autolearn": true,
    "using": [ [ "blacksmithing_advanced", 4 ], [ "steel_standard", 1 ] ],
    "components": [ [ [ "2x4", 1 ], [ "stick", 2 ] ] ]
  },
  {
    "type": "recipe",
    "result": "gas_smoke",
    "category": "CC_AMMO",
    "subcategory": "CSC_AMMO_OTHER",
    "skill_used": "cooking",
    "skills_required": [ "survival", 2 ],
    "difficulty": 4,
    "time": "8 m",
    "book_learn": [ [ "textbook_gaswarfare", 4 ], [ "textbook_chemistry", 4 ], [ "adv_chemistry", 4 ], [ "recipe_labchem", 4 ] ],
    "qualities": [ { "id": "CHEM", "level": 1 } ],
    "tools": [ [ [ "surface_heat", 1, "LIST" ] ] ],
    "components": [ [ [ "gunpowder", 3 ], [ "chem_black_powder", 3 ] ], [ [ "water", 5 ], [ "water_clean", 5 ] ] ]
  },
  {
    "result": "utility_belt",
    "type": "recipe",
    "category": "CC_ARMOR",
    "subcategory": "CSC_ARMOR_OTHER",
    "skill_used": "tailor",
    "difficulty": 3,
    "skills_required": [ "fabrication", 2 ],
    "time": "40 m",
    "autolearn": true,
    "using": [ [ "sewing_standard", 70 ] ],
    "components": [
      [ [ "leather", 6 ], [ "webbing_belt", 1 ], [ "leather_belt", 1 ] ],
      [ [ "filament", 10, "LIST" ] ],
      [ [ "rag", 24 ] ]
    ]
  },
  {
    "type": "recipe",
    "result": "stepladder_ropeNplank",
    "category": "CC_OTHER",
    "subcategory": "CSC_OTHER_TOOLS",
    "skill_used": "fabrication",
    "difficulty": 3,
    "time": "40 m",
    "reversible": true,
    "autolearn": true,
    "qualities": [ { "id": "HAMMER", "level": 1 }, { "id": "SAW_W", "level": 1 } ],
    "components": [ [ [ "rope_superior", 6, "LIST" ] ], [ [ "2x4", 5 ] ], [ [ "nail", 30 ] ] ]
  },
  {
    "type": "recipe",
    "result": "stake_wood",
    "category": "CC_WEAPON",
    "subcategory": "CSC_WEAPON_PIERCING",
    "skill_used": "fabrication",
    "time": "1 m",
    "autolearn": true,
    "qualities": [ { "id": "CUT", "level": 1 } ],
    "components": [ [ [ "stick", 1 ], [ "2x4", 1 ], [ "pool_cue", 1 ] ] ]
  },
  {
    "result": "BBclip300",
    "type": "recipe",
    "category": "CC_WEAPON",
    "subcategory": "CSC_WEAPON_MAGAZINES",
    "skill_used": "fabrication",
    "difficulty": 2,
    "time": "20 m",
    "autolearn": true,
    "tools": [ [ [ "bbM4", -1 ], [ "bbsmg", -1 ] ] ],
    "qualities": [ { "id": "SAW_M", "level": 1 }, { "id": "HAMMER", "level": 1 } ],
    "components": [ [ [ "wire", 1 ] ], [ [ "duct_tape", 30 ] ] ]
  }
]