[
  {
    "id": "mask_paper_base",
    "repairs_like": "mask_rioter",
    "type": "ARMOR",
    "name": { "str": "generic paper mask" },
    "description": "generic item template",
    "weight": "150 g",
    "volume": "750 ml",
    "price": "50 cent",
    "price_postapoc": "5 cent",
    "to_hit": -3,
    "material": [ "paper", "cotton" ],
    "symbol": "[",
    "looks_like": "mask_hockey",
    "color": "white",
    "covers": [ "mouth", "eyes" ],
    "coverage": 95,
    "encumbrance": 10,
    "warmth": 1,
    "material_thickness": 1,
    "environmental_protection": 1,
    "valid_mods": [ "steel_padded", "alloy_padded" ]
  },
  {
    "id": "mask_CrewChief",
    "name": { "str": "dallas mask" },
    "type": "ARMOR",
    "description": "This is a mask, suitable for leader of a gang. And make you hunger for medic bags.",
    "copy-from": "mask_paper_base"
  },
  {
    "id": "mask_Armorer",
    "name": { "str": "wolf mask" },
    "type": "ARMOR",
    "description": "This is a mask, suitable for the techie. And make you go one on one with a hulk zombie. Don't.",
    "copy-from": "mask_paper_base"
  },
  {
    "id": "mask_Muscle",
    "name": { "str": "chains mask" },
    "type": "ARMOR",
    "description": "This is a mask, suitable for the enforcer of a gang. And make you feel like a 200 pound gorilla.",
    "copy-from": "mask_paper_base"
  },
  {
    "id": "mask_Crook",
    "name": { "str": "hoxton mask" },
    "type": "ARMOR",
    "description": "This is a mask, suitable for the jack-of-all-trades guy in a gang. It's PAYDAY, fellas.",
    "copy-from": "mask_paper_base"
  },
  {
    "id": "mask_Rogue",
    "name": { "str": "houston mask" },
    "type": "ARMOR",
    "description": "This is a mask, suitable for the silent one of a gang. And make you don't act dumb.",
    "copy-from": "mask_paper_base"
  },
  {
    "id": "mask_Burglar",
    "name": { "str": "clover mask" },
    "type": "ARMOR",
    "description": "This is a mask, suitable for the thief of a gang. And make you feel sneaky.",
    "copy-from": "mask_paper_base"
  },
  {
    "id": "mask_Infiltrator",
    "name": { "str": "dragan mask" },
    "type": "ARMOR",
    "description": "This is a mask, suitable for the melee combatant of a gang. And make you fight at melee range.",
    "copy-from": "mask_paper_base"
  },
  {
    "id": "mask_Gambler",
    "name": { "str": "bonnie mask" },
    "type": "ARMOR",
    "description": "This is a mask, suitable for a gambler. And make you test your luck.",
    "copy-from": "mask_paper_base"
  },
  {
    "id": "mask_Grinder",
    "name": { "str": "sokol mask" },
    "type": "ARMOR",
    "description": "This is a mask, suitable for a hockey player. And make you grind your enemies, both in melee and ranged.",
    "copy-from": "mask_paper_base"
  },
  {
    "id": "mask_Yakuza",
    "name": { "str": "jiro mask" },
    "type": "ARMOR",
    "description": "This is a mask, suitable for a man with irezumi on one's body. And make you feel faster. There is no effects.",
    "copy-from": "mask_paper_base"
  },
  {
    "id": "mask_ExPresident",
    "name": { "str": "bodhi mask" },
    "type": "ARMOR",
    "description": "This is a mask, suitable for a man who loves taking risks. And make you break your point.",
    "copy-from": "mask_paper_base"
  },
  {
    "id": "mask_Maniac",
    "name": { "str": "jimmy mask" },
    "type": "ARMOR",
    "description": "This is a mask, suitable for an unkown scientist. And make you dizzy somehow.",
    "copy-from": "mask_paper_base"
  },
  {
    "id": "mask_Anarchist",
    "name": { "str": "sydney mask" },
    "type": "ARMOR",
    "description": "This is a mask, suitable for an Austrailan. And make you to cause chaos, although there is one already.",
    "copy-from": "mask_paper_base"
  },
  {
    "id": "mask_Biker",
    "name": { "str": "rust mask" },
    "type": "ARMOR",
    "description": "This is a mask, suitable for a prez. Goes well with a lever action shotgun and a fancy bike.",
    "copy-from": "mask_paper_base"
  },
  {
    "id": "mask_Kingpin",
    "name": { "str": "scarface mask" },
    "type": "ARMOR",
    "description": "This is a mask, suitable for a bad guy who loves to play rough. The whole world is yours.",
    "copy-from": "mask_paper_base"
  },
  {
    "id": "mask_Sicario",
    "name": { "str": "sangres mask" },
    "type": "ARMOR",
    "description": "This is a mask, suitable for a hitman in a cartel. Time to see some blood flowing.",
    "copy-from": "mask_paper_base"
  },
  {
    "id": "mask_Hacker",
    "name": { "str": "joy mask" },
    "type": "ARMOR",
    "description": "This is a mask, suitable for a computer programmer. The LEDs are shining, but no light is visible somehow.",
    "copy-from": "mask_paper_base"
  },
  {
    "id": "mask_Psychopath",
    "name": { "str": "jacket mask" },
    "type": "ARMOR",
    "description": "This is a mask, suitable for a psychopath. Do you like hurting people?",
    "copy-from": "mask_paper_base"
  },
  {
    "id": "mask_DarkSkies",
    "name": { "str": "ailen mask" },
    "type": "ARMOR",
    "description": "This is a mask, based on some urban legend related to an ailen. It does looks cool, yet wearing this does nothing.",
    "copy-from": "mask_paper_base"
  },
  {
    "id": "mask_Clown",
    "name": { "str": "clown mask" },
    "type": "ARMOR",
    "description": "This is a mask, based on some clown. It looks creepy.",
    "copy-from": "mask_paper_base"
  },
  {
    "id": "mask_CombatFake",
    "looks_like": "mask_combat",
    "name": { "str": "combat mask" },
    "type": "ARMOR",
    "description": "This is a mask, reproduction of a combat mask. It isn't quite useful compared to an original.",
    "copy-from": "mask_paper_base"
  },
  {
    "id": "mask_BattleFake",
    "name": { "str": "battle mask" },
    "type": "ARMOR",
    "description": "This is a mask, reproduction of a battle mask. It isn't quite useful compared to an original.",
    "copy-from": "mask_paper_base"
  },
  {
    "id": "mask_wooden",
    "type": "ARMOR",
    "name": { "str": "wooden mask" },
    "description": "This is a mask made from wood. Nothing fancy, but it will help the user from one's face being eaten. Wearing it dosen't have any special effects.",
    "weight": "2 kg",
    "volume": "2 L",
    "price": "50 USD",
    "price_postapoc": "5 USD",
    "to_hit": -1,
    "bashing": 8,
    "material": [ "wood" ],
    "symbol": "[",
    "color": "brown",
    "covers": [ "mouth", "eyes" ],
    "coverage": 90,
    "encumbrance": 15,
    "material_thickness": 3,
    "techniques": [ "WBLOCK_2" ],
    "flags": [ "OVERSIZE", "BELTED", "BLOCK_WHILE_WORN", "POWERARMOR_COMPATIBLE" ]
  },
  {
    "id": "mask_menpo",
    "type": "ARMOR",
    "name": { "str": "menpo" },
    "description": "This is a mask made from wood. Pretty fancy, and it will help the user from one's face being eaten. Wearing it dosen't have any special effects.",
    "weight": "1 kg",
    "volume": "1 L",
    "price": "50 USD",
    "price_postapoc": "5 USD",
    "to_hit": -1,
    "bashing": 8,
    "material": [ "wood" ],
    "symbol": "[",
    "color": "brown",
    "covers": [ "mouth" ],
    "coverage": 90,
    "encumbrance": 10,
    "material_thickness": 3,
    "techniques": [ "WBLOCK_2" ],
    "flags": [ "OVERSIZE", "BELTED", "BLOCK_WHILE_WORN", "POWERARMOR_COMPATIBLE" ]
  },
  {
    "id": "tactical_respirator",
    "looks_like": "mask_lsurvivor",
    "type": "TOOL_ARMOR",
    "weight": "500 g",
    "volume": "800 ml",
    "price": "99999 USD",
    "price_postapoc": "999999 USD",
    "to_hit": 3,
    "material": [ "leather", "cotton", "kevlar", "plastic" ],
    "symbol": "*",
    "storage": "1000 ml",
    "color": "dark_gray",
    "covers": [ "MOUTH" ],
    "name": { "str": "tactical respirator" },
    "description": "A mask worn over your mouth which protects you from all kinds of environmental harm.",
    "flags": [ 
	  "WATER_FRIENDLY", 
	  "REBREATHER", 
	  "OVERSIZE", 
	  "VARSIZE", 
	  "PSYSHIELD_PARTIAL", 
	  "POWERARMOR_COMPATIBLE", 
	  "FLASH_PROTECTION", 
	  "PARTIAL_DEAF", 
	  "SLOWS_THIRST", 
	  "TWO_WAY_RADIO", 
	  "SWIM_GOGGLES", 
	  "FIX_NEARSIGHT", 
	  "FIX_FARSIGHT", 
	  "STURDY", 
	  "WATERPROOF", 
	  "RAINPROOF", 
	  "GAS_PROOF", 
	  "RAD_PROOF", 
	  "IR_EFFECT", 
      "WATCH",
      "ALARMCLOCK", 
	  "ELECTRIC_IMMUNE",
	  "ACID_IMMUNE",
	  "HEAT_IMMUNE",
	  "COLD_IMMUNE",
	  "FIRE",
	  "SEMITANGIBLE",
	  "SUN_GLASSES",
      "ZOOM" ],
    "warmth": 20,
    "material_thickness": 2,
    "environmental_protection": 30,
    "techniques": [ "WBLOCK_1" ],
    "use_action": {
      "type": "holster",
      "multi": 5,
      "max_volume": "4 L",
      "min_volume": "10 ml",
      "max_weight": 10000,
      "draw_cost": 5,
      "skills": [ "pistol", "smg", "shotgun", "rifle", "launcher" ],
      "flags": [ "SHEATH_KNIFE", "SHEATH_SWORD", "SHEATH_AXE", "BELT_CLIP" ]
    },
    "qualities": [ [ "GLARE", 3 ] ]
  },
  {
    "id": "mask_combat",
    "type": "TOOL_ARMOR",
    "weight": "800 g",
    "volume": "800 ml",
    "price": "3000 USD",
    "price_postapoc": "3000 USD",
    "to_hit": 3,
    "material": [ "leather", "cotton", "kevlar", "plastic" ],
    "symbol": "*",
    "color": "dark_gray",
    "covers": [ "MOUTH", "EYES" ],
    "name": { "str": "combat mask" },
    "description": "A mask worn over your mouth and eyes, which protects you from all kinds of environmental harm. Plus, a little bit of night vison, flashlight, and thermal vision too! Powered by some nuclear-related battery, so you can use it as long as you want!",
    "flags": [ 
	  "WATER_FRIENDLY", 
	  "REBREATHER", 
	  "OVERSIZE", 
	  "VARSIZE", 
	  "PSYSHIELD_PARTIAL", 
	  "POWERARMOR_COMPATIBLE", 
	  "FLASH_PROTECTION", 
	  "PARTIAL_DEAF", 
	  "SLOWS_THIRST", 
	  "TWO_WAY_RADIO", 
	  "SWIM_GOGGLES", 
	  "FIX_NEARSIGHT", 
	  "FIX_FARSIGHT", 
	  "STURDY", 
	  "WATERPROOF", 
	  "RAINPROOF", 
	  "GAS_PROOF", 
	  "RAD_PROOF", 
	  "IR_EFFECT", 
      "WATCH",
      "FIRE",
      "ALARMCLOCK", 
	  "ELECTRIC_IMMUNE",
	  "ACID_IMMUNE",
	  "HEAT_IMMUNE",
	  "COLD_IMMUNE",
	  "SEMITANGIBLE",
  	"FRAGILE",
  	"ONLY_ONE",
	  "SUN_GLASSES",
      "ZOOM" ],
    "coverage": 95,
    "encumbrance": 2,
    "warmth": 20,
    "material_thickness": 5,
    "environmental_protection": 25,
    "use_action": {
        "menu_text": "Activate night vision",
        "type": "transform",
        "target": "mask_combat_on_nv",
        "msg": "Activating night vison."
      },
    "qualities": [ [ "GLARE", 3 ] ]
  },
  {
    "id": "mask_combat_on_nv",
    "type": "TOOL_ARMOR",
    "copy-from": "mask_combat",
    "name": { "str": "combat mask, night vision" },
    "description": "A mask worn over your mouth and eyes, which protects you from all kinds of environmental harm. Plus, a little bit of night vison, flashlight, and thermal vision too! This thing is turned on, so night vision is activated.",
    "use_action": {
        "menu_text": "Activate flashlight",
        "type": "transform",
        "target": "mask_combat_on_light",
        "msg": "Activating flashlight."
      },
     "flags": [ 
	  "WATER_FRIENDLY", 
	  "REBREATHER", 
	  "OVERSIZE", 
	  "VARSIZE", 
	  "PSYSHIELD_PARTIAL", 
	  "POWERARMOR_COMPATIBLE", 
	  "FLASH_PROTECTION", 
	  "PARTIAL_DEAF", 
	  "SLOWS_THIRST", 
	  "TWO_WAY_RADIO", 
	  "SWIM_GOGGLES", 
	  "FIX_NEARSIGHT", 
	  "FIX_FARSIGHT", 
	  "STURDY", 
	  "WATERPROOF", 
	  "RAINPROOF", 
	  "GAS_PROOF", 
	  "RAD_PROOF", 
	  "IR_EFFECT", 
      "WATCH",
      "ALARMCLOCK", 
	  "ELECTRIC_IMMUNE",
	  "ACID_IMMUNE",
	  "HEAT_IMMUNE",
	  "COLD_IMMUNE",
	  "GNV_EFFECT",
	  "SEMITANGIBLE",
  	"FRAGILE",
  	"ONLY_ONE",
	  "SUN_GLASSES",
      "ZOOM" ]
  },
  {
    "id": "mask_combat_on_light",
    "type": "TOOL_ARMOR",
    "copy-from": "mask_combat",
    "name": { "str": "combat mask, flashlight" },
    "description": "A mask worn over your mouth and eyes, which protects you from all kinds of environmental harm. Plus, a little bit of night vison, flashlight, and thermal vision too! This thing is turned on, so flashlight mode is activated.",
    "use_action": {
        "menu_text": "Deactivate",
        "type": "transform",
        "target": "mask_combat",
        "msg": "Shutting down."
      },
    "flags": [ 
	  "WATER_FRIENDLY", 
	  "REBREATHER", 
	  "OVERSIZE", 
	  "VARSIZE", 
	  "PSYSHIELD_PARTIAL", 
	  "POWERARMOR_COMPATIBLE", 
	  "FLASH_PROTECTION", 
	  "PARTIAL_DEAF", 
	  "SLOWS_THIRST", 
	  "TWO_WAY_RADIO", 
	  "SWIM_GOGGLES", 
	  "FIX_NEARSIGHT", 
	  "FIX_FARSIGHT", 
	  "STURDY", 
	  "WATERPROOF", 
	  "RAINPROOF", 
	  "GAS_PROOF", 
	  "RAD_PROOF", 
	  "IR_EFFECT", 
      "WATCH",
      "ALARMCLOCK", 
	  "ELECTRIC_IMMUNE",
	  "ACID_IMMUNE",
	  "HEAT_IMMUNE",
	  "COLD_IMMUNE",
	  "LIGHT_200",
	  "SEMITANGIBLE",
  	"FRAGILE",
  	"ONLY_ONE",
	  "SUN_GLASSES",
      "ZOOM" ]
  },
  {
    "id": "mask_skull",
    "type": "ARMOR",
    "copy-from": "mask_hockey",
    "name": { "str": "skull mask" },
    "description": "A protective face mask made of thick plastic.  Commonly worn by hockey goalies. This one has a skull design, so it looks pretty cool.",
    "weight": "250 g",
    "volume": "800 ml",
    "price": "450 USD",
    "price_postapoc": "50 USD",
    "to_hit": -1,
    "material": [ "kevlar_rigid", "plastic" ],
    "flags": [ "WATER_FRIENDLY", "STURDY", "FANCY" ]
  },
  {
    "id": "dj_mask",
    "repairs_like": "miner_hat",
    "type": "TOOL_ARMOR",
    "category": "clothing",
    "name": { "str": "DJ mask" },
    "description": "A mask which covers the whole head, and looks like a mixture of a motorcycle helmet and a boom box.",
    "weight": "1500 g",
    "volume": "10 L",
    "price": "1500 USD",
    "price_postapoc": "10 USD",
    "to_hit": -3,
    "material": [ "cotton", "plastic" ],
    "symbol": "Q",
    "color": "red",
    "covers": [ "head", "mouth", "eyes" ],
    "coverage": 100,
    "encumbrance": 20,
    "warmth": 50,
    "material_thickness": 5,
    "environmental_protection": 2,
    "charges_per_use": 1,
    "ammo": "battery",
    "use_action": {
      "type": "transform",
      "msg": "Your HUD lights-up, and it is time to have some fun. Turn the music on!",
      "target": "dj_mask_on",
      "active": true,
      "need_worn": true,
      "need_charges": 1,
      "need_charges_msg": "The mask's batteries are dead."
    },
    "magazines": [
      [
        "battery",
        [ "medium_battery_cell", "medium_plus_battery_cell", "medium_atomic_battery_cell", "medium_disposable_cell" ]
      ]
    ],
    "magazine_well": "500 ml",
    "flags": [ "OUTER", "SUN_GLASSES" ]
  },
  {
    "id": "dj_mask_on",
    "type": "TOOL_ARMOR",
    "repairs_like": "dj_mask",
    "name": { "str": "DJ mask (on)" },
    "copy-from": "dj_mask",
    "turns_per_charge": 120,
    "revert_to": "dj_mask",
    "use_action": {
      "type": "transform",
      "msg": "Your HUD turns off.",
      "target": "dj_mask"
    },
    "flags": [ "OUTER", "TRADER_AVOID", "THERMOMETER", "SUPER_FANCY", "PARTIAL_DEAF", "HYGROMETER", "SUN_GLASSES", "BAROMETER", "ONLY_ONE", "FIX_FARSIGHT", "FIX_NEARSIGHT", "LIGHT_20", "WATCH", "NO_UNLOAD" ]
  },
  {
    "id": "respirator",
    "copy-from": "mask_gas",
    "type": "TOOL_ARMOR",
    "category": "clothing",
    "name": { "str": "respirator" },
    "description": "A half gas mask, or respirator, that covers the face and eyes.  Provides excellent protection from smoke and other contaminants.  It must be prepared before use.",
    "encumbrance": 13,
    "warmth": 8,
    "environmental_protection_with_filter": 16,
    "max_charges": 80,
    "initial_charges": 80
  }
]