[
  {
    "id": "blazer_zhigh",
    "repairs_like": "tshirt",
    "type": "ARMOR",
    "copy-from": "blazer",
    "name": { "str": "high school blazer" },
    "description": "A professional-looking wool blazer.  Unlike the original, this one is easy to wear.",
    "weight": "950 g",
    "volume": "3600 ml",
    "price": "140 USD",
    "price_postapoc": "100 USD",
    "material": [ "cotton" ],
    "coverage": 80,
    "encumbrance": 10,
    "storage": "800 ml",
    "warmth": 20,
    "material_thickness": 3,
    "flags": [ "VARSIZE", "OUTER", "POCKETS" ]
  },
  {
    "id": "dress_shirt_zhigh",
    "copy-from": "dress_shirt",
    "type": "ARMOR",
    "name": { "str": "high school dress shirt" },
    "description": "A white button-down shirt with long sleeves.",
    "weight": "200 g",
    "volume": "700 ml",
    "price": "100 USD",
    "price_postapoc": "25 USD",
    "coverage": 95,
    "encumbrance": 3,
    "storage": "200 ml",
    "warmth": 8,
    "flags": [ "VARSIZE" ]
  },
  {
    "id": "skirt_zhigh",
    "type": "ARMOR",
    "copy-from": "skirt",
    "name": { "str": "high school skirt" },
    "description": "A short, breezy cotton skirt.  Unlike an ordinary skirt, this one has two pockets to store stuff.",
    "weight": "70 g",
    "volume": "225 ml",
    "price": "100 USD",
    "price_postapoc": "25 USD",
    "color": "dark_gray",
    "storage": "500 ml",
    "warmth": 10,
    "material_thickness": 2,
    "flags": [ "POCKETS", "VARSIZE" ]
  },
  {
    "id": "tie_bow_zhigh",
    "repairs_like": "tshirt",
    "type": "ARMOR",
    "copy-from": "tie_bow",
    "name": { "str": "high school bow tie" },
    "description": "A simple crimson bow tie.  Best worn with a high school uniform.",
    "weight": "5 g",
    "volume": "10 ml",
    "color": "red",
    "flags": [ "FANCY" ]
  },
  {
    "id": "tie_necktie_zhigh",
    "repairs_like": "tshirt",
    "type": "ARMOR",
    "copy-from": "tie_skinny",
    "name": { "str": "high school necktie" },
    "description": "A simple crimson necktie.  Best worn with a high school uniform.",
    "weight": "5 g",
    "volume": "10 ml",
    "color": "red",
    "flags": [ "FANCY" ]
  },
  {
    "id": "pants_zhigh",
    "copy-from": "pants",
    "type": "ARMOR",
    "name": { "str_sp": "high school pants" },
    "description": "A pair of uniform pants.  Slightly warmer than jeans.",
    "weight": "500 g",
    "volume": "2 L",
    "price": "100 USD",
    "price_postapoc": "25 USD",
    "encumbrance": 8,
    "storage": "2 L",
    "warmth": 11
  },
  {
    "id": "coat_rain_froggo",
    "type": "ARMOR",
    "copy-from": "coat_rain",
    "name": { "str": "frog rain coat" },
    "description": "A plastic coat with a hood and two very large pockets.  Provides protection from rain. It also have a pair of frog eyes as a bonus!",
    "weight": "900 g",
    "volume": "1500 ml",
    "price": "80 USD",
    "price_postapoc": "10 USD",
    "color": "green",
    "coverage": 90,
    "encumbrance": 10,
    "storage": "1800 ml",
    "warmth": 15,
    "material_thickness": 3,
    "environmental_protection": 4,
    "flags": [ "VARSIZE", "COLLAR", "POCKETS", "WATERPROOF", "RAINPROOF", "HOOD", "OUTER", "FANCY" ]
  },
  {
    "id": "armband_zhigh_halmon",
    "copy-from": "badge_abstract",
    "type": "ARMOR",
    "name": { "str": "hall monitor armband" },
    "material": [ "plastic" ],
    "price_postapoc": "10 USD",
    "weight": "10 g",
    "description": "School vigilantine, night study watch, principal's pet. Whatever you call it, this armband was a sign of some power back in the day."
  },
  {
    "id": "ID_1st",
    "copy-from": "badge_abstract",
    "type": "ARMOR",
    "name": { "str": "school ID, 1st grader" },
    "material": [ "plastic" ],
    "weight": "10 g",
    "price_postapoc": "10 USD",
    "description": "A plastic ID card, wearing this will not give you any effects."
  },
  {
    "id": "ID_2nd",
    "copy-from": "badge_abstract",
    "type": "ARMOR",
    "name": { "str": "school ID, 2nd grader" },
    "material": [ "plastic" ],
    "weight": "10 g",
    "price_postapoc": "10 USD",
    "description": "A plastic ID card, wearing this will not give you any effects."
  },
  {
    "id": "ID_3rd",
    "copy-from": "badge_abstract",
    "type": "ARMOR",
    "name": { "str": "school ID, 3rd grader" },
    "material": [ "plastic" ],
    "weight": "10 g",
    "price_postapoc": "10 USD",
    "description": "A plastic ID card, wearing this will not give you any effects."
  },
  {
    "id": "jacket_baseball",
    "repairs_like": "trenchcoat",
    "copy-from": "jacket_leather",
    "type": "ARMOR",
    "name": { "str": "varsity jacket" },
    "description": "A jacket made from thick leather and cotton.  Cumbersome, but offers excellent protection from cuts and chilly weather.",
    "weight": "1500 g",
    "volume": "4000 ml",
    "material": [ "leather", "cotton" ],
    "coverage": 95,
    "encumbrance": 10,
    "material_thickness": 4,
    "environmental_protection": 2,
    "flags": [ "VARSIZE", "POCKETS", "OUTER", "COLLAR" ]
  },
  {
    "id": "jacket_baseball_2",
    "copy-from": "jacket_baseball",
    "type": "ARMOR",
    "name": { "str": "varsity jacket" }
  },
  {
    "id": "hoodie_ora",
    "type": "ARMOR",
    "copy-from": "hoodie",
    "name": { "str": "orange hoodie" },
    "description": "A sweatshirt with a hood and a \"kangaroo pocket\" in the front for storage. This one have an actual hood for you to put on.",
    "color": "light_red",
     "use_action": {
        "menu_text": "Put on hood",
        "type": "transform",
        "target": "hoodie_ora_on",
        "msg": "You took out your hood and covered your head with it."
      }
  },
  {
    "id": "hoodie_ora_on",
    "type": "ARMOR",
    "copy-from": "hoodie",
    "looks_like": "hoodie_ora",
    "name": { "str": "orange hoodie" },
    "description": "A sweatshirt with a hood and a \"kangaroo pocket\" in the front for storage. This one have an actual hood for you to put on... and you did!",
     "use_action": {
        "menu_text": "Take off hood",
        "type": "transform",
        "target": "hoodie_ora",
        "msg": "You took off your hood from your head."
      },
    "color": "light_red",
    "covers": [ "torso", "arms", "head" ],
    "flags": [ "VARSIZE", "OUTER", "POCKETS", "HELMET_COMPAT" ]
  },
  {
    "id": "king_robe_zhigh",
    "type": "ARMOR",
    "name": { "str": "Dragon robe (male)" },
    "description": "A red and fancy robe for a king, this one have dragons as a decoration.",
    "weight": "800 g",
    "volume": "3 L",
    "price": "3000 USD",
    "price_postapoc": "250 USD",
    "to_hit": -1,
    "material": [ "cotton", "gold" ],
    "symbol": "[",
    "looks_like": "snuggie",
    "color": "light_red",
    "covers": [ "torso", "arms", "legs" ],
    "coverage": 90,
    "encumbrance": 15,
    "warmth": 35,
    "material_thickness": 4,
    "environmental_protection": 1,
    "flags": [ "VARSIZE", "FANCY" ]
  },
  {
    "id": "shako_zhigh",
    "copy-from": "pickelhaube",
    "type": "ARMOR",
    "name": { "str": "marching band shako" },
    "description": "A spiked helmet once worn by a marching band member. This hat is quite fancy, but that is it.",
    "cutting": 1,
    "material": [ "cotton", "steel" ],
    "flags": [ "FANCY" ]
  },
  {
    "id": "dress_shirt_zhigh_march",
    "copy-from": "dress_shirt_zhigh",
    "type": "ARMOR",
    "name": { "str": "marching band dress shirt" },
    "description": "A white button-down shirt with long sleeves, for marching band members. It also has several golden buttons and ropes.",
    "flags": [ "VARSIZE", "FANCY" ]
  },
  {
    "id": "skirt_zhigh_march",
    "type": "ARMOR",
    "copy-from": "skirt_zhigh",
    "name": { "str": "marching band skirt" },
    "description": "A short, breezy cotton skirt for marching band members.  Unlike an ordinary skirt, this one has two pockets to store stuff.",
    "flags": [ "POCKETS", "FANCY", "VARSIZE" ]
  },
  {
    "id": "pants_zhigh_march",
    "copy-from": "pants_zhigh",
    "type": "ARMOR",
    "name": { "str_sp": "marching band pants" },
    "description": "A pair of uniform pants for marching band members.  Slightly warmer than jeans.",
    "flags": [ "POCKETS", "FANCY", "VARSIZE" ]
  },
  {
    "id": "jacket_leather_red_march",
    "copy-from": "jacket_leather_red",
    "type": "ARMOR",
    "material": [ "leather", "fur" ],
    "name": { "str": "marching band jacket" },
    "description": "A candy-apple-red fur and leather jacket, for marching band members. It also has several golden buttons and ropes, so it is quite fancy."
  },
  {
    "id": "spi_hairpin",
    "copy-from": "fc_hairpin",
    "type": "TOOL_ARMOR",
    "name": { "str": "flower hair spike" },
    "description": "A pink hair accessory with cute flower textures. This one has a spike, which could be a weapon if needed.",
    "price": "120 USD",
    "price_postapoc": "40 USD",
    "material": [ "plastic", "steel" ],
    "weight": "30 g",
    "volume": "40 ml",
    "to_hit": 1,
    "cutting": 9,
    "qualities": [ [ "BUTCHER", 2 ], [ "LOCKPICK", 2 ] ],
    "flags": [ "STAB", "FANCY" ]
  },
  {
    "id": "multi_holster",
    "type": "ARMOR",
    "name": { "str": "multi holster" },
    "description": "A leather strap worn on the hip for holding several, bit-larger-than-pistol sized guns.  Activate to holster/draw a gun.",
    "weight": "400 g",
    "volume": "750 ml",
    "price": "1000 USD",
    "price_postapoc": "100 USD",
    "material": [ "leather", "kevlar", "plastic" ],
    "symbol": "[",
    "looks_like": "holster",
    "color": "light_gray",
    "covers": [ "leg_either" ],
    "coverage": 2,
    "encumbrance": 4,
    "storage": "3 L",
    "material_thickness": 1,
    "use_action": { 
            "type": "holster", 
            "multi": 4, 
            "max_volume": "1000 ml", 
            "min_volume": "150 ml", 
            "skills": [ "pistol", "launcher", "smg", "rifle", "shotgun" ] 
    },
    "flags": [ "WAIST", "WATER_FRIENDLY", "ALLOWS_NATURAL_ATTACKS", "OVERSIZE" ]
  },
  {
    "id": "sundress_white",
    "type": "ARMOR",
    "copy-from": "sundress",
    "name": { "str": "white sundress", "str_pl": "white sundresses" },
    "color": "white"
  },
  {
    "id": "hanbok_fl_top",
    "repairs_like": "trenchcoat",
    "type": "ARMOR",
    "name": { "str": "flower hanbok top" },
    "description": "A loose-fitting traditional Korean outfit, this one has some pink and white patterns on it.",
    "weight": "800 g",
    "volume": "3 L",
    "price": "5000 USD",
    "price_postapoc": "250 USD",
    "to_hit": -5,
    "material": [ "cotton" ],
    "symbol": "[",
    "looks_like": "cloak",
    "color": "white",
    "covers": [ "torso", "arms" ],
    "coverage": 80,
    "encumbrance": 10,
    "warmth": 15,
    "material_thickness": 2,
    "flags": [ "VARSIZE", "FANCY" ]
  },
  {
    "id": "hanbok_fl_skirt",
    "repairs_like": "skirt",
    "type": "ARMOR",
    "name": { "str": "flower hanbok skirt" },
    "description": "A short, breezy cotton skirt.  Easy to move in and warm, but there is no pockets to store stuff.",
    "weight": "124 g",
    "volume": "350 ml",
    "price": "6500 USD",
    "price_postapoc": "500 USD",
    "material": [ "cotton" ],
    "symbol": "[",
    "looks_like": "kilt",
    "color": "pink",
    "covers": [ "legs" ],
    "coverage": 90,
    "warmth": 15,
    "material_thickness": 1,
    "flags": [ "VARSIZE", "FANCY" ]
  },
  {
    "id": "jacket_tracksuit_zhigh",
    "repairs_like": "trenchcoat",
    "copy-from": "jacket_light",
    "type": "ARMOR",
    "coverage": 95,
    "name": { "str": "tracksuit jacket" },
    "description": "A purple cotton jacket.  Good for brisk weather and light workout.",
    "flags": [ "VARSIZE", "POCKETS", "OUTER" ]
  },
  {
    "id": "pants_tracksuit_zhigh",
    "type": "ARMOR",
    "copy-from": "technician_pants_gray",
    "name": { "str": "tracksuit pants" },
    "description": "A pair of purple tracksuit pants.",
    "color": "blue",
    "encumbrance": 8,
    "storage": "1600 ml",
    "warmth": 15,
    "material_thickness": 2,
    "flags": [ "VARSIZE", "POCKETS" ]
  },
  {
    "id": "shorts_tracksuit_zhigh",
    "type": "ARMOR",
    "copy-from": "technician_pants_gray",
    "name": { "str": "tracksuit shorts" },
    "description": "A pair of purple tracksuit shorts.",
    "encumbrance": 4,
    "storage": "800 ml",
    "coverage": 45,
    "warmth": 3,
    "material_thickness": 2
  },
  {
    "id": "hanbok_pungmul_zhigh",
    "type": "ARMOR",
    "name": { "str": "pungmul outfit" },
    "description": "A piece of suit which has five colors, and used in Korean traditional events.",
    "weight": "800 g",
    "volume": "3 L",
    "price": "3000 USD",
    "price_postapoc": "2500 USD",
    "to_hit": -1,
    "material": [ "cotton" ],
    "symbol": "[",
    "color": "dark_gray",
    "covers": [ "torso", "arms", "legs" ],
    "coverage": 90,
    "encumbrance": 8,
    "warmth": 35,
    "material_thickness": 4,
    "environmental_protection": 1,
    "flags": [ "VARSIZE", "FANCY" ]
  },
  {
    "id": "hat_pungmul",
    "type": "ARMOR",
    "name": { "str": "pungmul hat" },
    "description": "Often used in Korean events, this one is quite fancy. Its wide brim helps keep the sun out of your eyes.",
    "weight": "92 g",
    "volume": "500 ml",
    "price": "1200 USD",
    "price_postapoc": "50 USD",
    "material": [ "leather" ],
    "symbol": "[",
    "looks_like": "hat_boonie",
    "color": "dark_gray",
    "covers": [ "head" ],
    "coverage": 65,
    "encumbrance": 10,
    "warmth": 10,
    "material_thickness": 1,
    "environmental_protection": 2,
    "flags": [ "VARSIZE", "SUN_GLASSES", "FANCY" ]
  },
  {
    "id": "bandana_skull",
    "type": "ARMOR",
    "copy-from": "bandana",
    "name": { "str": "skull bandana" },
    "environmental_protection": 2
  },
  {
    "id": "balclava_skull",
    "type": "ARMOR",
    "copy-from": "balclava",
    "name": { "str": "skull balclava" },
    "environmental_protection": 1
  },
  {
    "id": "queen_robe_zhigh",
    "type": "ARMOR",
    "name": { "str": "Dragon robe (female)" },
    "description": "A red, black and fancy robe for a queen, this one have dragons as a decoration.",
    "weight": "1200 g",
    "volume": "4 L",
    "price": "30000 USD",
    "price_postapoc": "2500 USD",
    "to_hit": -1,
    "material": [ "cotton", "gold" ],
    "symbol": "[",
    "looks_like": "snuggie",
    "color": "light_red",
    "covers": [ "torso", "arms", "legs" ],
    "coverage": 90,
    "encumbrance": 15,
    "warmth": 35,
    "material_thickness": 4,
    "environmental_protection": 1,
    "flags": [ "VARSIZE", "FANCY" ]
  },
  {
    "id": "queen_wig",
    "copy-from": "clown_wig",
    "type": "ARMOR",
    "name": { "str": "queen's wig" },
    "description": "A colorful and heavy wig fit for a traditional asian woman. The wig have some space to store stuff.",
    "weight": "1250 g",
    "color": "dark_gray",
    "use_action": {
      "type": "holster",
      "holster_prompt": "Sheath knife/clip on wig?",
      "holster_msg": "You sheath your %s",
      "min_volume": "5 ml",
      "max_volume": "500 ml",
      "draw_cost": 15,
      "flags": [ "SHEATH_KNIFE", "BELT_CLIP" ]
    },
    "coverage": 65,
    "flags": [ "VARSIZE", "FANCY" ]
  },
  {
    "id": "spot_strap_zhigh",
    "type": "ARMOR",
    "name": { "str": "headband" },
    "description": "A simple yet quite fancy fabric covering tied over your forehead. Could be used as the lightest armor, if needed.",
    "weight": "80 g",
    "volume": "300 ml",
    "price": "800 USD",
    "price_postapoc": "30 USD",
    "material": [ "cotton", "steel" ],
    "symbol": "[",
    "looks_like": "scarf",
    "color": "dark_gray",
    "covers": [ "eyes" ],
    "coverage": 95,
    "encumbrance": 2,
    "warmth": 8,
    "material_thickness": 3,
    "environmental_protection": 1,
    "flags": [ "BELTED", "VARSIZE", "FANCY" ]
  },
  {
    "id": "spot_hanboktop_zhigh",
    "copy-from": "dress_shirt_zhigh",
    "type": "ARMOR",
    "name": { "str": "hanbok shirt" },
    "description": "A white traditonal Korean shirt with blue vest as a decoration.",
    "flags": [ "VARSIZE", "FANCY" ]
  },
  {
    "id": "spot_hanbokpants_zhigh",
    "copy-from": "pants_zhigh",
    "type": "ARMOR",
    "name": { "str_sp": "indigo hanbok pants" },
    "description": "A pair of Korean traditional hanbok pants. Pretty comfy when you wear them.",
    "flags": [ "POCKETS", "FANCY", "VARSIZE" ]
  },
  {
    "id": "toolwatch",
    "type": "ARMOR",
    "name": { "str": "tool watch", "str_pl": "tool watches" },
    "description": "A complex, wristwatch with lots of tools strapped on it, which made this looks like a gauntlet. You can do so many things with this!",
    "weight": "300 g",
    "volume": "800 ml",
    "price": "50000 USD",
    "price_postapoc": "50000 USD",
    "to_hit": -1,
    "material": [ "plastic", "steel" ],
    "symbol": "[",
    "color": "dark_gray",
    "covers": [ "hand_either" ],
    "qualities": [
      [ "AXE", 3 ], [ "BUTCHER", 8 ], [ "BOIL", 3 ], [ "CHISEL", 3 ], [ "CUT", 3 ],
      [ "DRILL", 3 ], [ "DIG", 3 ], [ "DISTILL", 3 ], [ "FISHING", 3 ], [ "FILE", 3 ],
      [ "GRIND", 3 ], [ "HAMMER", 3 ], [ "HAMMER_FINE", 3 ], [ "HOSE", 3 ],
      [ "KNIT", 5 ], [ "LEATHER_AWL", 5 ], [ "LOCKPICK", 5 ], [ "PRY", 3 ], [ "PULL", 3 ], [ "REAM", 3 ], [ "SAW_M", 2 ],
      [ "SAW_M_FINE", 3 ], [ "SAW_W", 3 ], [ "SEW_CURVED", 3 ], [ "SEW", 3 ],
      [ "SCREW", 3 ], [ "SCREW_FINE", 3 ],
      [ "SMOOTH", 3 ], [ "WELD", 3 ], [ "WRENCH", 3 ],
      [ "WRENCH_FINE", 3 ], [ "VISE", 3 ]
    ],
    "use_action": [
      "GUN_CLEAN", "GUN_REPAIR", "PICKAXE",
      "HAMMER", "CROWBAR", "BOLTCUTTERS",
      "OXYTORCH", "WATER_PURIFIER",
      "WEATHER_TOOL",  "SIPHON", "MEDITATE",
      {
        "type": "repair_item",
        "item_action_type": "repair_fabric",
        "materials": [ "cotton", "leather", "nylon", "wool", "fur", "faux_fur", "nomex", "kevlar", "neoprene", "gutskin" ],
        "skill": "tailor",
        "tool_quality": 5,
        "cost_scaling": 0.1,
        "move_cost": 50
      },
      {
        "type": "manualnoise",
        "moves": 15,
        "noise": 50,
        "noise_message": "FWEEEET!",
        "noise_id": "misc",
        "noise_variant": "whistle",
        "use_message": "You blow the whistle.",
        "no_charges_message": "Seeing this is an error."
      },
      { "type": "firestarter", "moves": 100, "moves_slow": 500, "need_sunlight": false },
      {
        "type": "sew_advanced",
        "materials": [
          "cotton", "leather", "nylon", "wool", "fur",
          "faux_fur", "nomex", "kevlar", "neoprene",
          "gutskin", "plastic", "kevlar_rigid"
        ],
        "skill": "tailor",
        "clothing_mods": [ "leather_padded", "steel_padded", "alloy_padded", "kevlar_padded", "furred", "wooled" ]
      },
      {
        "type": "repair_item",
        "item_action_type": "repair_metal",
        "materials": [ "kevlar", "acidchitin", "bone", "chitin", "paper", "dry_plant", "cardboard", "wood", "kevlar_rigid", "plastic", "iron", "steel", "hardsteel", "aluminum", "copper", "silver", "gold", "glass" ],
        "skill": "mechanics",
        "cost_scaling": 0.1,
        "move_cost": 50
      },
      { "flame": true, "type": "cauterize" }
    ],
    "encumbrance": 20,
    "coverage": 5,
    "flags": [ "WATCH", "FIRE", "STAB", "BAROMETER", "HYGROMETER", "THERMOMETER", "SAFECRACK", "ALARMCLOCK", "BELTED", "FRAGILE", "ALLOWS_NATURAL_ATTACKS", "WATER_FRIENDLY", "ALLOWS_REMOTE_USE", "COMPACT", "OVERSIZE" ]
  },
  {
    "id": "skateboard",
    "repairs_like": "roller_blades",
    "type": "ARMOR",
    "name": { "str": "skateboard" },
    "description": "A skateboard is a type of sports equipment used for skateboarding.  Very fast on flat floors, but they make it hard to move on rough terrain, take hits, or to dodge effectively.",
    "weight": "5000 g",
    "volume": "5000 ml",
    "price": "8500 USD",
    "price_postapoc": "2500 USD",
    "to_hit": 2,
    "bashing": 10,
    "material": [ "plastic", "steel" ],
    "symbol": "[",
    "looks_like": "rollerskates",
    "color": "light_gray",
    "covers": [ "feet" ],
    "coverage": 10,
    "encumbrance": 15,
    "relic_data": { "passive_effects": [ { "has": "WORN", "condition": "ALWAYS", "values": [ { "value": "SPEED", "add": 3 } ] } ] },
    "flags": [ "BELTED", "WATERPROOF", "ROLLER_INLINE", "REQUIRES_BALANCE" ]
  },
  {
    "id": "skateboard_conan",
    "repairs_like": "roller_blades",
    "type": "ARMOR",
    "name": { "str": "skateboard" },
    "description": "A skateboard is a type of sports equipment used for skateboarding.  Very fast on flat floors, but they make it hard to move on rough terrain, take hits, or to dodge effectively. This one is modified by... adding an engine?",
    "weight": "4500 g",
    "volume": "4500 ml",
    "price": "9000 USD",
    "price_postapoc": "3000 USD",
    "to_hit": 2,
    "bashing": 10,
    "material": [ "plastic", "steel" ],
    "symbol": "[",
    "looks_like": "rollerskates",
    "color": "light_gray",
    "covers": [ "feet" ],
    "coverage": 10,
    "encumbrance": 15,
    "relic_data": { "passive_effects": [ { "has": "WORN", "condition": "ALWAYS", "values": [ { "value": "SPEED", "add": 8 } ] } ] },
    "flags": [ "BELTED", "WATERPROOF", "ROLLER_INLINE", "REQUIRES_BALANCE" ]
  },
  {
    "id": "surfboard",
    "type": "ARMOR",
    "name": { "str": "surfboard" },
    "description": "A narrow plank used in surfing. Surfboards are relatively light, but are strong enough to support an individual standing on them while riding an ocean wave.",
    "weight": "5000 g",
    "volume": "5000 ml",
    "price": "8500 USD",
    "price_postapoc": "2500 USD",
    "to_hit": 2,
    "bashing": 16,
    "material": [ "plastic", "wood" ],
    "symbol": "[",
    "color": "light_gray",
    "covers": [ "feet" ],
    "coverage": 10,
    "encumbrance": 15,
    "relic_data": { "passive_effects": [ { "has": "WORN", "condition": "ALWAYS", "values": [ { "value": "SPEED", "add": 4 } ] } ] },
    "flags": [ "BELTED", "FIN", "WATER_FRIENDLY" ]
  },
  {
    "id": "tubeSwim",
    "type": "ARMOR",
    "name": { "str": "tube" },
    "description": "A plastic chunk filled with air in order to let people float in the water safely.",
    "weight": "2500 g",
    "volume": "5000 ml",
    "price": "8500 USD",
    "price_postapoc": "2500 USD",
    "to_hit": 2,
    "bashing": 26,
    "material": [ "plastic" ],
    "symbol": "[",
    "color": "light_gray",
    "covers": [ "torso" ],
    "coverage": 10,
    "encumbrance": 35,
    "relic_data": { "passive_effects": [ { "has": "WORN", "condition": "ALWAYS", "values": [ { "value": "SPEED", "add": 2 } ] } ] },
    "flags": [ "BELTED", "FIN", "WATER_FRIENDLY" ]
  },
  {
    "id": "KingHat_Zhigh",
    "repairs_like": "balclava",
    "type": "ARMOR",
    "name": { "str": "iksunguwan" },
    "description": "A high, black cap with a round top and two flat parts on the back of them. Traditionally worn by kings from various parts of Asia.",
    "weight": "120 g",
    "volume": "500 ml",
    "price": "7000 USD",
    "price_postapoc": "50 USD",
    "material": [ "cotton" ],
    "symbol": "[",
    "looks_like": "bowhat",
    "color": "dark_gray",
    "covers": [ "head" ],
    "coverage": 40,
    "encumbrance": 5,
    "warmth": 4,
    "material_thickness": 1
  },
  {
    "id": "snow_suit_body",
    "type": "ARMOR",
    "name": { "str": "snowman suit" },
    "description": "A one piece snowman suit used (headgear not included) by some event workers related to winter and christmas.",
    "weight": "3500 g",
    "volume": "4000 ml",
    "price": "5500 USD",
    "price_postapoc": "500 USD",
    "to_hit": -1,
    "material": [ "cotton" ],
    "symbol": "[",
    "color": "red",
    "covers": [ "torso", "arms", "legs" ],
    "coverage": 100,
    "encumbrance": 45,
    "warmth": 35,
    "material_thickness": 3,
    "flags": [ "VARSIZE", "OUTER", "OVERSIZE", "FANCY" ]
  },
  {
    "id": "snow_suit_head",
    "type": "ARMOR",
    "name": { "str": "snowman hood" },
    "description": "A snowman head for event workers, designed to provide comfort and warmth.",
    "weight": "820 g",
    "volume": "2 L",
    "price": "5500 USD",
    "price_postapoc": "500 USD",
    "material": [ "cotton" ],
    "symbol": "[",
    "color": "white",
    "covers": [ "head" ],
    "coverage": 100,
    "encumbrance": 25,
    "warmth": 35,
    "material_thickness": 4,
    "environmental_protection": 3,
    "flags": [ "FANCY", "OUTER", "HELMET_COMPAT" ]
  },
  {
    "id": "jacket_tracksuit_zhigh_black",
    "repairs_like": "trenchcoat",
    "copy-from": "jacket_light",
    "type": "ARMOR",
    "coverage": 95,
    "name": { "str": "tracksuit jacket" },
    "description": "A black cotton jacket.  Good for brisk weather and light workout.",
    "color": "dark_gray",
    "flags": [ "VARSIZE", "POCKETS", "OUTER" ]
  },
  {
    "id": "pants_tracksuit_zhigh_black",
    "type": "ARMOR",
    "copy-from": "technician_pants_gray",
    "name": { "str": "tracksuit pants" },
    "description": "A pair of black tracksuit pants.",
    "color": "dark_gray",
    "encumbrance": 8,
    "storage": "1600 ml",
    "warmth": 15,
    "material_thickness": 2,
    "flags": [ "VARSIZE", "POCKETS" ]
  },
  {
    "id": "cloak_mj",
    "type": "ARMOR",
    "copy-from": "cloak",
    "name": { "str": "pretty cloak" },
    "description": "A light cloak meant to be thrown over your body.",
    "weight": "750 g",
    "volume": "2 L",
    "price": "100 USD",
    "price_postapoc": "40 USD",
    "color": "pink",
    "covers": [ "torso", "arms" ],
    "coverage": 60,
    "encumbrance": 2
  },
  {
    "type" : "ARMOR",
    "//": "Got this line of code and modified it from PK's rebalancing mod.",
    "id" : "swat_shield",
    "name" : "tactical shield",
    "description" : "A ballistic shield designed to protect the approach of its holder and anybody standing behind them.  It is heavy and somewhat cumbersome, but its protection cannot be denied.  When activated it will be held close and in front of you.",
    "weight" :  "6600 g",
    "volume": "5700 ml",
    "color" : "dark_gray",
    "covers" : [ "hand_either" ],
    "material" : [ "steel", "plastic", "kevlar", "ceramic", "kevlar_rigid" ],
    "to_hit" : -1,
    "encumbrance" : 12,
    "environmental_protection": 2,
    "bashing" : 8,
    "symbol" : "{",
    "flags" : [ "OVERSIZE", "RESTRICT_HANDS", "BELTED", "ALLOWS_NATURAL_ATTACKS", "BLOCK_WHILE_WORN", "ONLY_ONE" ],
    "techniques" : [ "WBLOCK_3" ],
    "coverage" : 45,
    "material_thickness" : 10,
    "use_action": {
    "type": "transform",
    "msg": "The tactical shield is pulled to a defensive posture!",
    "target": "swat_shield_act"
    }
  },
  {
    "type" : "ARMOR",
    "id" : "swat_shield_act",
    "name" : "tactical shield (def)",
    "description" : "A ballistic shield designed to protect the approach of its holder and anybody standing behind them.  It is heavy and really cumbersome, but its protection cannot be denied.  It is currently being used, and slowing you down.",
    "weight": "6600 g",
    "volume": "5700 ml",
    "color" : "dark_gray",
    "covers": [ "head", "torso", "arms", "hands", "legs", "feet" ],
    "material" : [ "steel", "plastic", "kevlar", "ceramic", "kevlar_rigid" ],
    "to_hit" : -1,
    "encumbrance" : 70,
    "symbol" : "{",
    "flags" : [ "OVERSIZE", "RESTRICT_HANDS", "BELTED", "ALLOWS_NATURAL_ATTACKS", "BLOCK_WHILE_WORN", "ONLY_ONE" ],
    "techniques" : [ "WBLOCK_3" ],
    "coverage" : 100,
    "material_thickness" : 10,
    "environmental_protection": 2,
    "use_action": {
    "type": "transform",
    "msg": "The tactical shield is lowered.",
    "target": "swat_shield"
    }
  },
  {
    "id": "apron_green",
    "copy-from": "apron_leather",
    "type": "ARMOR",
    "name": { "str": "green apron" },
    "description": "A green apron made of thick leather.  Cumbersome, but offers excellent protection from cuts and dirt."
  },
  {
    "id": "apron_cyan",
    "copy-from": "apron_leather",
    "type": "ARMOR",
    "name": { "str": "cyan apron" },
    "description": "A cyan apron made of thick leather.  Cumbersome, but offers excellent protection from cuts and scraps of food."
  },
  {
    "id": "apron_color",
    "copy-from": "apron_leather",
    "type": "ARMOR",
    "name": { "str": "splattered apron" },
    "description": "A black apron made of thick leather.  Cumbersome, but offers excellent protection from cuts and paint splatter."
  },
  {
    "id": "badge_ham",
    "copy-from": "badge_abstract",
    "type": "ARMOR",
    "name": { "str": "piece of ham" },
    "material": [ "plastic" ],
    "weight": "10 g",
    "price_postapoc": "10 USD",
    "flags": [
       "WATER_FRIENDLY",
       "FIX_NEARSIGHT",
       "FIX_FARSIGHT",
       "FRAGILE"
    ],
    "description": "A plastic ham-looking item, marking the wearer as some kind of a gamer."
  },
  {
    "id": "badge_plant",
    "copy-from": "badge_abstract",
    "type": "ARMOR",
    "name": { "str": "piece of plant" },
    "material": [ "veggy" ],
    "weight": "10 g",
    "price_postapoc": "10 USD",
    "description": "Actual... plant? Wearing this will give you no effects."
  },
  {
    "id": "clip_wrist",
    "looks_like": "bandolier_wrist",
    "type": "ARMOR",
    "name": { "str": "wrist clip" },
    "description": "A small fabric bandolier for small items, which can be belt clipped, designed to be worn around the wrist.",
    "weight": "30 g",
    "volume": "250 ml",
    "price": "20 USD",
    "price_postapoc": "5 USD",
    "material": [ "cotton" ],
    "symbol": "[",
    "color": "dark_gray",
    "covers": [ "hand_either" ],
    "coverage": 5,
    "encumbrance": 0,
    "material_thickness": 1,
    "use_action": {
      "type": "holster",
      "holster_prompt": "Stick pens or stimultants?",
      "holster_msg": "You tuck your %s into your %s",
      "multi": 6,
      "max_volume": "250 ml",
      "min_volume": "10 ml",
      "draw_cost": 60,
      "flags": [ "BELT_CLIP" ]
    },
    "flags": [ "WATER_FRIENDLY", "BELTED", "ALLOWS_NATURAL_ATTACKS" ]
  },
  {
    "id": "boxsnake",
    "type": "ARMOR",
    "name": { "str": "hiding box" },
    "description": "A very large cardboard box, the sort children would have loved to hide in, when there were still children. Now you can also hide in it. \n\n...\n\nSnake? Snake? Snaaaaaaaake!",
    "weight": "1250 g",
    "volume": "3 L",
    "price": "12000 USD",
    "price_postapoc": "750 USD",
    "to_hit": -1,
    "material": [ "cardboard" ],
    "symbol": "[",
    "looks_like": "box_large",
    "color": "light_gray",
    "covers": [ "torso", "head", "arms", "legs" ],
    "coverage": 100,
    "encumbrance": 99,
    "warmth": 95,
    "bashing": 18,
    "material_thickness": 2,
    "environmental_protection": 1,
    "valid_mods": [ "steel_padded", "alloy_padded" ],
    "flags": [ "OVERSIZE", "OUTER", "SLOWS_MOVEMENT", "BLOCK_WHILE_WORN", "ONLY_ONE", "FRAGILE" ],
    "relic_data": {
      "passive_effects": [ { "has": "WORN", "condition": "ALWAYS", "ench_effects": [ { "effect": "invisibility", "intensity": 1 } ] } ]
    }
  },
  {
    "id": "hat_sailor",
    "copy-from": "beret",
    "type": "ARMOR",
    "name": { "str": "sea cadet corps cap" },
    "description": "A soft cotton hat.  Commonly worn by navy forces and sea cadet corps."
  },
  {
    "id": "shirt_zhigh_marine",
    "copy-from": "dress_shirt_zhigh",
    "type": "ARMOR",
    "name": { "str": "sea cadet corps shirt" },
    "description": "A white shirt with short sleeves and a black scarf, for sea cadet corps.",
    "covers": [ "torso" ],
    "flags": [ "VARSIZE" ]
  },
  {
    "id": "shorts_zhigh_marine",
    "copy-from": "b_shorts",
    "type": "ARMOR",
    "name": { "str_sp": "sea cadet corps shorts" },
    "description": "A pair of white shorts.  Comfortable and light."
  },
  {
    "id": "glasses_safety_lab",
    "copy-from": "glasses_safety",
    "type": "ARMOR",
    "name": { "str": "pair of safety glasses", "str_pl": "pairs of safety glasses" },
    "encumbrance": 3,
    "material_thickness": 3,
    "environmental_protection": 6,
    "qualities": [ [ "GLARE", 3 ] ],
    "flags": [ "WATER_FRIENDLY", "FIX_FARSIGHT", "FIX_NEARSIGHT", "FLASH_PROTECTION", "VARSIZE", "STURDY", "SUN_GLASSES" ]
  },
  {
    "id": "balclava_lab",
    "type": "ARMOR",
    "name": { "str": "balaclava" },
    "copy-from": "balclava",
    "material": [ "cotton", "plastic" ],
    "covers": [ "head", "mouth" ],
    "encumbrance": 3,
    "warmth": 30,
    "material_thickness": 4,
    "environmental_protection": 4,
    "flags": [ "VARSIZE", "SKINTIGHT" ]
  },
  {
    "type": "TOOL_ARMOR",
    "looks_like": "whistle",
    "category": "clothing",
    "id": "whistlemulti",
    "name": { "str": "multi whistle" },
    "volume": "10 ml",
    "description": "A simple wooden whistle, with a cord to wear it around your neck.",
    "weight": "25 g",
    "to_hit": -1,
    "color": "light_gray",
    "price": "200 USD",
    "price_postapoc": "50 USD",
    "material": [ "wood", "cotton" ],
    "flags": [ "WATER_FRIENDLY" ],
    "coverage": 1,
    "symbol": "[",
    "use_action": [ {
      "type": "manualnoise",
      "no_charges_message": "Seeing this is an error.",
      "use_message": "You blow the whistle.",
      "//": "Use of %s not currently supported.",
      "noise_message": "FWEEEET!",
      "noise_id": "misc",
      "noise_variant": "whistle",
      "noise": 50,
      "moves": 80
    }, "DOG_WHISTLE" ]
  },
  {
    "id": "redhairpin",
    "type": "TOOL_ARMOR",
    "category": "clothing",
    "symbol": "[",
    "color": "brown",
    "name": { "str": "hairpin" },
    "description": "A plain hairpin to keep your hair in place.",
    "price": "50 USD",
    "price_postapoc": "25 USD",
    "material": [ "iron" ],
    "weight": "2 g",
    "qualities": [ [ "LOCKPICK", 3 ] ]
  },
  {
    "id": "cowboy_hat_zhigh",
    "type": "ARMOR",
    "copy-from": "cowboy_hat",
    "name": { "str": "cowboy hat" },
    "description": "Whether you are cleaning zoos, feeding some animals, or fighting some undead, this is the hat for the job."
  },
  {
    "id": "medcase",
    "copy-from": "briefcase",
    "type": "ARMOR",
    "name": { "str": "medical case" },
    "description": "Useful for carrying medical items, documents, or first aid kits.",
    "use_action": {
      "type": "holster",
      "holster_prompt": "Stick pens or stimultants?",
      "holster_msg": "You tuck your %s into your %s",
      "multi": 120,
      "max_volume": "25 ml",
      "min_volume": "10 ml",
      "draw_cost": 120,
      "flags": [ "BELT_CLIP" ]
    }
  },
  {
    "id": "glassesZhighred",
    "copy-from": "glasses_bifocal",
    "type": "ARMOR",
    "name": { "str": "pair of red glasses", "str_pl": "pairs of red glasses" },
    "color": "red",
    "flags": [ "WATER_FRIENDLY", "FIRESTARTER", "FIX_NEARSIGHT", "FIX_FARSIGHT" ]
  },
  {
    "id": "ski_jacket_archer",
    "repairs_like": "trenchcoat",
    "type": "ARMOR",
    "name": { "str": "ski jacket" },
    "description": "An insulated, breathable hoodie made for alpine skiing.  Very warm, and with sizable pockets.",
    "weight": "1105 g",
    "volume": "5 L",
    "price": "18000 USD",
    "price_postapoc": "500 USD",
    "material": [ "cotton", "plastic" ],
    "symbol": "[",
    "looks_like": "jacket_evac",
    "color": "light_blue",
    "covers": [ "torso", "arms" ],
    "coverage": 95,
    "encumbrance": 16,
    "storage": "2 L",
    "warmth": 80,
    "material_thickness": 5,
    "valid_mods": [ "steel_padded", "alloy_padded" ],
    "environmental_protection": 3,
    "flags": [ "POCKETS", "HOOD", "OUTER", "WATERPROOF", "RAINPROOF", "COLLAR" ]
  },
  {
    "id": "bigback_bodybag",
    "looks_like": "bigback",
    "type": "ARMOR",
    "name": { "str": "body bag rucksack" },
    "description": "Also known as a \"bigpack\", this rucksack is prized by pack rats but may lead to a bad back. Made from a body bag and some cordage.",
    "weight": "3539 g",
    "volume": "21 L",
    "price": "200 USD",
    "price_postapoc": "25 USD",
    "material": [ "leather" ],
    "symbol": "[",
    "color": "black",
    "covers": [ "torso" ],
    "coverage": 25,
    "rigid": false,
    "encumbrance": 14,
    "max_encumbrance": 80,
    "storage": "75 L",
    "warmth": 10,
    "material_thickness": 2,
    "flags": [ "BELTED", "WATERPROOF", "ONLY_ONE", "OVERSIZE" ]
  },
  {
    "id": "shortsGreen",
    "copy-from": "shorts",
    "type": "ARMOR",
    "name": { "str_sp": "green shorts" }
  },
  {
    "id": "jacketSecurity",
    "copy-from": "jacket_army",
    "type": "ARMOR",
    "name": { "str_sp": "security jacket" },
    "description": "A tough jacket with lots of pockets.  Favored by the school security."
  },
  {
    "id": "pantsSecurity",
    "copy-from": "pants_army",
    "type": "ARMOR",
    "name": { "str_sp": "security pants" },
    "description": "A tough pair of pants lined with pockets.  Favored by the school security."
  },
  {
    "id": "skirt_zhigh_cheer",
    "type": "ARMOR",
    "copy-from": "skirt",
    "name": { "str": "cheerleader skirt" },
    "description": "A short, breezy cotton skirt.  Unlike an ordinary skirt, this one has two pockets to store stuff.",
    "weight": "70 g",
    "volume": "225 ml",
    "price": "7000 USD",
    "price_postapoc": "100 USD",
    "color": "dark_gray",
    "storage": "500 ml",
    "warmth": 10,
    "material_thickness": 2,
    "flags": [ "POCKETS", "VARSIZE" ]
  },
  {
    "id": "XmasHat",
    "copy-from": "hat_cotton",
    "type": "ARMOR",
    "name": { "str": "santa hat" },
    "description": "A snug-fitting cotton hat.  Quite warm and perfect for holidays.",
    "warmth": 30
  },
  {
    "id": "armpouch",
    "type": "ARMOR",
    "name": { "str": "arm pouch", "str_pl": "arm pouches" },
    "description": "A makeshift bag, cobbled together from rags. Provides a decent amount of storage.",
    "weight": "560 g",
    "volume": "500 ml",
    "price": "100 USD",
    "price_postapoc": "10 USD",
    "to_hit": 1,
    "bashing": 1,
    "material": [ "cotton" ],
    "symbol": "[",
    "color": "light_gray",
    "covers": [ "arm_either" ],
    "coverage": 5,
    "encumbrance": 5,
    "storage": "2 L",
    "material_thickness": 1,
    "flags": [ "WAIST", "OVERSIZE", "WATER_FRIENDLY" ]
  },
  {
    "id": "legpouch",
    "type": "ARMOR",
    "name": { "str": "leg pouch", "str_pl": "leg pouches" },
    "description": "A makeshift bag, cobbled together from rags. Provides a decent amount of storage.",
    "weight": "560 g",
    "volume": "500 ml",
    "price": "100 USD",
    "price_postapoc": "10 USD",
    "to_hit": 1,
    "bashing": 1,
    "material": [ "cotton" ],
    "symbol": "[",
    "color": "light_gray",
    "covers": [ "leg_either" ],
    "coverage": 5,
    "encumbrance": 5,
    "storage": "2 L",
    "material_thickness": 1,
    "flags": [ "WAIST", "OVERSIZE", "WATER_FRIENDLY" ]
  },
  {
    "id": "jacket_leather_kevlar_mod",
    "type": "ARMOR",
    "name": { "str": "armored kevlar jacket" },
    "description": "An armored jacket made from thick leather and kevlar plates.  Cumbersome, but offers excellent protection from harm.",
    "weight": "2180 g",
    "volume": "6500 ml",
    "price": "17900 USD",
    "price_postapoc": "1500 USD",
    "to_hit": 1,
    "material": [ "leather", "kevlar" ],
    "symbol": "[",
    "looks_like": "jacket_leather_mod",
    "color": "dark_gray",
    "covers": [ "torso", "arms" ],
    "coverage": 90,
    "encumbrance": 24,
    "storage": "1 L",
    "warmth": 30,
    "material_thickness": 5,
    "environmental_protection": 1,
    "flags": [ "VARSIZE", "STURDY", "POCKETS", "OUTER" ]
  },
  {
    "id": "tshirtKev",
    "type": "ARMOR",
    "name": { "str": "kevlar t-shirt" },
    "description": "A short-sleeved kevlar shirt.",
    "weight": "310 g",
    "volume": "500 ml",
    "price": "800 USD",
    "price_postapoc": "50 USD",
    "material": [ "kevlar" ],
    "symbol": "[",
    "looks_like": "thermal_shirt",
    "color": "white",
    "armor_portion_data": [ { "covers": [ "torso" ], "coverage": 90 }, { "covers": [ "arms" ], "coverage": 40 } ],
    "warmth": 5,
    "material_thickness": 5,
    "flags": [ "VARSIZE" ]
  },
  {
    "id": "hat_witch_purp",
    "copy-from": "hat_ball",
    "type": "ARMOR",
    "name": { "str": "purple witch hat" },
    "description": "A witch hat, wearing it will provide no effects. At least it shields the sun rays."
  },
  {
    "id": "hat_witch_black",
    "copy-from": "hat_ball",
    "type": "ARMOR",
    "name": { "str": "black witch hat" },
    "description": "A witch hat, wearing it will provide no effects. At least it shields the sun rays."
  },
  {
    "id": "goggles_atomic_nv",
    "looks_like": "goggles_nv",
    "type": "TOOL_ARMOR",
    "category": "clothing",
    "symbol": "[",
    "color": "dark_gray",
    "name": { "str": "pair of atomic light amp goggles", "str_pl": "pairs of atomic light amp goggles" },
    "description": "A pair of atomic battery-powered goggles that amplify ambient light, allowing you to see in the dark.  Use it to turn them on. This model has an integrated atomic cell, which allows infinite power usage.",
    "flags": [ "FRAGILE" ],
    "price": "920 USD",
    "price_postapoc": "35 USD",
    "material": [ "plastic", "steel" ],
    "weight": "1020 g",
    "volume": "1 L",
    "to_hit": -3,
    "use_action": {
      "type": "transform",
      "msg": "You activate your %s.",
      "target": "goggles_atomic_nv_on",
      "active": true,
      "need_charges_msg": "The %s's batteries are dead."
    },
    "covers": [ "eyes" ],
    "warmth": 10,
    "environmental_protection": 6,
    "encumbrance": 20,
    "coverage": 100,
    "material_thickness": 2
  },
  {
    "id": "goggles_atomic_nv_on",
    "looks_like": "goggles_nv_on",
    "copy-from": "goggles_atomic_nv",
    "repairs_like": "goggles_atomic_nv",
    "type": "TOOL_ARMOR",
    "name": { "str_pl": "pairs of atomic light amp goggles (on)", "str": "pair of atomic light amp goggles (on)" },
    "description": "A pair of atomic battery-powered light amplifying goggles with an infrared illuminator, allowing you to see in the dark.  It is turned on, and continually draining batteries.  Use it to turn them off. This model has an integrated atomic cell, which allows infinite power usage.",
    "flags": [ "GNV_EFFECT", "FRAGILE", "TRADER_AVOID" ],
    "//": "2019 commercial models can operate at under 0.375W with the IR illuminator on",
    "revert_to": "goggles_atomic_nv",
    "use_action": { "type": "transform", "menu_text": "Turn off", "msg": "Your %s deactivates.", "target": "goggles_atomic_nv" },
    "warmth": 25,
    "encumbrance": 10
  },
  {
    "id": "goggles_atomic_ir",
    "looks_like": "goggles_ir",
    "type": "TOOL_ARMOR",
    "category": "clothing",
    "symbol": "[",
    "color": "dark_gray",
    "name": { "str": "pair of atomic infrared goggles", "str_pl": "pairs of atomic infrared goggles" },
    "description": "A pair of atomic battery-powered goggles that grant infrared vision, allowing you to see warm-blooded creatures in the dark.  Use it to turn them on. This model has an integrated atomic cell, which allows infinite power usage.",
    "flags": [ "FRAGILE" ],
    "price": "920 USD",
    "price_postapoc": "25 USD",
    "material": [ "plastic", "steel" ],
    "weight": "1240 g",
    "volume": "1 L",
    "to_hit": -3,
    "use_action": {
      "type": "transform",
      "msg": "You activate your %s.",
      "target": "goggles_atomic_ir_on",
      "active": true,
      "need_charges_msg": "The %s's batteries are dead."
    },
    "covers": [ "eyes" ],
    "warmth": 10,
    "environmental_protection": 6,
    "encumbrance": 20,
    "coverage": 100,
    "material_thickness": 2
  },
  {
    "id": "goggles_atomic_ir_on",
    "looks_like": "goggles_ir_on",
    "copy-from": "goggles_atomic_ir",
    "repairs_like": "goggles_atomic_ir",
    "type": "TOOL_ARMOR",
    "name": { "str": "pair of atomic infrared goggles (on)", "str_pl": "pairs of atomic infrared goggles (on)" },
    "description": "A pair of atomic battery-powered goggles that grant infrared vision, allowing you to see warm-blooded creatures in the dark.  Use it to turn them off. This model has an integrated atomic cell, which allows infinite power usage.",
    "flags": [ "IR_EFFECT", "FRAGILE", "TRADER_AVOID" ],
    "revert_to": "goggles_atomic_ir",
    "use_action": { "type": "transform", "menu_text": "Turn off", "msg": "Your %s deactivates.", "target": "goggles_atomic_ir" },
    "covers": [ "eyes" ],
    "warmth": 25,
    "encumbrance": 10
  },
  {
    "id": "goggles_atomic_multi",
    "looks_like": "goggles_ir",
    "type": "TOOL_ARMOR",
    "category": "clothing",
    "symbol": "[",
    "color": "dark_gray",
    "name": { "str": "pair of atomic multi-visor goggles", "str_pl": "pairs of atomic multi-visor goggles" },
    "description": "A pair of atomic battery-powered goggles that grant multi-vision, allowing you to see in the dark and see warm-blooded creatures in the dark.  Use it to turn them on. This model has an integrated atomic cell, which allows infinite power usage.",
    "flags": [ "FRAGILE" ],
    "price": "1820 USD",
    "price_postapoc": "50 USD",
    "material": [ "plastic", "steel" ],
    "weight": "1240 g",
    "volume": "1 L",
    "to_hit": -3,
    "use_action": {
      "type": "transform",
      "msg": "You activate your %s.",
      "target": "goggles_atomic_multi_on",
      "active": true,
      "need_charges_msg": "The %s's batteries are dead."
    },
    "covers": [ "eyes" ],
    "warmth": 10,
    "environmental_protection": 6,
    "encumbrance": 20,
    "coverage": 100,
    "material_thickness": 2
  },
  {
    "id": "goggles_atomic_multi_on",
    "looks_like": "goggles_ir_on",
    "copy-from": "goggles_atomic_multi",
    "repairs_like": "goggles_atomic_ir",
    "type": "TOOL_ARMOR",
    "name": { "str": "pair of atomic multi-visor goggles (on)", "str_pl": "pairs of atomic multi-visor goggles (on)" },
    "description": "A pair of atomic battery-powered goggles that grant multi-vison, allowing you to see in the dark and see warm-blooded creatures in the dark.  Use it to turn them off. This model has an integrated atomic cell, which allows infinite power usage.",
    "flags": [ "GNV_EFFECT", "IR_EFFECT", "FRAGILE", "TRADER_AVOID" ],
    "revert_to": "goggles_atomic_ir",
    "use_action": { "type": "transform", "menu_text": "Turn off", "msg": "Your %s deactivates.", "target": "goggles_atomic_ir" },
    "covers": [ "eyes" ],
    "warmth": 25,
    "encumbrance": 10
  },
  {
    "id": "doorgunnervest",
    "type": "ARMOR",
    "name": { "str": "door gunner's vest", "str_pl": "door gunner's vests" },
    "description": "A modified version of Modular Bullet Resistant Vest.  Its armor pouches have chunks of kevlar in them, and the whole kevlar vest on outer side, giving it extra protection with flexibility loss and additional weight.  It has four pouches capable of carrying magazines.",
    "weight": "6460 g",
    "volume": "6 L",
    "price": "750 USD",
    "price_postapoc": "50 USD",
    "to_hit": -3,
    "bashing": 8,
    "material": [ "kevlar" ],
    "symbol": "[",
    "looks_like": "kevlar",
    "color": "light_cyan",
    "covers": [ "torso" ],
    "coverage": 95,
    "encumbrance": 25,
    "storage": "1 L",
    "warmth": 15,
    "material_thickness": 12,
    "use_action": {
      "type": "holster",
      "holster_prompt": "Stash ammo",
      "holster_msg": "You stash your %s.",
      "multi": 4,
      "min_volume": "250 ml",
      "max_volume": "1 L",
      "draw_cost": 60,
      "flags": [ "MAG_COMPACT" ]
    },
    "flags": [ "STURDY", "OUTER" ]
  },
  {
    "id": "survExoframe",
    "type": "ARMOR",
    "name": { "str": "survivor's exoskelton - basic" },
    "description": "Based on some commercial weight lifting devices, this crappy looking exoskeleton was created. Every spring helps the user to loft and carry stuff better, and one could also fire a heavy mounted gun from one's hip. The drawback is that it is highly encumbering, and it does gives the wearer almost no protection.",
    "weight": "13000 g",
    "volume": "19500 ml",
    "price": "650 USD",
    "price_postapoc": "180 USD",
    "to_hit": -5,
    "bashing": 16,
    "material": [ "steel", "leather" ],
    "symbol": "[",
    "looks_like": "armor_larmor",
    "color": "light_gray",
    "covers": [ "torso", "legs", "arms" ],
    "coverage": 15,
    "encumbrance": 50,
    "warmth": 20,
    "material_thickness": 4,
    "flags": [ "STURDY", "OUTER", "HEAVY_WEAPON_SUPPORT", "STURDY" ],
    "weight_capacity_bonus": "35 kg"
  },
  {
    "id": "ammoBag",
    "type": "TOOL_ARMOR",
    "category": "clothing",
    "name": { "str": "ammo bag", "str_pl": "ammo bags" },
    "description": "This is a portable bag, originally intended to allow soldiers to carry extra ammunition. Somehow you could 'get' the ammo that you need by using this.",
    "material": [ "plastic", "aluminum" ],
    "symbol": ";",
    "color": "blue",
    "weight": "3539 g",
    "volume": "17 L",
    "price": "5 USD",
    "price_postapoc": "1 USD",
    "ammo": "battery",
    "covers": [ "torso" ],
    "coverage": 25,
    "rigid": false,
    "encumbrance": 14,
    "max_encumbrance": 70,
    "storage": "40 L",
    "warmth": 10,
    "material_thickness": 2,
    "flags": [ "OVERSIZE", "BELTED", "ONLY_ONE", "ALLOWS_REMOTE_USE", "ALLOWS_NATURAL_ATTACKS" ],
    "magazines": [
      [
        "battery",
        [
          "heavy_battery_cell",
          "heavy_plus_battery_cell",
          "heavy_atomic_battery_cell",
          "heavy_disposable_cell",
          "medium_battery_cell",
          "medium_plus_battery_cell",
          "medium_atomic_battery_cell",
          "medium_disposable_cell",
          "light_disposable_cell",
          "light_minus_disposable_cell",
          "light_battery_cell",
          "light_plus_battery_cell",
          "light_minus_battery_cell",
          "light_atomic_battery_cell",
          "light_minus_atomic_battery_cell"
        ]
      ]
    ],
    "magazine_well": "2 L"
  },
  {
    "id": "doom_fullhelmet",
    "repairs_like": "xlkevlar",
    "type": "ARMOR",
    "name": { "str": "cool cosplay helmet" },
    "description": "An all-encompassing tan helmet that covers your entire face and neck, providing simple protection from all sorts of damage.",
    "weight": "1324 g",
    "volume": "2 L",
    "price": "500 USD",
    "price_postapoc": "10 USD",
    "to_hit": -1,
    "bashing": 6,
    "material": [ "kevlar", "plastic" ],
    "symbol": "[",
    "looks_like": "tac_fullhelmet",
    "color": "dark_gray",
    "covers": [ "head", "eyes", "mouth" ],
    "coverage": 100,
    "encumbrance": 15,
    "warmth": 15,
    "material_thickness": 3,
    "environmental_protection": 1,
    "techniques": [ "WBLOCK_1" ],
    "flags": [ "VARSIZE", "STURDY", "SUN_GLASSES" ]
  },
  {
    "id": "doom_vest",
    "repairs_like": "survivor_suit",
    "type": "ARMOR",
    "name": { "str": "cool cosplay vest" },
    "description": "A cool cosplay vest, easy to wear but offer nearly no protection.",
    "weight": "2060 g",
    "volume": "4 L",
    "price": "19 USD",
    "price_postapoc": "20 USD",
    "to_hit": -3,
    "bashing": 6,
    "material": [ "kevlar" ],
    "symbol": "[",
    "looks_like": "dragonskin",
    "color": "light_red",
    "covers": [ "torso" ],
    "coverage": 25,
    "encumbrance": 6,
    "warmth": 10,
    "material_thickness": 2,
    "use_action": {
      "type": "holster",
      "holster_prompt": "Stash ammo",
      "holster_msg": "You stash your %s.",
      "multi": 4,
      "min_volume": "250 ml",
      "max_volume": "750 ml",
      "draw_cost": 80,
      "flags": [ "MAG_COMPACT" ]
    },
    "flags": [ "STURDY", "VARSIZE", "OUTER" ]
  },
  {
    "id": "utility_belt",
    "copy-from": "webbing_belt",
    "type": "ARMOR",
    "material": [ "nylon", "steel", "leather" ],
    "name": { "str": "utility belt" },
    "use_action": {
      "type": "holster",
      "holster_prompt": "Stick what into your belt?",
      "holster_msg": "You tuck your %s into your %s",
      "multi": 5,
      "max_volume": "1550 ml",
      "max_weight": "5500 g",
      "min_volume": "5 ml",
      "draw_cost": 30,
      "flags": [ "SHEATH_KNIFE", "BELT_CLIP" ]
    },
    "storage": "5 L",
    "flags": [ "WAIST", "WATER_FRIENDLY" ]
  },
  {
    "id": "container_kappa",
    "copy-from": "badge_abstract",
    "type": "ARMOR",
    "name": { "str": "Secure container Kappa" },
    "description": "A secret Phoenix corp invention - the Kappa secured container. \n <color_yellow>Presented by Phoenix corp.</color>",
    "material": [ "steel", "plastic" ],
    "price_postapoc": "500 USD",
    "storage": "5 L",
    "volume": "4 L",
    "weight": "2000 g"
  }
]