[
  {
    "id": "retool_bolt",
    "looks_like": "blowpipe",
    "type": "GUNMOD",
    "name": { "str": "tong-a (bows)" },
    "description": "Just a narrow wooden barrel cut in half. By adding this to a bow, you can shoot bolts instead of arrows. Adds damage, but hard to aim accurately.",
    "weight": "100 g",
    "volume": "200 ml",
    "integral_volume": 0,
    "price": "420 USD",
    "material": "wood",
    "symbol": ":",
    "color": "green",
    "location": "accessories",
    "mod_target_category": [ [ "BOWS" ] ],
    "acceptable_ammo": [ "arrow" ],
    "dispersion_modifier": 45,
    "damage_modifier": { "damage_type": "stab", "amount": 15 },
    "ammo_modifier": [ "bolt" ]
  },
  {
    "id": "retool_arrow",
    "looks_like": "blowpipe",
    "type": "GUNMOD",
    "name": { "str": "tong-a (crossbows)" },
    "description": "Just a narrow wooden barrel cut in half. By adding this to a bow, you can shoot arrows instead of bolts. Adds damage, but hard to aim accurately.",
    "weight": "100 g",
    "volume": "200 ml",
    "integral_volume": 0,
    "price": "420 USD",
    "material": "wood",
    "symbol": ":",
    "color": "green",
    "location": "accessories",
    "mod_target_category": [ [ "S_XBOWS", "M_XBOWS" ] ],
    "acceptable_ammo": [ "bolt" ],
    "dispersion_modifier": 45,
    "damage_modifier": { "damage_type": "stab", "amount": -5 },
    "ammo_modifier": [ "arrow" ]
  },
  {
    "id": "bipodgrip",
    "type": "GUNMOD",
    "name": { "str": "bipod grip" },
    "description": "A grip placed forward on the barrel allows for greater control.  Not as effective as a bipod but usable under all conditions. Added bipods are commonly used on rifles and machine guns to provide a forward rest and reduce motion.  Although they greatly improve handling of recoil they are usable only on certain surfaces and are slow to equip.",
    "weight": "468 g",
    "volume": "619 ml",
    "price": "7600 USD",
    "price_postapoc": "900 USD",
    "to_hit": -1,
    "bashing": 10,
    "material": "steel",
    "symbol": ":",
    "color": "brown",
    "location": "underbarrel",
    "mod_target_category": [
      [ "RIFLES" ],
      [ "MACHINE_GUNS" ],
      [ "GATLING_GUNS" ],
      [ "GRENADE_LAUNCHERS" ],
      [ "ROCKET_LAUNCHERS" ],
      [ "FLAMETHROWERS" ]
    ],
    "handling_modifier": 65,
    "flags": [ "BIPOD", "PUMP_RAIL_COMPATIBLE", "SLOW_WIELD" ]
  },
  {
    "id": "bipodgrip_mod",
    "copy-from": "bipodgrip",
    "type": "GUNMOD",
    "name": { "str": "modified bipod grip" },
    "description": "A grip placed forward on the barrel allows for greater control.  Not as effective as a bipod but usable under all conditions. Added bipods are commonly used on rifles and machine guns to provide a forward rest and reduce motion.  Although they greatly improve handling of recoil they are usable only on certain surfaces and are slow to equip. This one was modified and customized to mount on pretty much any weapon, if you so want.",
    "mod_target_category": [
      [ "PISTOLS" ],
      [ "REVOLVERS" ],
      [ "SUBMACHINE_GUNS" ],
      [ "RIFLES" ],
      [ "MACHINE_GUNS" ],
      [ "GATLING_GUNS" ],
      [ "SHOTGUNS" ],
      [ "S_XBOWS" ],
      [ "M_XBOWS" ],
      [ "GRENADE_LAUNCHERS" ],
      [ "ROCKET_LAUNCHERS" ],
      [ "FLAMETHROWERS" ]
    ]
  },
  {
    "id": "fanning",
    "looks_like": "scrap",
    "type": "GUNMOD",
    "name": { "str": "fanning mod" },
    "description": "As someone uses the revolver, the person thought it will be easier to shoot more if it's modified in a correct order. Now, by using this, the modified gun can shoot it's bullets in full auto. The only drawback is that it empties all or half of the cartridges in the cylinder.",
    "weight": "70 g",
    "volume": "60 ml",
    "integral_volume": "0 ml",
    "integral_weight": "0 g",
    "price": "250 USD",
    "price_postapoc": "5 USD",
    "material": [ "steel" ],
    "symbol": ":",
    "color": "red",
    "location": "accessories",
    "mod_target_category": [ [ "REVOLVERS" ] ],
    "install_time": "5 m",
    "dispersion_modifier": 20,
    "mode_modifier": [ [ "BURST", "3 round fanning", 3 ], [ "AUTO", "fanning", 6 ] ]
  },
  {
    "id": "glockAuto",
    "looks_like": "scrap",
    "type": "GUNMOD",
    "name": { "str": "glock automatic accessory" },
    "description": "Compared to Glock 18, other models could not use full auto due to many reasons, and law was one of them. Now however, there is nobody to stop you - unless you do not like pistols going BRRRRRRRRT!",
    "weight": "70 g",
    "volume": "60 ml",
    "integral_volume": "0 ml",
    "integral_weight": "0 g",
    "price": "250 USD",
    "price_postapoc": "5 USD",
    "material": [ "steel" ],
    "symbol": ":",
    "color": "red",
    "location": "accessories",
    "mod_targets": [ 
         "glock_17", 
         "glock_19", 
         "glock_21", 
         "glock_22", 
         "glock_31"  
      ],
    "install_time": "5 m",
    "dispersion_modifier": 20,
    "mode_modifier": [ [ "BURST", "3 rd.", 3 ], [ "AUTO", "full auto", 4 ] ]
  },
  {
    "id": "recoil_gel",
    "looks_like": "cheek_pad",
    "type": "GUNMOD",
    "name": { "str": "recoil gel pad" },
    "description": "This single red rubber-like thing with rubber-like straps is used over a grip(so it is not a grip), and lowers recoil.",
    "weight": "75 g",
    "volume": "80 ml",
    "integral_volume": "0 ml",
    "integral_weight": "0 g",
    "price": "40 USD",
    "price_postapoc": "850 cent",
    "material": [ "rubber" ],
    "symbol": ":",
    "color": "dark_gray",
    "location": "accessories",
    "mod_target_category": [
      [ "PISTOLS" ],
      [ "REVOLVERS" ],
      [ "SUBMACHINE_GUNS" ],
      [ "RIFLES" ],
      [ "MACHINE_GUNS" ],
      [ "GATLING_GUNS" ],
      [ "BOWS" ],
      [ "S_XBOWS" ],
      [ "M_XBOWS" ],
      [ "GRENADE_LAUNCHERS" ],
      [ "ROCKET_LAUNCHERS" ],
      [ "FLAMETHROWERS" ]
    ],
    "dispersion_modifier": -10
  },
  {
    "id": "rifleNadeHandmade",
    "type": "GUNMOD",
    "name": { "str": "handmade rifle grenade launcher" },
    "description": "This is a home built launcher tube that can be attached to almost any infantry, bullet shooting firearms.  It allows a single rock-sized ammo to be loaded and fired.  Light and long ranged, but not that useful.",
    "weight": "200 g",
    "volume": "150 ml",
    "price": "250 USD",
    "price_postapoc": "5 USD",
    "material": [ "steel", "plastic" ],
    "symbol": ":",
    "color": "light_gray",
    "location": "muzzle",
    "mod_target_category": [
      [ "SUBMACHINE_GUNS" ],
      [ "RIFLES" ],
      [ "MACHINE_GUNS" ],
      [ "SHOTGUNS" ],
      [ "PISTOLS" ]
    ],
    "flags": [ "DISABLE_SIGHTS", "RELOAD_AND_SHOOT", "RELOAD_ONE", "NEVER_JAMS" ],
    "gun_data": { 
          "ammo": "rock", 
          "skill": "launcher", 
          "range": 18,
          "ranged_damage": { "damage_type": "bash", "amount": 10 },
          "dispersion": 350, 
          "durability": 10, 
          "clip_size": 1 
        }
  },
  {
    "id": "xbow_string_flesh",
    "looks_like": "xbow_string",
    "type": "GUNMOD",
    "name": { "str": "sinew bowstring" },
    "description": "A handmade sinew bowstring designed for crossbows.  It allows bolts to hit harder and fly faster, but it's bit too high-tension to use in a regular bow.",
    "weight": "50 g",
    "volume": "250 ml",
    "integral_volume": "0 ml",
    "price": "5 USD",
    "price_postapoc": "250 cent",
    "material": [ "flesh" ],
    "symbol": ":",
    "color": "brown",
    "location": "mechanism",
    "mod_target_category": [ [ "S_XBOWS" ], [ "M_XBOWS" ] ],
    "damage_modifier": [ { "damage_type": "stab", "amount": 7 }, { "damage_type": "bash", "amount": 7 } ],
    "range_modifier": 3
  }
]