[
  {
    "type": "AMMO",
    "id": "beanbag",
    "symbol": "*",
    "color": "light_gray",
    "name": { "str": "beanbag" },
    "description": "A beanbag the size of a baseball.  Makes a lame melee weapon, but is good for throwing at enemies.",
    "category": "spare_parts",
    "material": [ "stone", "cotton" ],
    "ammo_type": "rock",
    "weight": "200 g",
    "volume": "250 ml",
    "bashing": 5,
    "damage": { "damage_type": "bash", "amount": 5 },
    "range": 10,
    "dispersion": 14,
    "loudness": 0,
    "to_hit": -1,
    "flags": [ "NOGIB" ],
    "thrown_damage": [ { "damage_type": "bash", "amount": 6 } ],
    "effects": [ "BEANBAG", "NEVER_MISFIRES", "NON_FOULING" ]
  },
  {
    "type": "AMMO",
    "id": "rock_molotov",
    "looks_like": "molotov",
    "symbol": "*",
    "color": "light_gray",
    "name": { "str": "sling throwable molotov" },
    "description": "A throwable molotov.  A bottle of flammable liquid with a rag inserted. Since it is made specially, it activates instantly when hit.",
    "material": [ "glass", "cotton" ],
    "ammo_type": "rock",
    "weight": "200 g",
    "volume": "250 ml",
    "bashing": 5,
    "damage": { "damage_type": "bash", "amount": 3 },
    "range": 10,
    "dispersion": 14,
    "loudness": 0,
    "to_hit": -1,
    "effects": [ "FLAME", "NEVER_MISFIRES", "NON_FOULING" ]
  },
  {
    "type": "AMMO",
    "id": "rock_shot",
    "looks_like": "beanbag",
    "symbol": "*",
    "color": "light_gray",
    "name": { "str": "bag of pebbles" },
    "description": "A bag of pebbles, which is the size of a baseball.  Not good as an actual shotgun, but is good for shooting at multiple enemies.",
    "category": "spare_parts",
    "material": [ "stone", "cotton" ],
    "ammo_type": "rock",
    "weight": "200 g",
    "volume": "250 ml",
    "bashing": 5,
    "damage": { "damage_type": "bash", "amount": 3 },
    "range": 0,
    "dispersion": 14,
    "loudness": 0,
    "to_hit": -1,
    "shape": [ "cone", { "half_angle": 15, "length": 6 } ],
    "effects": [ "NEVER_MISFIRES", "NON_FOULING" ]
  },
  {
    "id": "cannon_nuke_shell",
    "copy-from": "cannon_round_ball",
    "type": "AMMO",
    "name": { "str": "mininuke cannon shell" },
    "description": "A bundle of wadding, black gunpowder, and a tightly-packed explosive shell with a percussion fuse.  A Civil War era \"common shell\" for cannons of 3-inch bore, whatever it hits probably won't live to regret it. Especially when they are showered with radiation.",
    "//": "Exact weight of component items.",
    "weight": "5051 g",
    "volume": "1 L",
    "price": "200 USD",
    "price_postapoc": "20 USD",
    "looks_like": "cannon_round_ball",
    "//2": "Base damage of 544, rounded down to 450 to be close to 25% that of round shot, balanced as FMJ.",
    "damage": { "damage_type": "bullet", "amount": 500, "armor_penetration": 315 },
    "dispersion": 500,
    "range": 70,
    "recoil": 52500,
    "extend": { "effects": [ "MININUKE_MOD", "FRAG" ] }
  },
  {
    "id": "cannon_donk_shell",
    "copy-from": "cannon_round_ball",
    "type": "AMMO",
    "name": { "str": "bombard cannon shell" },
    "description": "A bundle of wadding, black gunpowder, and a tightly-packed explosive shell with a percussion fuse.  A Civil War era \"common shell\" for cannons of 3-inch bore, whatever it hits probably won't live to regret it. Leaves an active bomb at the target, whoch explodes later.",
    "//": "Exact weight of component items.",
    "weight": "5051 g",
    "volume": "1 L",
    "price": "200 USD",
    "price_postapoc": "20 USD",
    "drop": "improvised_pipebomb_act",
    "looks_like": "cannon_round_ball",
    "//2": "Base damage of 544, rounded down to 450 to be close to 25% that of round shot, balanced as FMJ.",
    "damage": { "damage_type": "bullet", "amount": 450, "armor_penetration": 355 },
    "dispersion": 500,
    "range": 70,
    "recoil": 52500
  },
  {
    "id": "cannon_buck_shell",
    "copy-from": "cannon_round_ball",
    "type": "AMMO",
    "name": { "str": "grapeshot cannon shell" },
    "description": "A bundle of wadding, black gunpowder, and a tightly-packed explosive shell with a percussion fuse.  A Civil War era \"common shell\" for cannons of 3-inch bore, whatever it hits probably won't live to regret it.",
    "//": "Exact weight of component items.",
    "weight": "5051 g",
    "volume": "1 L",
    "price": "200 USD",
    "price_postapoc": "20 USD",
    "looks_like": "cannon_round_ball",
    "range": 0,
    "damage": { "damage_type": "bullet", "amount": 150, "armor_penetration": 100 },
    "proportional": { "recoil": 0.6, "loudness": 0.8, "dispersion": 1.2 },
    "shape": [ "cone", { "half_angle": 20, "length": 50 } ],
    "extend": { "effects": [ "BLACKPOWDER" ] }
  },
  {
    "id": "cannon_dragon_shell",
    "copy-from": "cannon_round_ball",
    "type": "AMMO",
    "name": { "str": "dragon's breath cannon shell" },
    "description": "A bundle of wadding, black gunpowder, and a tightly-packed explosive shell with a percussion fuse.  A Civil War era \"common shell\" for cannons of 3-inch bore, whatever it hits probably won't live to regret it.",
    "//": "Exact weight of component items.",
    "weight": "5051 g",
    "volume": "1 L",
    "price": "200 USD",
    "price_postapoc": "20 USD",
    "looks_like": "cannon_round_ball",
    "range": 0,
    "damage": { "damage_type": "bullet", "amount": 50, "armor_penetration": 150 },
    "proportional": { "recoil": 0.6, "loudness": 0.8, "dispersion": 1.2 },
    "shape": [ "cone", { "half_angle": 10, "length": 40 } ],
    "extend": { "effects": [ "INCENDIARY", "BLACKPOWDER", "STREAM", "NOGIB" ] }
  },
  {
    "type": "AMMO",
    "id": "sling_grenade",
    "looks_like": "grenade",
    "symbol": "*",
    "color": "light_gray",
    "name": { "str": "shootable grenade" },
    "description": "A grenade modified with some steel scraps, which makes you to throw this (using a staff sling) at a longer range.",
    "material": [ "steel", "plastic" ],
    "ammo_type": "rock",
    "weight": "400 g",
    "volume": "250 ml",
    "bashing": 5,
    "damage": { "damage_type": "bash", "amount": 5 },
    "range": 70,
    "dispersion": 14,
    "loudness": 0,
    "to_hit": -1,
    "drop": "grenade_act",
    "effects": [ "NOGIB", "NEVER_MISFIRES" ]
  },
  {
    "type": "AMMO",
    "id": "sling_improvised_grenade",
    "copy-from": "sling_grenade",
    "looks_like": "improvised_grenade",
    "name": { "str": "shootable improvised grenade" },
    "description": "An improvised grenade modified with some steel scraps, which makes you to throw this (using a staff sling) at a longer range.",
    "drop": "improvised_grenade_act"
  },
  {
    "type": "AMMO",
    "id": "sling_emp_grenade",
    "copy-from": "sling_grenade",
    "looks_like": "grenade_emp",
    "name": { "str": "shootable emp grenade" },
    "description": "An emp grenade modified with some steel scraps, which makes you to throw this (using a staff sling) at a longer range.",
    "drop": "grenade_emp_act"
  },
  {
    "type": "AMMO",
    "id": "sling_inc_grenade",
    "copy-from": "sling_grenade",
    "looks_like": "grenade_inc",
    "name": { "str": "shootable incendiary grenade" },
    "description": "An incendiary grenade modified with some steel scraps, which makes you to throw this (using a staff sling) at a longer range.",
    "drop": "grenade_inc_act"
  },
  {
    "type": "AMMO",
    "id": "sling_scrambler_grenade",
    "copy-from": "sling_grenade",
    "looks_like": "scrambler",
    "name": { "str": "shootable scrambler grenade" },
    "description": "A scrambler grenade modified with some steel scraps, which makes you to throw this (using a staff sling) at a longer range.",
    "drop": "scrambler_act"
  },
  {
    "type": "AMMO",
    "id": "sling_gasbomb",
    "copy-from": "sling_grenade",
    "looks_like": "gasbomb",
    "name": { "str": "shootable tear gas canister" },
    "description": "An tear gas canister modified with some steel scraps, which makes you to throw this (using a staff sling) at a longer range.",
    "drop": "gasbomb_act"
  },
  {
    "type": "AMMO",
    "id": "sling_insecticidalbomb",
    "copy-from": "sling_grenade",
    "looks_like": "insecticidalbomb",
    "name": { "str": "shootable insecticidal gas canister" },
    "description": "An insecticidal gas canister modified with some steel scraps, which makes you to throw this (using a staff sling) at a longer range.",
    "drop": "insecticidalbomb_act"
  },
  {
    "type": "AMMO",
    "id": "sling_pipebomb",
    "copy-from": "sling_grenade",
    "looks_like": "improvised_pipebomb",
    "name": { "str": "shootable pipe bomb" },
    "description": "A pipe bomb modified with some steel scraps, which makes you to throw this (using a staff sling) at a longer range.",
    "drop": "improvised_pipebomb_act"
  },
  {
    "type": "AMMO",
    "id": "sling_smokebomb",
    "copy-from": "sling_grenade",
    "looks_like": "smokebomb",
    "name": { "str": "shootable smoke bomb" },
    "description": "A smoke bomb modified with some steel scraps, which makes you to throw this (using a staff sling) at a longer range.",
    "drop": "smokebomb_act"
  },
  {
    "type": "AMMO",
    "id": "sling_acidbomb",
    "copy-from": "sling_grenade",
    "looks_like": "acidbomb",
    "name": { "str": "shootable acid bomb" },
    "description": "A acid bomb modified with some steel scraps, which makes you to throw this (using a staff sling) at a longer range.",
    "effects": [ "NOGIB", "ACIDBOMB", "NEVER_MISFIRES" ]
  },
  {
    "type": "AMMO",
    "id": "sling_flashbang",
    "copy-from": "sling_grenade",
    "looks_like": "flashbang",
    "name": { "str": "shootable flashbang" },
    "description": "A flashbang modified with some steel scraps, which makes you to throw this (using a staff sling) at a longer range.",
    "drop": "flashbang_act"
  },
  {
    "type": "AMMO",
    "id": "sling_dynamite",
    "copy-from": "sling_grenade",
    "looks_like": "dynamite",
    "name": { "str": "shootable dynamite" },
    "description": "A dynamite modified with some steel scraps, which makes you to throw this (using a staff sling) at a longer range.",
    "drop": "dynamite_act"
  },
  {
    "type": "AMMO",
    "id": "sling_fungicidalbomb",
    "copy-from": "sling_grenade",
    "looks_like": "fungicidalbomb",
    "name": { "str": "shootable fungicidal gas grenade" },
    "description": "A fungicidal gas grenade modified with some steel scraps, which makes you to throw this (using a staff sling) at a longer range.",
    "drop": "fungicidalbomb_act"
  },
  {
    "type": "AMMO",
    "id": "sling_zap_grenade",
    "copy-from": "sling_grenade",
    "looks_like": "zap_grenade",
    "name": { "str": "shootable zapper grenade" },
    "description": "A zapper grenade modified with some steel scraps, which makes you to throw this (using a staff sling) at a longer range.",
    "drop": "zap_grenade_act"
  },
  {
    "type": "AMMO",
    "id": "sling_rad_grenade",
    "copy-from": "sling_grenade",
    "looks_like": "rad_grenade",
    "name": { "str": "shootable radioactive grenade" },
    "description": "A radioactive grenade modified with some steel scraps, which makes you to throw this (using a staff sling) at a longer range.",
    "drop": "rad_grenade_act"
  },
  {
    "type": "AMMO",
    "id": "sling_cryo_grenade",
    "copy-from": "sling_grenade",
    "looks_like": "cryo_grenade",
    "name": { "str": "shootable cryo grenade" },
    "description": "A cryo grenade modified with some steel scraps, which makes you to throw this (using a staff sling) at a longer range.",
    "drop": "cryo_grenade_act"
  },
  {
    "type": "AMMO",
    "id": "sling_rubberball",
    "copy-from": "rock",
    "name": { "str": "shootable rubber ball" },
    "description": "An improvised rubber ball, which makes you to throw this (using a staff sling) at a longer range.",
    "damage": { "damage_type": "bash", "amount": 8 },
    "drop": "sling_rubberball",
    "effects": [ "NOGIB", "BOUNCE", "BEANBAG", "NEVER_MISFIRES" ]
  },
  {
    "type": "AMMO",
    "id": "paintball_acid",
    "price": "10 USD",
    "price_postapoc": "5 USD",
    "name": { "str": "acid paintball" },
    "symbol": "=",
    "color": "green",
    "description": "A tube of small paintballs.  They deal virtually no damage, but they do burst on impact.",
    "material": "plastic",
    "volume": "250 ml",
    "weight": "1 g",
    "ammo_type": "paintball",
    "damage": { "damage_type": "bullet", "amount": 2 },
    "dispersion": 100,
    "count": 50,
    "stack_size": 50,
    "loudness": 9,
    "effects": [ "NOGIB", "ACIDBOMB", "NEVER_MISFIRES" ]
  },
  {
    "type": "AMMO",
    "copy-from": "paintball",
    "id": "paintball_shot",
    "name": { "str": "shot paintball" },
    "description": "A tube of small paintballs.  They deal virtually no damage.",
    "damage": { "damage_type": "bullet", "amount": 1 },
    "range": 0,
    "stack_size": 50,
    "shape": [ "cone", { "half_angle": 45, "length": 5 } ]
  },
  {
    "type": "AMMO",
    "id": "paintball_exp",
    "price": "100 USD",
    "price_postapoc": "50 USD",
    "name": { "str": "explosive paintball" },
    "symbol": "=",
    "color": "yellow",
    "description": "A tube of small paintballs.  They deal virtually no damage, but they will blow up if it hits. Well, it is almost a ball filled with gunpowder.",
    "material": "plastic",
    "volume": "250 ml",
    "weight": "100 g",
    "range": 10,
    "ammo_type": "paintball",
    "damage": { "damage_type": "bullet", "amount": 3 },
    "dispersion": 100,
    "count": 50,
    "stack_size": 50,
    "loudness": 9,
    "effects": [ "NOGIB", "FLARE", "NEVER_MISFIRES" ]
  },
  {
    "type": "AMMO",
    "id": "paintball_beanb",
    "price": "10 USD",
    "price_postapoc": "5 USD",
    "name": { "str": "beanbag paintball" },
    "symbol": "=",
    "color": "yellow",
    "description": "A tube of small paintballs.  They deal virtually no damage, but they will blind you if it hit you at your eyes. Well, it is almost a ball of hard rubber.",
    "material": "plastic",
    "volume": "250 ml",
    "weight": "1 g",
    "ammo_type": "paintball",
    "damage": { "damage_type": "bullet", "amount": 1 },
    "dispersion": 100,
    "count": 50,
    "stack_size": 50,
    "loudness": 9,
    "effects": [ "NOGIB", "BEANBAG", "BOUNCE", "BLINDS_EYES", "NEVER_MISFIRES" ]
  },
  {
    "type": "AMMO",
    "id": "paintball_glow",
    "price": "10 USD",
    "price_postapoc": "5 USD",
    "name": { "str": "glow in the dark paintball" },
    "symbol": "=",
    "color": "magenta",
    "description": "A tube of small paintballs.  They deal virtually no damage, but they do glow in the dark when they are shot from a gun.",
    "material": "plastic",
    "volume": "250 ml",
    "weight": "1 g",
    "ammo_type": "paintball",
    "damage": { "damage_type": "bullet", "amount": 1 },
    "dispersion": 100,
    "count": 50,
    "stack_size": 50,
    "loudness": 9,
    "drop": "paintball_glow_glow",
    "effects": [ "NOGIB", "NEVER_MISFIRES" ]
  },
  {
    "id": "paintball_glow_glow",
    "type": "TOOL",
    "category": "tools",
    "name": { "str": "active glowing paintball" },
    "description": "This is an active glowing paintball and is producing light.  It will last for a few minutes before burning out.",
    "weight": "1 g",
    "volume": "2 ml",
    "to_hit": -1,
    "material": "plastic",
    "symbol": "*",
    "color": "pink",
    "initial_charges": 400,
    "max_charges": 400,
    "turns_per_charge": 40,
    "revert_to": "paintball_dead",
    "revert_msg": "The glowing paintball fades out.",
    "flags": [ "LIGHT_8", "TRADER_AVOID", "SLEEP_IGNORE" ]
  },
  {
    "type": "AMMO",
    "id": "paintball_dead",
    "copy-from": "paintball",
    "name": { "str": "dead glowing paintball" },
    "color": "dark_gray"
  },
  {
    "type": "AMMO",
    "id": "paintball_tg",
    "price": "100 USD",
    "price_postapoc": "50 USD",
    "name": { "str": "pepperball" },
    "symbol": "=",
    "color": "yellow",
    "description": "A tube of small paintballs.  They deal virtually no damage, but they will let some tear gas.",
    "material": "plastic",
    "volume": "250 ml",
    "weight": "100 g",
    "range": 10,
    "ammo_type": "paintball",
    "damage": { "damage_type": "bullet", "amount": 4 },
    "dispersion": 100,
    "count": 50,
    "stack_size": 50,
    "loudness": 9,
    "effects": [ "NOGIB", "TEARGAS", "NEVER_MISFIRES" ]
  },
  {
    "id": "disc_golf",
    "copy-from": "disc_golf",
    "type": "AMMO",
    "ammo_type": "DISC_zhigh",
    "count": 80,
    "stack_size": 80,
    "name": { "str": "disc" },
    "damage": { "damage_type": "bullet", "amount": 3 },
    "thrown_damage": [ { "damage_type": "bash", "amount": 3 } ],
    "extend": { "effects": [ "HEAVY_HIT", "BOUNCE", "NO_EMBED" ] },
    "flags": [ "NOGIB", "NPC_THROWN" ]
  },
  {
    "id": "disc_compact",
    "copy-from": "disc_golf",
    "type": "AMMO",
    "ammo_type": "DISC_zhigh",
    "count": 50,
    "stack_size": 80,
    "description": "A plastic disc based on an actual CD, it is smaller than a normal disc.",
    "name": { "str": "compact disc" },
    "volume": "20 ml",
    "weight": "80 g",
    "effects": [ "NO_EMBED" ],
    "damage": { "damage_type": "bullet", "amount": 8 },
    "thrown_damage": [ { "damage_type": "bash", "amount": 8 } ],
    "bashing": 1,
    "flags": [ "NOGIB", "NPC_THROWN" ]
  },
  {
    "id": "disc_compact_serr",
    "copy-from": "disc_compact",
    "type": "AMMO",
    "ammo_type": "DISC_zhigh",
    "count": 50,
    "stack_size": 80,
    "name": { "str": "compact disc, sawblade" },
    "effects": [ "NO_EMBED" ],
    "damage": { "damage_type": "bullet", "amount": 5, "armor_penetration": 6 },
    "thrown_damage": [ { "damage_type": "bash", "amount": 6 } ],
    "cutting": 2,
    "flags": [ "NOGIB", "NPC_THROWN" ]
  },
  {
    "id": "disc_wood",
    "copy-from": "disc_compact",
    "type": "AMMO",
    "ammo_type": "DISC_zhigh",
    "name": { "str": "wooden disc" },
    "volume": "20 ml",
    "weight": "300 g",
    "bashing": 9,
    "count": 30,
    "stack_size": 80,
    "damage": { "damage_type": "bullet", "amount": 16 },
    "thrown_damage": [ { "damage_type": "bash", "amount": 16 } ],
    "extend": { "effects": [ "LARGE_BEANBAG", "NO_EMBED" ] }
  },
  {
    "id": "frisbee",
    "copy-from": "frisbee",
    "type": "AMMO",
    "ammo_type": "DISC_zhigh",
    "name": { "str": "frisbee" },
    "volume": "20 ml",
    "weight": "130 g",
    "count": 35,
    "stack_size": 80,
    "effects": [ "BEANBAG", "BOUNCE", "NO_EMBED" ],
    "damage": { "damage_type": "bullet", "amount": 6 },
    "thrown_damage": [ { "damage_type": "bash", "amount": 6 } ],
    "flags": [ "NOGIB", "NPC_THROWN" ]
  },
  {
    "id": "circsaw_blade",
    "copy-from": "circsaw_blade",
    "type": "AMMO",
    "ammo_type": "DISC_zhigh",
    "name": { "str": "circular sawblade" },
    "volume": "20 ml",
    "weight": "300 g",
    "count": 10,
    "stack_size": 50,
    "effects": [ "NO_EMBED" ],
    "damage": { "damage_type": "stab", "amount": 9, "armor_penetration": 9 },
    "thrown_damage": [ { "damage_type": "bash", "amount": 9 } ],
    "flags": [ "HURT_WHEN_WIELDED", "MESSY", "NPC_THROWN" ]
  },
  {
    "id": "shout_tp1",
    "looks_like": "money_bundle",
    "type": "AMMO",
    "name": { "str": "varied frequency" },
    "description": "Powered by your voice, a handful of scraps is some type of ammo now. Although it is loud, it does not deal a lot of damage.",
    "weight": "2 g",
    "volume": "20 ml",
    "price": "50 USD",
    "price_postapoc": "10 USD",
    "flags": [ "IRREPLACEABLE_CONSUMABLE" ],
    "material": [ "plastic" ],
    "symbol": "=",
    "color": "red",
    "count": 200,
    "stack_size": 200,
    "ammo_type": "NOISE_zhigh",
    "damage": { "damage_type": "bullet", "amount": 5 },
    "loudness": 50,
    "shape": [ "cone", { "half_angle": 30, "length": 7 } ],
    "effects": [ "NEVER_MISFIRES", "NON_FOULING", "SHOT" ]
  },
  {
    "id": "shout_tp2",
    "looks_like": "money_bundle",
    "type": "AMMO",
    "name": { "str": "single frequency" },
    "description": "Powered by your voice, a handful of scraps is some type of ammo now. Although it is loud, it does deal a bit of damage.",
    "weight": "2 g",
    "volume": "20 ml",
    "flags": [ "IRREPLACEABLE_CONSUMABLE" ],
    "material": [ "plastic" ],
    "symbol": "=",
    "color": "red",
    "count": 200,
    "stack_size": 200,
    "ammo_type": "NOISE_zhigh",
    "loudness": 50,
    "damage": { "damage_type": "bullet", "amount": 9 },
    "range": 12,
    "effects": [ "NEVER_MISFIRES", "NON_FOULING", "JET" ]
  },
  {
    "id": "ammo_cash",
    "type": "AMMO",
    "name": { "str": "bundle of paper" },
    "looks_like": "money_bundle",
    "description": "A bundle of paper, which is useable as an ammo for jokes. It has long range but almost no damage.",
    "weight": "2 g",
    "volume": "20 ml",
    "price": "5 USD",
    "price_postapoc": "3 USD",
    "flags": [ "IRREPLACEABLE_CONSUMABLE" ],
    "material": [ "paper" ],
    "symbol": "=",
    "color": "white",
    "count": 200,
    "stack_size": 200,
    "ammo_type": "MONEY_zhigh",
    "range": 5,
    "damage": { "damage_type": "bullet", "amount": 1 },
    "loudness": 2,
    "effects": [ "NEVER_MISFIRES", "NON_FOULING", "NOGIB" ]
  },
  {
    "id": "shot_coin",
    "copy-from": "shot_abstract",
    "type": "AMMO",
    "name": { "str": "coin shot" },
    "description": "A shell filled with coins.  Extremely damaging, but does not penetrate any armor.",
    "damage": { "damage_type": "bullet", "amount": 90, "armor_multiplier": 0 },
    "range": 0,
    "shape": [ "cone", { "half_angle": 10, "length": 8 } ]
  },
  {
    "id": "shot_slug_ap",
    "copy-from": "shot_slug",
    "type": "AMMO",
    "name": { "str": "shotgun slug, armor piercing" },
    "description": "A heavy and sharp metal slug used with shotguns to give them the range capabilities of a rifle.  Not that damaging, but pretty accurate.",
    "relative": { "range": 18, "damage": { "damage_type": "bullet", "amount": -18, "armor_penetration": 30, "armor_multiplier": -1 } },
    "proportional": { "recoil": 1.4 }
  },
   {
    "id": "shot_flame",
    "copy-from": "shot_00",
    "type": "AMMO",
    "name": { "str": "dragon's breath slug" },
    "description": "A incendiary round for shotguns, very deadly. Unlike the shot version, this one shoots a line of flame like a flamethrower.",
    "price": "3500 USD",
    "count": 10,
    "flags": [ "IRREPLACEABLE_CONSUMABLE" ],
    "proportional": { "damage": { "damage_type": "stab", "amount": 3, "armor_penetration": 0.1 }, "recoil": 0.6, "loudness": 0.8 },
    "effects": [ "FLAME", "STREAM", "INCENDIARY", "NEVER_MISFIRES" ]
  },
  {
    "id": "shot_toxic",
    "copy-from": "shot_00",
    "type": "AMMO",
    "name": { "str": "toxic gas shot" },
    "description": "Shoots a line of toxic gas, and it gives a bit of a smokescreen. MY TOXIC BABES ARE IN POSITION!",
    "price": "3500 USD",
    "count": 10,
    "flags": [ "IRREPLACEABLE_CONSUMABLE" ],
    "proportional": { "damage": { "damage_type": "stab", "amount": 1.2 }, "recoil": 0.6, "loudness": 0.1 },
    "effects" : [ "TOXICGAS", "NEVER_MISFIRES", "JET" ]
  },
  {
    "id": "shot_fungi",
    "copy-from": "shot_00",
    "type": "AMMO",
    "name": { "str": "fungicide shot" },
    "description": "Shoots a line of anti-fungi gas, and it gives a bit of a smokescreen.",
    "price": "3500 USD",
    "count": 10,
    "flags": [ "IRREPLACEABLE_CONSUMABLE" ],
    "proportional": { "damage": { "damage_type": "stab", "amount": 0.8 }, "recoil": 0.4, "loudness": 0.2 },
    "effects" : [ "GAS_FUNGICIDAL", "STREAM_GAS_FUNGICIDAL", "NEVER_MISFIRES", "JET" ]
  },
  {
    "id": "shot_insecticidal",
    "copy-from": "shot_00",
    "type": "AMMO",
    "name": { "str": "insecticide shot" },
    "description": "Shoots a line of pest-killer gas, and it gives a bit of a smokescreen.",
    "price": "3500 USD",
    "count": 10,
    "flags": [ "IRREPLACEABLE_CONSUMABLE" ],
    "proportional": { "damage": { "damage_type": "stab", "amount": 0.4 }, "recoil": 0.2, "loudness": 0.3 },
    "effects" : [ "GAS_INSECTICIDAL", "STREAM_GAS_INSECTICIDAL", "NEVER_MISFIRES", "JET" ]
  },
  {
    "id": "shot_acid",
    "copy-from": "shot_00",
    "type": "AMMO",
    "name": { "str": "acid shot" },
    "description": "An acid round for shotguns, which leaves a puddle of corrosive acid.",
    "price": "3500 USD",
    "count": 10,
    "flags": [ "IRREPLACEABLE_CONSUMABLE" ],
    "proportional": { "damage": { "damage_type": "stab", "amount": 3, "armor_penetration": 0.1 }, "recoil": 0.6, "loudness": 0.8 },
    "effects": [ "ACIDBOMB", "NEVER_MISFIRES" ]
  },
  {
    "id": "shot_lightning",
    "copy-from": "shot_00",
    "type": "AMMO",
    "name": { "str": "lightning shot" },
    "description": "A lightning round for shotguns, which can shock a bunch of enemies.",
    "price": "3500 USD",
    "count": 10,
    "flags": [ "IRREPLACEABLE_CONSUMABLE" ],
    "proportional": { "damage": { "damage_type": "stab", "amount": 8, "armor_penetration": 0.1 }, "recoil": 0.6, "loudness": 0.8 },
    "effects": [ "LIGHTNING", "NEVER_MISFIRES" ]
  },
  {
    "id": "shot_emp_ins",
    "copy-from": "shot_00",
    "type": "AMMO",
    "name": { "str": "instant EMP shot" },
    "description": "An instant EMP for shotguns, useful against machines.",
    "price": "3500 USD",
    "count": 10,
    "flags": [ "IRREPLACEABLE_CONSUMABLE" ],
    "proportional": { "damage": { "damage_type": "stab", "amount": 0.2, "armor_penetration": 0.1 }, "recoil": 0.6, "loudness": 0.8 },
    "effects": [ "EMP", "DRAW_LASER_BEAM", "NEVER_MISFIRES" ]
  },
  {
    "id": "shot_flash_ins",
    "copy-from": "shot_00",
    "type": "AMMO",
    "name": { "str": "instant flashbang shot" },
    "description": "An instant flashbang round for shotguns, good for blinding others.",
    "price": "3500 USD",
    "count": 10,
    "flags": [ "IRREPLACEABLE_CONSUMABLE" ],
    "proportional": { "damage": { "damage_type": "stab", "amount": 3, "armor_penetration": 0.1 }, "recoil": 0.6, "loudness": 0.8 },
    "effects": [ "FLASHBANG", "NEVER_MISFIRES" ]
  },
  {
    "id": "shot_toxic_blast",
    "copy-from": "shot_00",
    "type": "AMMO",
    "name": { "str": "teargas cover shot" },
    "description": "A shotshell designed to provide teargas.",
    "price": "3500 USD",
    "count": 10,
    "flags": [ "IRREPLACEABLE_CONSUMABLE" ],
    "proportional": { "damage": { "damage_type": "stab", "amount": 0.2 }, "recoil": 0.6, "loudness": 0.8 },
    "drop": "gasbomb_act",
    "extend": { "effects": [ "TRAIL", "NO_EMBED" ] }
  },
  {
    "id": "shot_smoke",
    "copy-from": "shot_00",
    "type": "AMMO",
    "name": { "str": "smoke cover shot" },
    "description": "A shotshell designed to provide smoke cover.",
    "price": "3500 USD",
    "count": 10,
    "flags": [ "IRREPLACEABLE_CONSUMABLE" ],
    "proportional": { "damage": { "damage_type": "stab", "amount": 0.2 }, "recoil": 0.6, "loudness": 0.8 },
    "extend": { "effects": [ "TRAIL", "NO_EMBED", "SMOKE" ] }
  },
  {
    "id": "shot_flare",
    "copy-from": "shot_00",
    "looks_like": "bombard_flare",
    "type": "AMMO",
    "name": { "str": "flare shot" },
    "description": "A shotshell designed to shoot flares.",
    "price": "3500 USD",
    "count": 10,
    "flags": [ "IRREPLACEABLE_CONSUMABLE" ],
    "proportional": { "damage": { "damage_type": "stab", "amount": 0.2 }, "recoil": 1.6, "loudness": 3.8 },
    "drop": "handflare_lit",
    "extend": { "effects": "NO_EMBED" }
  },
  {
    "id": "shot_scrambler",
    "copy-from": "shot_00",
    "type": "AMMO",
    "name": { "str": "scrambler shot" },
    "description": "A shotshell designed to shoot scrambler grenades.",
    "price": "3500 USD",
    "count": 10,
    "flags": [ "IRREPLACEABLE_CONSUMABLE" ],
    "proportional": { "damage": { "damage_type": "stab", "amount": 0.2 }, "recoil": 0.6, "loudness": 0.8 },
    "drop": "scrambler_act",
    "extend": { "effects": "NO_EMBED" }
  },
  {
    "id": "shot_bola",
    "copy-from": "shot_slug",
    "type": "AMMO",
    "name": { "str": "bola shot" },
    "description": "Two pieces of heavy metal slug, tied with steel wires used with shotguns to give them the range capabilities of a rifle.  Not that damaging, but tangles enemies.",
    "relative": { "range": 18, "damage": { "damage_type": "bullet", "amount": -18 } },
    "proportional": { "recoil": 0.8 },
    "extend": { "effects": [ "TANGLE" ] }
  },
  {
    "id": "shot_web",
    "copy-from": "shot_slug",
    "type": "AMMO",
    "name": { "str": "web shot" },
    "description": "A slug-like pack, includes sticky web shot with shotguns to give them the range capabilities of a rifle.  Not that damaging, but tangles and webs enemies.",
    "relative": { "range": 14, "damage": { "damage_type": "bullet", "amount": -18 } },
    "proportional": { "recoil": 0.8 },
    "extend": { "effects": [ "TANGLE", "WEBAMMO" ] }
  },
  {
    "id": "powderFire",
    "type": "AMMO",
    "name": { "str": "fire extinguisher powder" },
    "description": "Some powder for extinguishing fire.",
    "weight": "2 g",
    "volume": "2 ml",
    "price": "50 USD",
    "price_postapoc": "10 USD",
    "flags": [ "IRREPLACEABLE_CONSUMABLE" ],
    "material": [ "powder" ],
    "symbol": "=",
    "color": "red",
    "count": 20,
    "stack_size": 20,
    "ammo_type": "powder_zhigh",
    "damage": { "damage_type": "bullet", "amount": 5 },
    "loudness": 1,
    "range": 7,
    "effects": [ "NEVER_MISFIRES", "SMOKE", "BEANBAG" ]
  },
  {
    "id": "gas_smoke",
    "type": "AMMO",
    "name": { "str_sp": "sprayable smoke" },
    "description": "Water enhanced with chemicals to create sprayable smoke ammo for the chemical thrower.  Best be used with some kind of mask or mouth protection.",
    "weight": "3 g",
    "volume": "250 ml",
    "price": "6 USD",
    "price_postapoc": "5 USD",
    "material": "water",
    "symbol": "=",
    "color": "yellow",
    "container": "bottle_plastic",
    "phase": "liquid",
    "ammo_type": "chemical_spray",
    "range": 4,
    "count": 100,
    "effects": [ "SMOKE", "TRAIL", "NEVER_MISFIRES", "JET" ]
  },
  {
    "type": "AMMO",
    "id": "bbPlastic",
    "copy-from": "bb",
    "price": "2 USD",
    "price_postapoc": "25 cent",
    "name": { "str": "plastic BB" },
    "description": "A box of small plastic balls.  They deal virtually no damage.",
    "material": "steel",
    "damage": { "damage_type": "bullet", "amount": 1 },
    "dispersion": 200,
    "loudness": 5
  }
]