[
  {
    "type": "monstergroup",
    "name": "GROUP_RIVER",
    "default": "mon_null",
    "is_animal": true,
    "monsters": [
      { "monster": "mon_beaver", "freq": 30, "cost_multiplier": 10, "pack_size": [ 1, 3 ] },
      { "monster": "mon_beaver", "freq": 60, "cost_multiplier": 10, "pack_size": [ 1, 3 ], "conditions": [ "NIGHT" ] },
      { "monster": "mon_beaver", "freq": 30, "cost_multiplier": 10, "pack_size": [ 1, 3 ], "starts": 72 },
      { "monster": "mon_beaver", "freq": 30, "cost_multiplier": 10, "pack_size": [ 1, 3 ], "starts": 168 },
      { "monster": "mon_beaver", "freq": 30, "cost_multiplier": 10, "pack_size": [ 1, 3 ], "starts": 672 },
      { "monster": "mon_beaver", "freq": 30, "cost_multiplier": 10, "pack_size": [ 1, 3 ], "starts": 2160 },
      {
        "monster": "mon_mink",
        "freq": 10,
        "cost_multiplier": 20,
        "pack_size": [ 1, 2 ],
        "conditions": [ "SPRING", "SUMMER", "AUTUMN" ]
      },
      {
        "monster": "mon_mink",
        "freq": 20,
        "cost_multiplier": 20,
        "pack_size": [ 1, 2 ],
        "conditions": [ "DUSK", "NIGHT", "DAWN", "SPRING", "SUMMER", "AUTUMN" ]
      },
      {
        "monster": "mon_muskrat",
        "freq": 30,
        "cost_multiplier": 5,
        "pack_size": [ 1, 5 ],
        "conditions": [ "SPRING", "SUMMER", "AUTUMN" ]
      },
      {
        "monster": "mon_muskrat",
        "freq": 60,
        "cost_multiplier": 5,
        "pack_size": [ 1, 5 ],
        "conditions": [ "NIGHT", "SPRING", "SUMMER", "AUTUMN" ]
      },
      {
        "monster": "mon_otter",
        "freq": 10,
        "cost_multiplier": 5,
        "pack_size": [ 1, 8 ],
        "conditions": [ "SPRING", "SUMMER", "AUTUMN" ]
      },
      {
        "monster": "mon_otter",
        "freq": 20,
        "cost_multiplier": 5,
        "pack_size": [ 1, 8 ],
        "conditions": [ "NIGHT", "SPRING", "SUMMER", "AUTUMN" ]
      },
      {
        "monster": "mon_duck",
        "freq": 30,
        "cost_multiplier": 5,
        "pack_size": [ 1, 4 ],
        "conditions": [ "SPRING", "SUMMER", "AUTUMN" ]
      },
      {
        "monster": "mon_duck",
        "freq": 60,
        "cost_multiplier": 5,
        "pack_size": [ 1, 4 ],
        "conditions": [ "DAWN", "DAY", "SPRING", "SUMMER", "AUTUMN" ]
      },
      {
        "monster": "mon_goose_canadian",
        "freq": 30,
        "cost_multiplier": 5,
        "pack_size": [ 1, 4 ],
        "conditions": [ "SPRING", "SUMMER", "AUTUMN" ]
      },
      {
        "monster": "mon_goose_canadian",
        "freq": 60,
        "cost_multiplier": 5,
        "pack_size": [ 1, 4 ],
        "conditions": [ "DAWN", "DAY", "SPRING", "SUMMER", "AUTUMN" ]
      },
      {
        "monster": "mon_sludge_crawler",
        "freq": 3,
        "cost_multiplier": 2,
        "starts": 168,
        "conditions": [ "DUSK", "NIGHT", "DAWN", "SPRING", "SUMMER", "AUTUMN" ]
      },
      {
        "monster": "mon_sludge_crawler",
        "freq": 3,
        "cost_multiplier": 2,
        "starts": 336,
        "conditions": [ "DUSK", "NIGHT", "DAWN", "SPRING", "SUMMER", "AUTUMN" ]
      },
      {
        "monster": "mon_sludge_crawler",
        "freq": 4,
        "cost_multiplier": 2,
        "starts": 504,
        "conditions": [ "DUSK", "NIGHT", "DAWN", "SPRING", "SUMMER", "AUTUMN" ]
      },
      {
        "monster": "mon_sludge_crawler",
        "freq": 3,
        "cost_multiplier": 2,
        "starts": 672,
        "conditions": [ "DUSK", "NIGHT", "DAWN", "SPRING", "SUMMER", "AUTUMN" ]
      },
      {
        "monster": "mon_sludge_crawler",
        "freq": 3,
        "cost_multiplier": 2,
        "starts": 840,
        "conditions": [ "DUSK", "NIGHT", "DAWN", "SPRING", "SUMMER", "AUTUMN" ]
      },
      {
        "monster": "mon_sludge_crawler",
        "freq": 4,
        "cost_multiplier": 2,
        "starts": 1008,
        "conditions": [ "DUSK", "NIGHT", "DAWN", "SPRING", "SUMMER", "AUTUMN" ]
      },
      { "monster": "mon_zhark", "freq": 1, "cost_multiplier": 25, "starts": 24, "pack_size": [ 1, 3 ] },
      { "monster": "mon_zwordfish", "freq": 80, "cost_multiplier": 25, "pack_size": [ 1, 8 ] },
      { "monster": "mon_zhark", "freq": 2, "cost_multiplier": 25, "starts": 672, "pack_size": [ 1, 3 ] },
      { "monster": "mon_mutant_carp", "freq": 3, "cost_multiplier": 15, "starts": 168 },
      { "monster": "mon_mutant_salmon", "freq": 2, "cost_multiplier": 15, "starts": 168 },
      { "monster": "mon_fish_eel", "freq": 25, "cost_multiplier": 3, "pack_size": [ 1, 3 ] },
      {
        "monster": "mon_fish_eel",
        "freq": 50,
        "cost_multiplier": 3,
        "conditions": [ "DAWN", "DUSK" ],
        "pack_size": [ 1, 3 ]
      },
      { "monster": "mon_fish_bowfin", "freq": 25, "cost_multiplier": 3, "pack_size": [ 1, 3 ] },
      {
        "monster": "mon_fish_bowfin",
        "freq": 50,
        "cost_multiplier": 3,
        "conditions": [ "DAWN", "DUSK" ],
        "pack_size": [ 1, 3 ]
      },
      { "monster": "mon_fish_bullhead", "freq": 25, "cost_multiplier": 3, "pack_size": [ 1, 3 ] },
      {
        "monster": "mon_fish_bullhead",
        "freq": 50,
        "cost_multiplier": 3,
        "conditions": [ "DAWN", "DUSK" ],
        "pack_size": [ 1, 3 ]
      },
      { "monster": "mon_fish_trout", "freq": 15, "cost_multiplier": 8, "pack_size": [ 1, 3 ] },
      {
        "monster": "mon_fish_trout",
        "freq": 20,
        "cost_multiplier": 8,
        "conditions": [ "DAWN", "DUSK" ],
        "pack_size": [ 1, 3 ]
      },
      { "monster": "mon_fish_brown_trout", "freq": 15, "cost_multiplier": 8, "pack_size": [ 1, 3 ] },
      {
        "monster": "mon_fish_brown_trout",
        "freq": 20,
        "cost_multiplier": 8,
        "conditions": [ "DAWN", "DUSK" ],
        "pack_size": [ 1, 3 ]
      },
      { "monster": "mon_fish_brook_trout", "freq": 15, "cost_multiplier": 8, "pack_size": [ 1, 3 ] },
      {
        "monster": "mon_fish_brook_trout",
        "freq": 20,
        "cost_multiplier": 8,
        "conditions": [ "DAWN", "DUSK" ],
        "pack_size": [ 1, 3 ]
      },
      { "monster": "mon_fish_lake_trout", "freq": 15, "cost_multiplier": 8, "pack_size": [ 1, 3 ] },
      {
        "monster": "mon_fish_lake_trout",
        "freq": 20,
        "cost_multiplier": 8,
        "conditions": [ "DAWN", "DUSK" ],
        "pack_size": [ 1, 3 ]
      },
      { "monster": "mon_fish_rainbow_trout", "freq": 15, "cost_multiplier": 8, "pack_size": [ 1, 3 ] },
      {
        "monster": "mon_fish_rainbow_trout",
        "freq": 20,
        "cost_multiplier": 8,
        "conditions": [ "DAWN", "DUSK" ],
        "pack_size": [ 1, 3 ]
      },
      { "monster": "mon_fish_steelhead_trout", "freq": 15, "cost_multiplier": 8, "pack_size": [ 1, 3 ] },
      {
        "monster": "mon_fish_steelhead_trout",
        "freq": 20,
        "cost_multiplier": 8,
        "conditions": [ "DAWN", "DUSK" ],
        "pack_size": [ 1, 3 ]
      },
      { "monster": "mon_fish_kokanee_salmon", "freq": 15, "cost_multiplier": 8, "pack_size": [ 1, 3 ] },
      {
        "monster": "mon_fish_kokanee_salmon",
        "freq": 20,
        "cost_multiplier": 8,
        "conditions": [ "DAWN", "DUSK" ],
        "pack_size": [ 1, 3 ]
      },
      { "monster": "mon_fish_chinook_salmon", "freq": 15, "cost_multiplier": 8, "pack_size": [ 1, 3 ] },
      {
        "monster": "mon_fish_chinook_salmon",
        "freq": 20,
        "cost_multiplier": 8,
        "conditions": [ "DAWN", "DUSK" ],
        "pack_size": [ 1, 3 ]
      },
      { "monster": "mon_fish_coho_salmon", "freq": 15, "cost_multiplier": 8, "pack_size": [ 1, 3 ] },
      {
        "monster": "mon_fish_coho_salmon",
        "freq": 20,
        "cost_multiplier": 8,
        "conditions": [ "DAWN", "DUSK" ],
        "pack_size": [ 1, 3 ]
      },
      { "monster": "mon_fish_white_bass", "freq": 15, "cost_multiplier": 8, "pack_size": [ 1, 3 ] },
      {
        "monster": "mon_fish_white_bass",
        "freq": 20,
        "cost_multiplier": 8,
        "conditions": [ "DAWN", "DUSK" ],
        "pack_size": [ 1, 3 ]
      },
      { "monster": "mon_fish_walleye", "freq": 15, "cost_multiplier": 8, "pack_size": [ 1, 3 ] },
      {
        "monster": "mon_fish_walleye",
        "freq": 20,
        "cost_multiplier": 8,
        "conditions": [ "DAWN", "DUSK" ],
        "pack_size": [ 1, 3 ]
      },
      { "monster": "mon_fish_pumpkinseed", "freq": 15, "cost_multiplier": 8, "pack_size": [ 1, 3 ] },
      {
        "monster": "mon_fish_pumpkinseed",
        "freq": 20,
        "cost_multiplier": 8,
        "conditions": [ "DAWN", "DUSK" ],
        "pack_size": [ 1, 3 ]
      },
      { "monster": "mon_fish_redbreast", "freq": 15, "cost_multiplier": 8, "pack_size": [ 1, 3 ] },
      {
        "monster": "mon_fish_redbreast",
        "freq": 20,
        "cost_multiplier": 8,
        "conditions": [ "DAWN", "DUSK" ],
        "pack_size": [ 1, 3 ]
      },
      { "monster": "mon_fish_green_sunfish", "freq": 15, "cost_multiplier": 8, "pack_size": [ 1, 3 ] },
      {
        "monster": "mon_fish_green_sunfish",
        "freq": 20,
        "cost_multiplier": 8,
        "conditions": [ "DAWN", "DUSK" ],
        "pack_size": [ 1, 3 ]
      },
      { "monster": "mon_fish_longear_sunfish", "freq": 15, "cost_multiplier": 8, "pack_size": [ 1, 3 ] },
      {
        "monster": "mon_fish_longear_sunfish",
        "freq": 20,
        "cost_multiplier": 8,
        "conditions": [ "DAWN", "DUSK" ],
        "pack_size": [ 1, 3 ]
      },
      { "monster": "mon_fish_redear_sunfish", "freq": 15, "cost_multiplier": 8, "pack_size": [ 1, 3 ] },
      {
        "monster": "mon_fish_redear_sunfish",
        "freq": 20,
        "cost_multiplier": 8,
        "conditions": [ "DAWN", "DUSK" ],
        "pack_size": [ 1, 3 ]
      },
      { "monster": "mon_fish_rock_bass", "freq": 15, "cost_multiplier": 8, "pack_size": [ 1, 3 ] },
      {
        "monster": "mon_fish_rock_bass",
        "freq": 20,
        "cost_multiplier": 8,
        "conditions": [ "DAWN", "DUSK" ],
        "pack_size": [ 1, 3 ]
      },
      { "monster": "mon_fish_calico_bass", "freq": 15, "cost_multiplier": 8, "pack_size": [ 1, 3 ] },
      {
        "monster": "mon_fish_calico_bass",
        "freq": 20,
        "cost_multiplier": 8,
        "conditions": [ "DAWN", "DUSK" ],
        "pack_size": [ 1, 3 ]
      },
      { "monster": "mon_fish_warmouth", "freq": 15, "cost_multiplier": 8, "pack_size": [ 1, 3 ] },
      {
        "monster": "mon_fish_warmouth",
        "freq": 20,
        "cost_multiplier": 8,
        "conditions": [ "DAWN", "DUSK" ],
        "pack_size": [ 1, 3 ]
      },
      { "monster": "mon_fish_channel_catfish", "freq": 15, "cost_multiplier": 8, "pack_size": [ 1, 3 ] },
      {
        "monster": "mon_fish_channel_catfish",
        "freq": 20,
        "cost_multiplier": 8,
        "conditions": [ "DAWN", "DUSK" ],
        "pack_size": [ 1, 3 ]
      },
      { "monster": "mon_fish_white_catfish", "freq": 15, "cost_multiplier": 8, "pack_size": [ 1, 3 ] },
      {
        "monster": "mon_fish_white_catfish",
        "freq": 20,
        "cost_multiplier": 8,
        "conditions": [ "DAWN", "DUSK" ],
        "pack_size": [ 1, 3 ]
      },
      { "monster": "mon_fish_muskellunge", "freq": 15, "cost_multiplier": 8, "pack_size": [ 1, 3 ] },
      {
        "monster": "mon_fish_muskellunge",
        "freq": 20,
        "cost_multiplier": 8,
        "conditions": [ "DAWN", "DUSK" ],
        "pack_size": [ 1, 3 ]
      },
      { "monster": "mon_fish_white_sucker", "freq": 15, "cost_multiplier": 8, "pack_size": [ 1, 3 ] },
      {
        "monster": "mon_fish_white_sucker",
        "freq": 20,
        "cost_multiplier": 8,
        "conditions": [ "DAWN", "DUSK" ],
        "pack_size": [ 1, 3 ]
      },
      { "monster": "mon_fish_grass_carp", "freq": 15, "cost_multiplier": 8, "pack_size": [ 1, 3 ] },
      {
        "monster": "mon_fish_grass_carp",
        "freq": 20,
        "cost_multiplier": 8,
        "conditions": [ "DAWN", "DUSK" ],
        "pack_size": [ 1, 3 ]
      },
      { "monster": "mon_fish_fallfish", "freq": 15, "cost_multiplier": 8, "pack_size": [ 1, 3 ] },
      {
        "monster": "mon_fish_fallfish",
        "freq": 20,
        "cost_multiplier": 8,
        "conditions": [ "DAWN", "DUSK" ],
        "pack_size": [ 1, 3 ]
      },
      { "monster": "mon_fish_carp", "freq": 10, "cost_multiplier": 10, "pack_size": [ 1, 3 ] },
      {
        "monster": "mon_fish_carp",
        "freq": 15,
        "cost_multiplier": 10,
        "conditions": [ "DAWN", "DUSK" ],
        "pack_size": [ 1, 3 ]
      },
      { "monster": "mon_fish_pike", "freq": 15, "cost_multiplier": 8, "pack_size": [ 1, 3 ] },
      {
        "monster": "mon_fish_pike",
        "freq": 20,
        "cost_multiplier": 8,
        "conditions": [ "DAWN", "DUSK" ],
        "pack_size": [ 1, 3 ]
      },
      { "monster": "mon_fish_sbass", "freq": 25, "cost_multiplier": 3, "pack_size": [ 1, 3 ] },
      {
        "monster": "mon_fish_sbass",
        "freq": 50,
        "cost_multiplier": 3,
        "conditions": [ "DAWN", "DUSK" ],
        "pack_size": [ 1, 3 ]
      },
      { "monster": "mon_fish_perch", "freq": 30, "cost_multiplier": 3, "pack_size": [ 1, 3 ] },
      {
        "monster": "mon_fish_perch",
        "freq": 55,
        "cost_multiplier": 3,
        "conditions": [ "DAWN", "DUSK" ],
        "pack_size": [ 1, 3 ]
      },
      { "monster": "mon_fish_salmon", "freq": 15, "cost_multiplier": 8, "pack_size": [ 4, 6 ] },
      {
        "monster": "mon_fish_salmon",
        "freq": 20,
        "cost_multiplier": 8,
        "conditions": [ "DAWN", "DUSK" ],
        "pack_size": [ 4, 6 ]
      },
      { "monster": "mon_fish_lbass", "freq": 25, "cost_multiplier": 3, "pack_size": [ 1, 3 ] },
      {
        "monster": "mon_fish_lbass",
        "freq": 50,
        "cost_multiplier": 3,
        "conditions": [ "DAWN", "DUSK" ],
        "pack_size": [ 1, 3 ]
      },
      { "monster": "mon_fish_pbass", "freq": 25, "cost_multiplier": 3, "pack_size": [ 1, 3 ] },
      {
        "monster": "mon_fish_pbass",
        "freq": 50,
        "cost_multiplier": 3,
        "conditions": [ "DAWN", "DUSK" ],
        "pack_size": [ 1, 3 ]
      },
      { "monster": "mon_fish_bluegill", "freq": 25, "cost_multiplier": 3, "pack_size": [ 1, 3 ] },
      {
        "monster": "mon_fish_bluegill",
        "freq": 50,
        "cost_multiplier": 3,
        "conditions": [ "DAWN", "DUSK" ],
        "pack_size": [ 1, 3 ]
      },
      { "monster": "mon_fish_whitefish", "freq": 30, "cost_multiplier": 2, "pack_size": [ 4, 6 ] },
      {
        "monster": "mon_fish_whitefish",
        "freq": 55,
        "cost_multiplier": 2,
        "conditions": [ "DAWN", "DUSK" ],
        "pack_size": [ 4, 6 ]
      },
      { "monster": "mon_fish_pickerel", "freq": 15, "cost_multiplier": 10, "pack_size": [ 1, 3 ] },
      {
        "monster": "mon_fish_pickerel",
        "freq": 20,
        "cost_multiplier": 10,
        "conditions": [ "DAWN", "DUSK" ],
        "pack_size": [ 1, 3 ]
      },
      { "monster": "mon_fish_blinky", "freq": 5, "cost_multiplier": 3, "pack_size": [ 1, 3 ] }
    ]
  },
  {
    "id": "mon_zwordfish",
    "type": "MONSTER",
    "name": { "str": "aquatic errant" },
    "description": "The lives of underwater were no exception from the cataclysm. Eventually some swordfish got affected, and rose again. Now that climbed up the river like a salmon, and ready to chop down anything in their way. En garde!",
    "default_faction": "zombie_aquatic",
    "bodytype": "fish",
    "species": [ "ZOMBIE" ],
    "volume": "42500 ml",
    "weight": "61500 g",
    "hp": 180,
    "speed": 240,
    "material": [ "flesh" ],
    "symbol": "^",
    "color": "white_magenta",
    "aggression": 100,
    "morale": 105,
    "melee_skill": 9,
    "melee_dice": 2,
    "melee_dice_sides": 6,
    "melee_cut": 9,
    "dodge": 6,
    "armor_bash": 1,
    "armor_cut": 4,
    "armor_bullet": 6,
    "luminance": 0,
    "harvest": "zombie_leather",
    "death_function": [ "NORMAL" ],
    "flags": [ "SEES", "HEARS", "SMELLS", "WARM", "SWIMS", "AQUATIC", "POISON", "NO_BREATHE", "REVIVES", "FILTHY" ]
  },
  {
    "id": "mon_enz_hack",
    "type": "MONSTER",
    "name": "Enz",
    "copy-from": "base_drone",
    "description": "An automated anti-personnel drone, a small quadcopter robot surrounded by whirring blades.",
    "diff": 6,
    "dodge": 7,
    "speed": 250,
    "color": "light_blue",
    "melee_skill": 10,
    "melee_dice": 2,
    "melee_dice_sides": 4,
    "melee_cut": 12,
    "regenerates": 15,
    "armor_bash": 6,
    "armor_bullet": 6,
    "armor_fire": 6,
    "hp": 90,
    "revert_to_itype": "bot_enz_hack",
    "symbol": "+",
    "vision_day": 20,
    "vision_night": 20,
    "special_attacks": [
      {
        "type": "gun",
        "cooldown": 3,
        "move_cost": 30,
        "gun_type": "fakeAdvBBgun_zhigh",
        "fake_skills": [ [ "gun", 8 ], [ "smg", 8 ] ],
        "fake_dex": 12,
        "fake_per": 12,
        "require_targeting_player": false,
        "require_targeting_npc": true,
        "require_targeting_monster": true,
        "description": "Enz launches a hail of BBs!",
        "ranges": [ [ 0, 15, "DEFAULT" ] ]
      }
    ],
    "special_when_hit": [ "RETURN_FIRE", 100 ],
    "death_drops": { "groups": [ [ "robots", 4 ], [ "manhack", 1 ] ] },
    "death_function": [ "BROKEN" ],
    "flags": [ "SEES", "FLIES", "NOHEAD", "ELECTRONIC", "NO_BREATHE", "BIOPROOF", "HARDTOSHOOT" ]
  },
  {
    "id": "fakeAdvBBgun_zhigh",
    "type": "GUN",
    "copy-from": "fake_item",
    "name": { "str_sp": "mounted BB machine gun" },
    "description": "Fake gun for Enz manhack.",
    "range": 20,
    "ranged_damage": { "damage_type": "bash", "amount": 2, "armor_penetration": 2 },
    "dispersion": 10,
    "durability": 10,
    "skill": "smg",
    "loudness": 5,
    "ammo_effects": [ "BEANBAG", "LASER", "TANGLE", "BOUNCE", "LIGHTNING", "NEVER_MISFIRES", "NO_DAMAGE_SCALING" ],
    "modes": [ [ "DEFAULT", "full auto", 6 ] ],
    "flags": [ "NEVER_JAMS" ]
  },
  {
    "id": "mon_attack_drone",
    "type": "MONSTER",
    "name": "attack drone",
    "copy-from": "base_drone",
    "description": "An automated anti-personnel drone, a small quadcopter robot surrounded by whirring blades and an improvised firearm.",
    "diff": 6,
    "dodge": 5,
    "speed": 200,
    "color": "light_blue",
    "melee_skill": 10,
    "melee_dice": 2,
    "melee_dice_sides": 4,
    "melee_cut": 12,
    "armor_bash": 6,
    "armor_bullet": 8,
    "armor_fire": 3,
    "hp": 120,
    "revert_to_itype": "bot_attack_drone",
    "symbol": "+",
    "vision_day": 20,
    "vision_night": 20,
    "special_attacks": [
      {
        "type": "gun",
        "cooldown": 3,
        "move_cost": 3,
        "gun_type": "fakeBBgun_zhigh",
        "fake_skills": [ [ "gun", 8 ], [ "smg", 8 ] ],
        "fake_dex": 12,
        "fake_per": 12,
        "laser_lock": true,
        "targeting_cost": 35,
        "targeting_sound": "\"Tango Locked, Engaging. Light support engaging.\"",
        "targeting_volume": 30,
        "require_targeting_player": false,
        "require_targeting_npc": true,
        "require_targeting_monster": true,
        "description": "Attack drone launches a hail of BBs!",
        "ranges": [ [ 0, 20, "DEFAULT" ] ]
      }
    ],
    "special_when_hit": [ "RETURN_FIRE", 100 ],
    "death_drops": { "groups": [ [ "robots", 4 ], [ "manhack", 1 ] ] },
    "death_function": [ "BROKEN" ],
    "flags": [ "SEES", "FLIES", "NOHEAD", "ELECTRONIC", "NO_BREATHE", "BIOPROOF", "HARDTOSHOOT" ]
  },
  {
    "id": "fakeBBgun_zhigh",
    "type": "GUN",
    "copy-from": "fake_item",
    "name": { "str_sp": "mounted BB machine gun" },
    "description": "Fake gun for an Attack Drone.",
    "range": 24,
    "ranged_damage": { "damage_type": "bullet", "amount": 4, "armor_penetration": 3 },
    "dispersion": 10,
    "durability": 10,
    "skill": "smg",
    "loudness": 5,
    "ammo_effects": [ "LASER", "NEVER_MISFIRES" ],
    "modes": [ [ "DEFAULT", "full auto", 9 ] ],
    "flags": [ "NEVER_JAMS" ]
  },
  {
    "id": "fakeBBgunV2_zhigh",
    "type": "GUN",
    "copy-from": "fake_item",
    "name": { "str_sp": "mounted BB cannon" },
    "description": "Fake gun for an Attack Drone.",
    "range": 40,
    "ranged_damage": { "damage_type": "bullet", "amount": 10, "armor_penetration": 5 },
    "dispersion": 10,
    "durability": 10,
    "skill": "rifle",
    "loudness": 5,
    "ammo_effects": [ "FRAG", "LASER", "NEVER_MISFIRES", "NO_DAMAGE_SCALING" ],
    "modes": [ [ "DEFAULT", "single", 1 ] ],
    "flags": [ "NEVER_JAMS" ]
  },
  {
    "id": "mon_moose",
    "type": "MONSTER",
    "name": { "str_sp": "moose" },
    "description": "The Eastern moose, the largest living species of deer.  While they aren't aggressive unless angered, the mating season can make the bulls quite ill-tempered.",
    "default_faction": "herbivore",
    "bodytype": "quadruped",
    "categories": [ "WILDLIFE" ],
    "species": [ "MAMMAL" ],
    "volume": "386000 ml",
    "weight": "386 kg",
    "hp": 120,
    "speed": 200,
    "material": [ "flesh" ],
    "symbol": "M",
    "color": "brown",
    "aggression": 5,
    "morale": 80,
    "melee_skill": 6,
    "melee_dice": 3,
    "melee_dice_sides": 4,
    "melee_cut": 0,
    "dodge": 1,
    "armor_bash": 4,
    "armor_cut": 1,
    "armor_bullet": 1,
    "vision_night": 7,
    "path_settings": { "max_dist": 10 },
    "anger_triggers": [ "HURT", "MATING_SEASON" ],
    "death_function": [ "NORMAL" ],
    "baby_flags": [ "AUTUMN" ],
    "//": "Baby moose don't actually exist (yet), but autumn is their mating season so baby_flags is defined so that they get angry then",
    "harvest": "mammal_large_fur",
    "special_attacks": [ [ "EAT_CROP", 60 ] ],
    "flags": [ "SEES", "HEARS", "SMELLS", "PET_MOUNTABLE", "ANIMAL", "PATH_AVOID_DANGER_1", "WARM", "BLEED", "CATTLEFODDER", "ATTACKMON" ]
  },
  {
    "id": "mon_cougar",
    "type": "MONSTER",
    "name": { "str": "cougar" },
    "description": "The Eastern cougar, a large feline predator.  Once thought extinct in this region, conservation efforts were successful in restoring a thriving population.  Fast and silent, this predator can cover long distances with powerful leaps and pounces, catching its prey with its deadly claws before delivering the finishing blow with its enormous fangs.",
    "default_faction": "big_cat",
    "bodytype": "quadruped",
    "categories": [ "WILDLIFE" ],
    "species": [ "MAMMAL" ],
    "volume": "63000 ml",
    "weight": "63 kg",
    "hp": 60,
    "speed": 180,
    "material": [ "flesh" ],
    "symbol": "C",
    "color": "brown",
    "morale": 40,
    "melee_skill": 6,
    "melee_dice": 2,
    "melee_dice_sides": 4,
    "melee_cut": 6,
    "dodge": 5,
    "armor_bash": 1,
    "vision_night": 10,
    "path_settings": { "max_dist": 10 },
    "special_attacks": [ [ "scratch", 10 ], { "type": "leap", "cooldown": 5, "max_range": 5 } ],
    "anger_triggers": [ "STALK", "HURT", "FRIEND_ATTACKED" ],
    "fear_triggers": [ "SOUND" ],
    "placate_triggers": [ "MEAT" ],
    "death_function": [ "NORMAL" ],
    "harvest": "mammal_fur",
    "flags": [
      "SEES",
      "DOGFOOD",
      "HEARS",
      "GOODHEARING",
      "SMELLS",
      "ANIMAL",
      "PATH_AVOID_DANGER_1",
      "WARM",
      "HIT_AND_RUN",
      "KEENNOSE",
      "BLEED"
    ]
  },
  {
    "id": "mon_dragon_dummy",
    "type": "MONSTER",
    "name": { "str": "ancient red dragon" },
    "description": "A towering, hulking dragon, with tremendous, curving horns and shining red scales, its glowing maw peeled back in a hateful grimace as its eyes bore into yours.",
    "bodytype": "quadruped",
    "//": "Zombie faction so they don't attack a clear prop",
    "default_faction": "zombie",
    "diff": 50,
    "volume": "875000 ml",
    "weight": "4535 g",
    "hp": 150,
    "speed": 90,
    "material": [ "paper" ],
    "symbol": "D",
    "color": "red",
    "luminance": 30,
    "aggression": 100,
    "morale": 100,
    "//2": "ahh! it sees you!",
    "vision_day": 50,
    "vision_night": 50,
    "regenerates": 25,
    "harvest": "exempt",
    "death_function": [ "DISINTEGRATE" ],
    "death_drops": "mon_dragon_dummy_drops",
    "regen_morale": true,
    "flags": [ "SEES", "SMELLS", "SWIMS", "COLDPROOF", "FLIES", "POISON", "PLASTIC", "ATTACKMON", "SLUDGEPROOF", "ACID_BLOOD", "ACIDPROOF", "NOGIB" ]
  },
  {
    "id": "mon_wolf",
    "type": "MONSTER",
    "name": { "str": "wolf", "str_pl": "wolves" },
    "description": "A cunning pack predator, once extinct in the New England area, the wolf was successfully reintroduced and their numbers reached record highs in the decade before the Cataclysm.  Lucky you.",
    "default_faction": "wolf",
    "bodytype": "quadruped",
    "categories": [ "WILDLIFE" ],
    "species": [ "MAMMAL" ],
    "volume": "26625 ml",
    "weight": "26625 g",
    "hp": 40,
    "speed": 165,
    "material": [ "flesh" ],
    "symbol": "w",
    "color": "light_gray",
    "morale": 20,
    "melee_skill": 7,
    "melee_dice": 2,
    "melee_dice_sides": 3,
    "melee_cut": 4,
    "dodge": 4,
    "armor_bash": 1,
    "vision_night": 5,
    "harvest": "mammal_fur",
    "upgrades": { "half_life": 49, "into": "mon_blackmane" },
    "path_settings": { "max_dist": 10 },
    "anger_triggers": [ "STALK", "FRIEND_ATTACKED", "FRIEND_DIED", "PLAYER_WEAK", "PLAYER_CLOSE" ],
    "placate_triggers": [ "MEAT" ],
    "death_function": [ "NORMAL" ],
    "flags": [ "SEES", "HEARS", "SMELLS", "ANIMAL", "PATH_AVOID_DANGER_1", "WARM", "KEENNOSE", "BLEED" ]
  },
  {
    "id": "mon_blackmane",
    "type": "MONSTER",
    "name": { "str": "blackmane", "str_pl": "blackmanes" },
    "description": "Wether due to blobs, or the rules of survival, wolves also mutated into these heideous creatures - black fur which hides them in the dark, ability to jump farther, and deadlier.",
    "default_faction": "wolf",
    "bodytype": "quadruped",
    "categories": [ "WILDLIFE" ],
    "species": [ "MAMMAL" ],
    "volume": "3860000 ml",
    "weight": "380 kg",
    "hp": 90,
    "speed": 210,
    "material": [ "flesh" ],
    "symbol": "w",
    "color": "light_gray",
    "morale": 90,
    "melee_skill": 7,
    "melee_dice": 5,
    "melee_dice_sides": 4,
    "melee_cut": 4,
    "dodge": 6,
    "armor_bash": 3,
    "vision_night": 9,
    "harvest": "mammal_fur",
    "special_attacks": [ { "type": "leap", "cooldown": 50, "max_range": 8 }, { "type": "bite", "cooldown": 16 } ],
    "path_settings": { "max_dist": 10 },
    "anger_triggers": [ "STALK", "FRIEND_ATTACKED", "FRIEND_DIED", "PLAYER_WEAK", "PLAYER_CLOSE" ],
    "placate_triggers": [ "MEAT" ],
    "death_function": [ "NORMAL" ],
    "flags": [ "PUSH_VEH", "PUSH_MON", "NIGHT_INVISIBILITY", "SEES", "HEARS", "SMELLS", "ANIMAL", "PATH_AVOID_DANGER_1", "WARM", "KEENNOSE", "BLEED" ]
  }
]