[
  {
    "id": "bio_knuckle",
    "type": "bionic",
    "name": { "str": "Bionic knuckle" },
    "description": "A deadly knuckle made of advanced material now resides inside your forearm, capable of being extended through the back of your hand at the cost of a small amount of power.  Though exceptionally sturdy, it will prevent you from holding anything else while extended.",
    "occupied_bodyparts": [ [ "arm_l", 5 ], [ "hand_l", 2 ] ],
    "act_cost": "25 J",
    "fake_item": "bio_knuckle_weapon",
    "flags": [ "BIONIC_TOGGLED", "BIONIC_WEAPON", "BIONIC_NPC_USABLE" ]
  },
  {
    "id": "bio_knuckle",
    "copy-from": "bionic_general_npc_usable",
    "type": "BIONIC_ITEM",
    "name": { "str": "bionic knuckle CBM" },
    "looks_like": "bio_int_enhancer",
    "description": "A sturdy knuckle made of advanced material that is installed inside the forearm, capable of being extended through the back of user's hand at the cost of a small amount of power.  Though exceptionally sturdy, it will prevent the user from holding anything else while extended.",
    "price": "80 USD",
    "weight": "250 g",
    "difficulty": 8
  },
  {
    "id": "bio_knuckle_weapon",
    "looks_like": "knuckle_steel",
    "type": "GENERIC",
    "category": "weapons",
    "weapon_category": [ "BIONIC_WEAPONRY", "FIST_WEAPONS" ],
    "name": { "str": "bionic knuckle" },
    "description": "A super sturdy knuckle made from high-tech superalloy. As a bionic weapon, this is integrated to you.",
    "weight": "100 g",
    "to_hit": 3,
    "color": "dark_gray",
    "symbol": "{",
    "material": [ "superalloy" ],
    "techniques": [ "WBLOCK_2" ],
    "volume": "750 ml",
    "bashing": 6,
    "flags": [ "UNARMED_WEAPON", "NO_DROP", "NO_UNWIELD", "UNBREAKABLE_MELEE", "TRADER_AVOID" ],
    "qualities": [ [ "HAMMER", 2 ] ]
  },
  {
    "id": "bio_mantisBlade",
    "type": "bionic",
    "name": { "str": "Bionic Mantis Blade" },
    "description": "A deadly mantis blade made of advanced material now resides inside your forearm, capable of being extended through the back of your hand at the cost of a small amount of power.  Though exceptionally sturdy, it will prevent you from holding anything else while extended.",
    "occupied_bodyparts": [ [ "arm_l", 5 ], [ "hand_l", 2 ], [ "arm_r", 5 ], [ "hand_r", 2 ] ],
    "act_cost": "80 J",
    "fake_item": "bio_mantisBlade_weapon",
    "flags": [ "BIONIC_TOGGLED", "BIONIC_WEAPON", "BIONIC_NPC_USABLE" ]
  },
  {
    "id": "bio_mantisBlade",
    "copy-from": "bionic_general_npc_usable",
    "type": "BIONIC_ITEM",
    "name": { "str": "bionic mantis blade CBM" },
    "looks_like": "bio_int_enhancer",
    "description": "A sturdy mantis blade made of advanced material that is installed inside the forearm, capable of being extended through the back of user's hand at the cost of a small amount of power.  Though exceptionally sturdy, it will prevent the user from holding anything else while extended.",
    "price": "80 USD",
    "weight": "250 g",
    "difficulty": 8
  },
  {
    "id": "bio_mantisBlade_weapon",
    "type": "GENERIC",
    "category": "weapons",
    "weapon_category": [ "BIONIC_WEAPONRY", "BIONIC_SWORDS", "FIST_WEAPONS" ],
    "name": { "str": "bionic mantis blade" },
    "description": "A super sturdy and long mantis blades made from high-tech superalloy. As a bionic weapon, this is integrated to you. Not quite damaging but have a long range.",
    "weight": "100 g",
    "to_hit": 3,
    "color": "dark_gray",
    "symbol": "{",
    "material": [ "superalloy" ],
    "techniques": [ "WBLOCK_2" ],
    "volume": "750 ml",
    "cutting": 24,
    "flags": [ "REACH_ATTACK", "UNARMED_WEAPON", "NO_DROP", "NO_UNWIELD", "UNBREAKABLE_MELEE", "TRADER_AVOID" ],
    "qualities": [ [ "CUT", 2 ], [ "BUTCHER", 2 ] ]
  },
  {
    "id": "bio_armorV2_arms",
    "type": "bionic",
    "name": { "str": "Alloy Plating - Arms Mk.2" },
    "description": "The flesh on your arms and hands have been surgically replaced by alloy plating.  Provides 12 bash and cut protection, 10 ballistic protection, and can be used in conjunction with bionic martial arts.",
    "occupied_bodyparts": [ [ "arm_l", 6 ], [ "arm_r", 6 ], [ "hand_l", 2 ], [ "hand_r", 2 ] ],
    "bash_protec": [ [ "arm_l", 12 ], [ "arm_r", 12 ], [ "hand_l", 12 ], [ "hand_r", 12 ] ],
    "cut_protec": [ [ "arm_l", 12 ], [ "arm_r", 12 ], [ "hand_l", 12 ], [ "hand_r", 12 ] ],
    "bullet_protec": [ [ "arm_l", 10 ], [ "arm_r", 10 ], [ "hand_l", 10 ], [ "hand_r", 10 ] ],
    "flags": [ "BIONIC_NPC_USABLE", "BIONIC_SHOCKPROOF" ]
  },
  {
    "id": "bio_armorV2_eyes",
    "type": "bionic",
    "name": { "str": "Protective Lenses Mk.2" },
    "description": "Your eye sockets have been surgically sealed with highly protective mirrored lenses and your tear ducts have been re-routed to your mouth.  Provides 3 bash and cut protection, and 7 environmental protection.",
    "occupied_bodyparts": [ [ "eyes", 1 ] ],
    "env_protec": [ [ "eyes", 14 ] ],
    "bash_protec": [ [ "eyes", 6 ] ],
    "cut_protec": [ [ "eyes", 6 ] ],
    "flags": [ "BIONIC_NPC_USABLE", "BIONIC_SHOCKPROOF" ]
  },
  {
    "id": "bio_armorV2_head",
    "type": "bionic",
    "name": { "str": "Alloy Plating - head Mk.2" },
    "description": "The flesh on your head has been surgically replaced by alloy plating, protecting both your head and jaw regions.  Provides 12 bash and cut protection, and 10 ballistic protection.",
    "occupied_bodyparts": [ [ "head", 7 ], [ "mouth", 2 ] ],
    "bash_protec": [ [ "head", 12 ], [ "mouth", 12 ] ],
    "cut_protec": [ [ "head", 12 ], [ "mouth", 12 ] ],
    "bullet_protec": [ [ "head", 10 ], [ "mouth", 10 ] ],
    "flags": [ "BIONIC_NPC_USABLE", "BIONIC_SHOCKPROOF" ]
  },
  {
    "id": "bio_armorV2_legs",
    "type": "bionic",
    "name": { "str": "Alloy Plating - Legs Mk.2" },
    "description": "The flesh on your legs and feet have been surgically replaced by alloy plating.  Provides 12 bash and cut protection, 10 ballistic protection, and can be used in conjunction with bionic martial arts.",
    "occupied_bodyparts": [ [ "leg_l", 9 ], [ "leg_r", 9 ], [ "foot_l", 2 ], [ "foot_r", 2 ] ],
    "bash_protec": [ [ "leg_l", 12 ], [ "leg_r", 12 ], [ "foot_l", 12 ], [ "foot_r", 12 ] ],
    "cut_protec": [ [ "leg_l", 12 ], [ "leg_r", 12 ], [ "foot_l", 12 ], [ "foot_r", 12 ] ],
    "bullet_protec": [ [ "leg_l", 10 ], [ "leg_r", 10 ], [ "foot_l", 10 ], [ "foot_r", 10 ] ],
    "flags": [ "BIONIC_NPC_USABLE", "BIONIC_SHOCKPROOF" ]
  },
  {
    "id": "bio_armorV2_torso",
    "type": "bionic",
    "name": { "str": "Alloy Plating - torso Mk.2" },
    "description": "The flesh on your torso has been surgically replaced by alloy plating, protecting it from physical trauma.  Provides 12 bash and cut protection, and 10 ballistic protection.",
    "occupied_bodyparts": [ [ "torso", 15 ] ],
    "bash_protec": [ [ "torso", 12 ] ],
    "cut_protec": [ [ "torso", 12 ] ],
    "bullet_protec": [ [ "torso", 12 ] ],
    "flags": [ "BIONIC_NPC_USABLE", "BIONIC_SHOCKPROOF" ]
  },
  {
    "id": "bio_armorV2_arms",
    "copy-from": "bionic_general_npc_usable",
    "type": "BIONIC_ITEM",
    "name": { "str": "Arms Alloy Plating Mk.2 CBM" },
    "description": "The better version of the original alloy plating that replaces the flesh on the user's arms.  Provides 12 bash and cut protection, 10 ballistic protection, and can be used in conjunction with bionic martial arts.",
    "price": "3500 USD",
    "difficulty": 3
  },
  {
    "id": "bio_armorV2_eyes",
    "copy-from": "bionic_general_npc_usable",
    "type": "BIONIC_ITEM",
    "name": { "str": "Protective Lenses Mk.2 CBM" },
    "looks_like": "bio_int_enhancer",
    "description": "A bionic package that seals the user's eye sockets with highly protective mirrored lenses and re-routes their tear ducts to their mouth.  Provides 3 bash and cut protection, and 7 environmental protection.",
    "price": "5500 USD",
    "weight": "500 g",
    "difficulty": 5
  },
  {
    "id": "bio_armorV2_head",
    "copy-from": "bionic_general_npc_usable",
    "type": "BIONIC_ITEM",
    "name": { "str": "Head Alloy Plating Mk.2 CBM" },
    "looks_like": "bio_int_enhancer",
    "description": "The better version of the original alloy plating that replaces the flesh on the user's head, protecting both their head and jaw regions.  Provides 12 bash and cut protection, and 10 ballistic protection.",
    "price": "3500 USD",
    "weight": "1000 g",
    "difficulty": 5
  },
  {
    "id": "bio_armorV2_legs",
    "copy-from": "bionic_general_npc_usable",
    "type": "BIONIC_ITEM",
    "name": { "str": "Legs Alloy Plating Mk.2 CBM" },
    "looks_like": "bio_int_enhancer",
    "description": "The better version of the original alloy plating that replaces the flesh on the user's legs.  Provides 12 bash and cut protection, 10 ballistic protection, and can be used in conjunction with bionic martial arts.",
    "price": "3500 USD",
    "difficulty": 3
  },
  {
    "id": "bio_armorV2_torso",
    "copy-from": "bionic_general_npc_usable",
    "type": "BIONIC_ITEM",
    "name": { "str": "Torso Alloy Plating Mk.2 CBM" },
    "looks_like": "bio_int_enhancer",
    "description": "The better version of the original alloy plating that replaces the flesh on the user's torso, protecting it from physical trauma.  Provides 12 bash and cut protection, and 12 ballistic protection.",
    "price": "3500 USD",
    "weight": "3000 g",
    "difficulty": 4
  }
]