[
  {
    "type": "effect_type",
    "id": "antitoxin",
    "removes_effects": [
      "foodpoison",
      "paralyzepoison",
      "poison",
      "badpoison"
    ]
  },
  {
    "type": "effect_type",
    "id": "antirad",
    "base_mods": { "rad_chance": [ 600 ], "rad_min": [ -1 ] },
    "removes_effects": [ "irradiated" ]
  },
  {
    "type": "effect_type",
    "//": "not workin",
    "id": "regenhealth",
    "name": [ "Regeneration" ],
    "base_mods": { "healing_rate": [ 60 ], "healing_head": [ 50 ], "healing_torso": [ 150 ] },
    "scaling_mods": { "healing_rate": [ 60 ] },
    "blood_analysis_description": "regeneration"
  },
  {
    "type": "effect_type",
    "id": "speedup",
    "name": [ "speed up" ],
    "desc": [ "You became faster." ],
    "apply_message": "You became faster.",
    "rating": "good",
    "base_mods": {
      "speed_mod": [ 20 ]
    },
    "show_in_info": true
  },
  {
    "type": "effect_type",
    "id": "strengthup",
    "name": [ "strength up" ],
    "desc": [ "You became stronger." ],
    "apply_message": "You became stronger.",
    "rating": "good",
    "base_mods": {
      "str_mod": [ 2 ]
    },
    "show_in_info": true
  },
  {
    "type": "effect_type",
    "id": "intelligenceup",
    "name": [ "intelligence up" ],
    "desc": [ "You became smarter." ],
    "apply_message": "You became smarter.",
    "rating": "good",
    "base_mods": {
      "int_mod": [ 2 ]
    },
    "show_in_info": true
  },
  {
    "type": "effect_type",
    "id": "perceptionup",
    "name": [ "perception up" ],
    "desc": [ "Your perception became better." ],
    "apply_message": "Your perception became better.",
    "rating": "good",
    "base_mods": {
      "per_mod": [ 2 ]
    },
    "show_in_info": true
  },
  {
    "type": "effect_type",
    "id": "dexterityup",
    "name": [ "dexterity up" ],
    "desc": [ "Your dexterity became better." ],
    "apply_message": "Your dexterity became better.",
    "rating": "good",
    "base_mods": {
      "dex_mod": [ 2 ]
    },
    "show_in_info": true
  },
  {
    "type": "effect_type",
    "id": "staminaup",
    "name": [ "stamina up" ],
    "desc": [ "Your stamina became better." ],
    "apply_message": "Your stamina became better.",
    "rating": "good",
    "base_mods": {
      "stamina_min": [ 3 ],
      "stamina_max": [ 6 ]
    },
    "show_in_info": true
  },
  {
    "type": "effect_type",
    "id": "speeddown",
    "name": [ "speed down" ],
    "desc": [ "You became slower." ],
    "apply_message": "You became slower.",
    "rating": "bad",
    "base_mods": {
      "speed_mod": [ -20 ]
    },
    "show_in_info": true
  },
  {
    "type": "effect_type",
    "id": "strengthdown",
    "name": [ "strength down" ],
    "desc": [ "You became weaker." ],
    "apply_message": "You became weaker.",
    "rating": "bad",
    "base_mods": {
      "str_mod": [ -2 ]
    },
    "show_in_info": true
  },
  {
    "type": "effect_type",
    "id": "intelligencedown",
    "name": [ "intelligence down" ],
    "desc": [ "You became stupider." ],
    "apply_message": "You became stupider.",
    "rating": "bad",
    "base_mods": {
      "int_mod": [ -2 ]
    },
    "show_in_info": true
  },
  {
    "type": "effect_type",
    "id": "perceptiondown",
    "name": [ "perception down" ],
    "desc": [ "Your perception became worse." ],
    "apply_message": "Your perception became worse.",
    "rating": "bad",
    "base_mods": {
      "per_mod": [ -2 ]
    },
    "show_in_info": true
  },
  {
    "type": "effect_type",
    "id": "dexteritydown",
    "name": [ "dexterity down" ],
    "desc": [ "Your dexterity became worse." ],
    "apply_message": "Your dexterity became worse.",
    "rating": "bad",
    "base_mods": {
      "dex_mod": [ -2 ]
    },
    "show_in_info": true
  },
  {
    "type": "effect_type",
    "id": "staminadown",
    "name": [ "stamina down" ],
    "desc": [ "Your stamina became worse." ],
    "apply_message": "Your stamina became worse.",
    "rating": "bad",
    "base_mods": {
      "stamina_min": [ -3 ],
      "stamina_max": [ -6 ]
    },
    "show_in_info": true
  },
  {
    "type": "effect_type",
    "id": "cold_zhigh",
    "name": [ "Frozen" ],
    "desc": [ "You became slower, and also gets damage every time." ],
    "apply_message": "You became slow, and gets hurt every time.",
    "remove_message": "You no longer feel cold.",
    "main_parts_only": true,
    "part_descs": true,
    "rating": "bad",
    "max_intensity": 2000,
    "int_dur_factor": "7 m",
    "max_duration": "8 m",
    "base_mods": {
      "hurt_min": [ 1 ],
      "hurt_chance": [ 20 ],
      "speed_mod": [ -3000 ]
    }
  },
  {
    "type": "effect_type",
    "id": "healing_gas_zhigh",
    "name": [ "Healing Gas" ],
    "desc": [ "Smells weird, but good for your body." ],
    "remove_message": "The weird smell is gone.",
    "removes_effects": [ "poison", "infected", "fungus", "bleed", "common_cold", "flu", "tetanus" ],
    "decay_messages": [ [ "The healing effect is fading with it's smell.", "bad" ] ],
    "rating": "good",
    "max_duration": "30 m",
    "max_intensity": 30,
    "int_dur_factor": "1 m",
    "base_mods": {
      "health_min": [ 50 ],
      "health_chance": [ 95 ],
      "h_mod_min": [ 50 ],
      "h_mod_chance": [ 95 ],
      "pain_tick": [ 25 ],
      "pain_min": [ -5 ],
      "stamina_min": [ 4 ],
      "stamina_max": [ 8 ],
      "speed_mod": [ 10, 25 ]
    }
  },
  {
    "//": "Got this line of code from an old mod related to doom. Not original.",
	"type": "effect_type",
	"id": "healing_medkit",
	"int_add_val": 3,
	"max_intensity": 3,
	"base_mods": {
	"health_min": [-1.5],
	"h_mod_min": [-10]
	},
	"scaling_mods": {
	"health_min": [-1.5],
	"h_mod_min": [-10]
	}
  }
]