[
  {
    "type": "mod_tileset",
    "compatibility": [
      "Chibi_Ultica",
      "UltimateCataclysm",
      "MshockXottoplus",
      "UNDEAD_PEOPLE",
      "UNDEAD_PEOPLE_BASE",
      "UNDEAD_PEOPLE_LEGACY",
      "UlticaShell",
      "MshockXottoplus12",
      "MSX++DEAD_PEOPLE",
      "MXplus12_for_cosmetics",
      "MSXotto+"
    ],
    "tiles-new": [
      {
        "file": "Zhigh_itemsoffset01Up.png",
        "tiles": [
          { "id": "overlay_worn_KingHat_Zhigh", "fg": 1 },
          { "id": "overlay_worn_queen_wig", "fg": 2 },
          { "id": "overlay_worn_snow_suit_head", "fg": 3 },
          { "id": "overlay_worn_hat_sailor", "fg": 4 },
          { "id": "overlay_worn_badge_plant", "fg": 5 },
          { "id": "overlay_worn_hat_witch_purp", "fg": 6 },
          { "id": "overlay_worn_hat_witch_black", "fg": 7 },
          { "id": "overlay_female_mutation_hair_hacker", "fg": 8 },
          { "id": "overlay_male_mutation_hair_hacker", "fg": 8 }
        ],
        "//": "range 1 to 128",
        "sprite_width": 32,
        "sprite_height": 32,
        "sprite_offset_x": 0,
        "sprite_offset_y": -10
      }
    ]
  }
]