[
  {
    "id": "mlbrick",
    "type": "GENERIC",
    "copy-from": "blackjack",
    "name": { "str": "millwall brick" },
    "description": "Nothing but rolls of newspaper, used as an improvised club. Although it is easy to create, it is pretty fragile.",
    "weight": "30 g",
    "price_postapoc": "10 USD",
    "material": [ "paper" ],
    "techniques": [ "WBLOCK_1" ],
    "bashing": 9,
    "flags": [ "FRAGILE_MELEE", "NONCONDUCTIVE" ],
    "price": "2 USD"
  },
  {
    "id": "stick_swag",
    "type": "GENERIC",
    "category": "weapons",
    "weapon_category": [ "BATONS" ],
    "symbol": "/",
    "color": "brown",
    "name": { "str": "swagger stick" },
    "description": "A smooth and sturdy staff with a leather-wrapped grip. Normally this is used to control a band, it could be as a mace-like weapon if needed.",
    "price": "400 USD",
    "price_postapoc": "100 USD",
    "material": [ "wood", "steel", "gold" ],
    "techniques": [ "PRECISE", "RAPID", "SWEEP" ],
    "flags": [ "DURABLE_MELEE", "SHEATH_SWORD", "NONCONDUCTIVE", "SHEATH_SPEAR" ],
    "weight": "1200 g",
    "volume": "1 L",
    "bashing": 12,
    "to_hit": 3
  },
  {
    "id": "frog_umbrella_close",
    "type": "GENERIC",
    "copy-from": "cane",
    "looks_like": "frog_umbrella_open",
    "weapon_category": [ "BATONS", "SPEARS" ],
    "to_hit": 3,
    "bashing": 6,
    "cutting": 4,
    "material": [ "aluminum", "plastic" ],
    "techniques": [ "WBLOCK_1", "RAPID" ],
    "name": { "str": "umbrella, closed" },
    "description": "An umbrella, which is closed now. You can use this as an actual umbrella, if needed.",
    "flags": [ "DURABLE_MELEE", "NONCONDUCTIVE", "STAB", "SHEATH_SWORD" ],
    "use_action": {
        "menu_text": "Open umbrella",
        "type": "transform",
        "target": "frog_umbrella_open",
        "msg": "You opened your umbrella, ready to shield yourself from rain."
      }
  },
  {
    "id": "frog_umbrella_open",
    "type": "GENERIC",
    "copy-from": "umbrella",
    "category": "weapons",
    "weapon_category": [ "BATONS" ],
    "to_hit": 2,
    "bashing": 2,
    "cutting": 2,
    "name": { "str": "umbrella, opened" },
    "description": "An umbrella, which is opened now. You can use this as an improvised weapon, if needed.",
    "use_action": {
        "menu_text": "Close Umbrella",
        "type": "transform",
        "target": "frog_umbrella_close",
        "msg": "You closed your umbrella, ready to use it as an improvised weapon."
      },
     "flags": [ "DURABLE_MELEE", "NONCONDUCTIVE", "STAB", "RAIN_PROTECT" ]
  },
  {
    "type": "GENERIC",
    "copy-from": "throwing_knife",
    "id": "throwing_knife_scrap",
    "category": "weapons",
    "price": "520 USD",
    "price_postapoc": "50 USD",
    "name": { "str": "scrap throwing knife", "str_pl": "scrap throwing knives" },
    "symbol": ";",
    "color": "light_gray",
    "description": "A thin and flat knife made for throwing.  Its ineffective cutting edge and odd shape makes it unsuitable for use as a tool. Plus, it is made from scrap, so it is quite unreliable.",
    "material": "steel",
    "volume": "100 ml",
    "weight": "110 g",
    "cutting": 8,
    "thrown_damage": [ { "damage_type": "stab", "amount": 11 } ]
  },
  {
    "id": "selfie_stick",
    "type": "GENERIC",
    "category": "weapons",
    "name": { "str": "selfie stick" },
    "description": "A telescoping selfie stick that collapses for easy storage.  Makes a mediocre melee weapon.  Activate to expand.",
    "weight": "725 g",
    "color": "dark_gray",
    "price_postapoc": "750 USD",
    "symbol": "/",
    "material": [ "aluminum" ],
    "flags": [ "FRAGILE_MELEE", "BELT_CLIP" ],
    "use_action": [ "CAMERA", { "menu_text": "Expand", "type": "transform", "target": "selfie_stick_extended", "msg": "You snap open your selfie stick." } ],
    "volume": "250 ml",
    "bashing": 16,
    "magazines": [
      [
        "battery",
        [
          "light_plus_battery_cell",
          "light_minus_battery_cell",
          "light_battery_cell",
          "light_atomic_battery_cell",
          "light_minus_atomic_battery_cell",
          "light_minus_disposable_cell",
          "light_disposable_cell"
        ]
      ]
    ],
    "magazine_well": "250 ml",
    "price": "1750 USD"
  },
  {
    "id": "selfie_stick_extended",
    "type": "GENERIC",
    "copy-from": "selfie_stick",
    "weapon_category": [ "BATONS" ],
    "name": { "str": "selfie stick (extended)" },
    "description": "A telescoping selfie stick that collapses for easy storage.  Makes a mediocre melee weapon.  Activate to collapse.",
    "to_hit": 3,
    "techniques": [ "WBLOCK_1", "RAPID" ],
    "use_action": { "menu_text": "Collapse", "type": "transform", "target": "selfie_stick", "msg": "You collapse your selfie stick." },
    "volume": "750 ml",
    "flags": [ "FRAGILE_MELEE", "BELT_CLIP", "REACH_ATTACK" ],
    "bashing": 5
  },
  {
    "id": "katana_hm",
    "type": "GENERIC",
    "category": "weapons",
    "weapon_category": [ "SHORT_SWORDS", "1H_SWORDS", "JAPANESE_SWORDS" ],
    "name": { "str": "el verdugo" },
    "description": "A katana-shaped machete, which has a crimson red grip.",
    "weight": "800 g",
    "volume": "1 L",
    "price": "6000 USD",
    "price_postapoc": "1500 USD",
    "to_hit": 2,
    "relic_data": {
      "passive_effects": [
        {
          "has": "WIELD",
          "condition": "ALWAYS",
          "values": [ { "value": "ARMOR_ELEC", "multiply": -1.0 }, { "value": "SPEED", "add": 30 } ],
          "hit_you_effect": [
            {
              "id": "zhigh_regen",
              "message": "Your wounds regenerate as you chop %2$s down.",
              "npc_message": "%1$s's wounds disappear as they chop %2$s down."
            }
          ]
        }
      ]
    },
    "bashing": 6,
    "cutting": 25,
    "material": "steel",
    "symbol": "/",
    "color": "light_gray",
    "techniques": [ "RAPID", "WBLOCK_2" ],
    "qualities": [ [ "CUT", 1 ], [ "BUTCHER", 9 ] ],
    "flags": [ "DURABLE_MELEE", "SHEATH_SWORD", "NONCONDUCTIVE" ]
  },
  {
    "id": "plant_zhigh",
    "type": "GUN",
    "name": { "str_sp": "Audrey" },
    "description": "A weird plant, which looks like it came from an 80s movie.",
    "volume": "600 ml",
    "price": "500 USD",
    "material": [ "veggy" ],
    "symbol": "(",
    "color": "pink",
    "skill": "pistol",
    "range": 7,
    "ranged_damage": { "damage_type": "bullet", "amount": 1, "armor_penetration": 6 },
    "dispersion": 60,
    "durability": 10,
    "loudness": 5,
    "ammo_effects": [ "PARALYZEPOISON", "HEAVY_HIT", "BLINDS_EYES" ],
    "modes": [ [ "AUTO", "full auto", 3 ] ],
    "flags": [ "NEVER_JAMS" ]
  },
  {
    "id": "gunstock_club",
    "type": "GENERIC",
    "category": "weapons",
    "weapon_category": [ "BATONS" ],
    "name": { "str": "gunstock war club" },
    "description": "An oddly shpaed wood looking like a rifle, is called a gunstock due to its shape and useage of it. Was used by Native Americans. Also have a sharp point to pick some brains out.",
    "weight": "450 g",
    "to_hit": 1,
    "price_postapoc": "250 USD",
    "color": "brown",
    "symbol": "/",
    "material": [ "wood", "stone" ],
    "techniques": [ "WBLOCK_2", "DEF_DISARM", "WIDE", "SWEEP", "RAPID" ],
    "volume": "600 ml",
    "bashing": 35,
    "flags": [ "BELT_CLIP", "DURABLE_MELEE", "NONCONDUCTIVE", "SHEATH_AXE" ],
    "price": "1000 USD"
  },
  {
    "id": "zhigh_smart_phone",
    "type": "TOOL",
    "category": "tools",
    "name": { "str": "school smartphone" },
    "description": "A popular, fancy smartphone.  Capable of making photos due to integrated camera and illuminating an area as per flashlight app. The smartphone also has a clock app that includes an alarm.  Runs on a small, infinite power cell.",
    "weight": "230 g",
    "volume": "100 ml",
    "price": "2000 USD",
    "price_postapoc": "200 USD",
    "material": [ "plastic", "aluminum" ],
    "looks_like": "smart_phone",
    "symbol": ";",
    "color": "light_gray",
    "use_action": [
      {
        "target": "zhigh_smart_phone_flashlight",
        "msg": "You activate the flashlight app.",
        "active": true,
        "type": "transform"
      },
      "CAMERA",
      "PORTABLE_GAME",
      "EINKTABLETPC"
    ],
    "flags": [ "WATCH", "BELT_CLIP", "ALARMCLOCK", "TWO_WAY_RADIO" ]
  },
  {
    "id": "zhigh_smart_phone_flashlight",
    "copy-from": "zhigh_smart_phone",
    "type": "TOOL",
    "name": { "str": "school smartphone - Flashlight", "str_pl": "school smartphones - Flashlight" },
    "revert_to": "zhigh_smart_phone",
    "use_action": {
      "target": "zhigh_smart_phone",
      "msg": "You deactivate the flashlight app.",
      "menu_text": "Turn off flashlight",
      "type": "transform"
    },
    "flags": [ "WATCH", "BELT_CLIP", "LIGHT_500", "TRADER_AVOID", "ALARMCLOCK", "TWO_WAY_RADIO" ]
  },
  {
    "id": "thunderball",
    "type": "GENERIC",
    "category": "weapons",
    "weapon_category": [ "SAPS" ],
    "symbol": ";",
    "color": "white",
    "name": { "str": "thunderball" },
    "description": "A rock tied to some kind of rope, you can use this in an emergency.",
    "price": "1000 USD",
    "price_postapoc": "100 USD",
    "material": [ "cotton", "stone" ],
    "weight": "800 g",
    "volume": "300 ml",
    "bashing": 6,
    "to_hit": 1,
    "flags": [ "BELT_CLIP", "WHIP" ],
    "qualities": [ [ "HAMMER", 1 ] ]
  },
  {
    "id": "knuckle_elec",
    "type": "TOOL",
    "category": "weapons",
    "copy-from": "tazer",
    "weapon_category": [ "FIST_WEAPONS" ],
    "symbol": "3",
    "color": "dark_gray",
    "name": { "str": "pair of shock knuckles", "str_pl": "pairs of shock knuckles" },
    "description": "A mass of scrap metal crudely beat into shape, with folded rags underneath to protect the wearers knuckles.  A good, quick weapon - but you have to get within punching range to use it. An integrated tazer will make the job easier, by shocking the enemies. Activate to skock them.",
    "material": "steel",
    "volume": "300 ml",
    "weight": "530 g",
    "bashing": 8,
    "price_postapoc": "50 USD",
    "qualities": [ [ "HAMMER", 1 ] ],
    "flags": [ "UNARMED_WEAPON", "NONCONDUCTIVE", "BELT_CLIP" ]
  },
  {
    "id": "camp_chair_zhigh",
    "type": "GENERIC",
    "copy-from": "camp_chair",
    "category": "tools",
    "material": [ "plastic", "steel" ],
    "name": { "str": "camp chair (weapon)" },
    "description": "Folded camp chair, now bound with duct tape to use it as a weapon.",
    "to_hit": 2,
    "bashing": 20,
    "flags": [ "DURABLE_MELEE", "ALWAYS_TWOHAND", "NONCONDUCTIVE" ],
    "techniques": [ "WBLOCK_2", "WIDE", "SWEEP" ]
  },
  {
    "id": "KorGong",
    "type": "TOOL",
    "category": "tools",
    "name": { "str": "korean gong" },
    "description": "A simple brass plated gong, this one emits a high noise.",
    "weight": "300 g",
    "volume": "350 ml",
    "price": "5000 USD",
    "price_postapoc": "150 USD",
    "bashing": 2,
    "material": [ "iron", "brass" ],
    "symbol": "-",
    "color": "light_gray",
    "initial_charges": 1,
    "max_charges": 1,
    "use_action": {
      "type": "musical_instrument",
      "volume": 30,
      "fun": -7,
      "fun_bonus": 1,
      "speed_penalty": 10,
      "description_frequency": 25,
      "player_descriptions": [
        "You play a little beat on your korean gong.",
        "You play a beautiful rythm on your korean gong.",
        "You play a piece on your korean gong that would sound harmonious with drums."
      ]
    }
  },
  {
    "id": "karambit",
    "type": "GENERIC",
    "category": "weapons",
    "weapon_category": [ "KNIVES" ],
    "name": { "str": "karambit" },
    "description": "The karambit is a small Indonesian curved knife resembling a claw. It is one of the weapons commonly used in pencak silat and Indonesian martial arts.",
    "looks_like": "kukri",
    "weight": "350 g",
    "volume": "450 ml",
    "price": "1800 USD",
    "to_hit": 1,
    "price_postapoc": "250 USD",
    "bashing": 1,
    "cutting": 16,
    "material": [ "plastic", "steel" ],
    "symbol": "/",
    "color": "dark_gray",
    "techniques": [ "RAPID", "PRECISE" ],
    "qualities": [ [ "CUT", 3 ], [ "CUT_FINE", 1 ], [ "BUTCHER", 8 ] ],
    "flags": [ "STAB", "SHEATH_KNIFE", "NONCONDUCTIVE", "DURABLE_MELEE" ]
  },
  {
    "id": "baton_light",
    "type": "TOOL",
    "copy-from": "cudgel",
    "weapon_category": [ "BATONS" ],
    "name": { "str": "light baton" },
    "description": "A slender long rod of plastic cudgel, while traditionally intended as a tool for controlling traffic and people, it still makes a good melee weapon in a pinch.",
    "weight": "500 g",
    "color": "red",
    "material": [ "plastic" ],
    "bashing": 9,
    "flags": [ "BELT_CLIP", "LEAK_DAM", "RADIOACTIVE" ],
    "use_action": {
      "type": "transform",
      "msg": "You turn the light baton on.",
      "target": "baton_light_on",
      "menu_text": "Turn on"
    }
  },
  {
    "id": "baton_light_on",
    "copy-from": "baton_light",
    "type": "TOOL",
    "name": { "str": "light baton (on)" },
    "use_action": { "menu_text": "Turn off", "type": "transform", "msg": "You turn the light baton off.", "target": "baton_light" },
    "flags": [ "LIGHT_20", "LEAK_DAM", "RADIOACTIVE", "TRADER_AVOID", "BELT_CLIP" ]
  },
  {
    "type": "GENERIC",
    "id": "throwing_card_spade",
    "category": "weapons",
    "price": "5 USD",
    "price_postapoc": "1 USD",
    "name": { "str": "spade throwing card", "str_pl": "spade throwing cards" },
    "symbol": ";",
    "color": "light_gray",
    "description": "A thin and flat spade card made for throwing.",
    "material": "paper",
    "volume": "2 ml",
    "weight": "2 g",
    "cutting": 6,
    "flags": [ "NPC_THROWN" ],
    "thrown_damage": [ { "damage_type": "stab", "amount": 6 } ]
  },
  {
    "type": "GENERIC",
    "id": "throwing_card_club",
    "looks_like": "throwing_card_spade",
    "category": "weapons",
    "price": "5 USD",
    "price_postapoc": "1 USD",
    "name": { "str": "club throwing card", "str_pl": "club throwing cards" },
    "symbol": ";",
    "color": "light_gray",
    "description": "A thin and flat club card made for throwing.",
    "material": "paper",
    "volume": "2 ml",
    "weight": "2 g",
    "cutting": 1,
    "flags": [ "NOGIB", "TANGLE", "PRIMITIVE_RANGED_WEAPON", "NPC_THROWN" ],
    "thrown_damage": [ { "damage_type": "bullet", "amount": 6 } ]
  },
  {
    "type": "GENERIC",
    "id": "throwing_card_diam",
    "looks_like": "throwing_card_spade",
    "category": "weapons",
    "price": "5 USD",
    "price_postapoc": "1 USD",
    "name": { "str": "diamond throwing card", "str_pl": "diamond throwing cards" },
    "symbol": ";",
    "color": "light_gray",
    "description": "A thin and flat diamond card made for throwing.",
    "material": "paper",
    "volume": "2 ml",
    "weight": "2 g",
    "bashing": 1,
    "flags": [ "NPC_THROWN" ],
    "thrown_damage": [ { "damage_type": "heat", "amount": 6 } ]
  },
  {
    "type": "GENERIC",
    "id": "throwing_card_hear",
    "looks_like": "throwing_card_spade",
    "category": "weapons",
    "price": "5 USD",
    "price_postapoc": "1 USD",
    "name": { "str": "heart throwing card", "str_pl": "heart throwing cards" },
    "symbol": ";",
    "color": "light_gray",
    "description": "A thin and flat heart card made for throwing.",
    "material": "paper",
    "volume": "2 ml",
    "weight": "2 g",
    "bashing": 1,
    "flags": [ "NPC_THROWN" ],
    "thrown_damage": [ { "damage_type": "bash", "amount": 7 } ]
  },
  {
	"id": "zap_grenade",
	"type": "TOOL",
	"copy-from": "grenade_canister",
	"looks_like": "grenade_emp",
	"name": "zapper grenade",
	"description": "Zapper grenade is an improvised grenade which, when pin is pulled, emits a cloud of electricity which can shock your enemies; but be careful, it will also shock you if you are nearby.",
	"countdown_action": { "menu_text": "Pull pin", "type": "transform", "target": "zap_grenade_act" }
  },
  {
	"id": "zap_grenade_act",
	"type": "TOOL",
	"copy-from": "zap_grenade",
	"name": "armed zapper grenade",
	"description": "This zapper grenade currently lost its pin, thus creating a dangerous electric field.",
	"emits": [ "emit_shock_cloud" ],
	"countdown_interval": 30,
	"countdown_action": { "type": "transform", "target": "canister_empty" },
	"flags": [ "TRADER_AVOID" ]
  },
  {
	"id": "rad_grenade",
	"type": "TOOL",
	"copy-from": "grenade_canister",
	"looks_like": "grenade_emp",
	"name": "radioactive grenade",
	"description": "Radioactive grenade is an improvised grenade which, when pin is pulled, emits a cloud of radiation which can damage your enemies; but be careful, it will also affect you if you are nearby.",
	"countdown_action": { "menu_text": "Pull pin", "type": "transform", "target": "rad_grenade_act" }
  },
  {
	"id": "rad_grenade_act",
	"type": "TOOL",
	"copy-from": "rad_grenade",
	"name": "armed radioactive grenade",
	"description": "This radioactive grenade currently lost its pin, thus creating a dangerous radioactive field.",
	"emits": [ "emit_nuke_cloud" ],
	"countdown_interval": 30,
	"countdown_action": { "type": "transform", "target": "canister_empty" },
	"flags": [ "TRADER_AVOID" ]
   },
   {
	"id": "cryo_grenade",
	"type": "TOOL",
	"copy-from": "grenade_canister",
	"looks_like": "grenade_emp",
	"name": "cryo grenade",
	"description": "Cryo grenade is an improvised grenade which, when pin is pulled, emits a cloud of liquid nitrogen which can damage your enemies; but be careful, it will also affect you if you are nearby.",
	"countdown_action": { "menu_text": "Pull pin", "type": "transform", "target": "cryo_grenade_act" }
  },
  {
	"id": "cryo_grenade_act",
	"type": "TOOL",
	"copy-from": "cryo_grenade",
	"name": "armed cryo grenade",
	"description": "This cryo grenade currently lost its pin, thus creating a dangerous cryo field.",
	"emits": [ "emit_freeze_cloud_big" ],
	"countdown_interval": 30,
	"countdown_action": { "type": "transform", "target": "canister_empty" },
	"flags": [ "TRADER_AVOID" ]
  },
  {
    "id": "flashlight_hk",
    "type": "TOOL",
    "category": "tools",
    "name": { "str": "crank flashlight (off)", "str_pl": "crank flashlights (off)" },
    "description": "This is a typical household flashlight with a plastic handle.  Using this flashlight will turn it on and provide light, assuming it is charged with batteries. Since it is turned off, you can use this to crank your batteries.",
    "material": [ "plastic", "aluminum" ],
    "symbol": ";",
    "color": "blue",
    "weight": "220 g",
    "volume": "150 ml",
    "price": "600 USD",
    "price_postapoc": "120 USD",
    "charges_per_use": 1,
    "ammo": "battery",
    "flags": [ "BELT_CLIP" ],
    "use_action": [
       "HAND_CRANK",
       {
         "type": "transform",
         "msg": "You turn the flashlight on.",
         "target": "flashlight_hk_on",
         "active": true,
         "need_charges": 1,
         "need_charges_msg": "The flashlight's batteries are dead."
       }
    ],
    "magazines": [
      [
        "battery",
        [
          "light_battery_cell",
          "light_plus_battery_cell",
          "light_minus_battery_cell",
          "medium_battery_cell",
          "medium_plus_battery_cell",
          "heavy_battery_cell",
          "heavy_plus_battery_cell"
        ]
      ]
    ],
    "magazine_well": "2 L"
  },
  {
    "id": "flashlight_hk_on",
    "copy-from": "flashlight_hk",
    "type": "TOOL",
    "name": { "str": "crank flashlight (on)", "str_pl": "crank flashlights (on)" },
    "power_draw": 10000,
    "revert_to": "flashlight",
    "use_action": { "menu_text": "Turn off", "type": "transform", "msg": "You turn the flashlight off.", "target": "flashlight_hk" },
    "flags": [ "LIGHT_300", "TRADER_AVOID", "BELT_CLIP" ]
  },
  {
    "id": "woodenKnife",
    "type": "GENERIC",
    "category": "weapons",
    "weapon_category": [ "KNIVES" ],
    "name": { "str": "wooden knife" },
    "description": "A model knife, made out of wood. Still a good weapon if needed, but will not last for long.",
    "weight": "558 g",
    "volume": "500 ml",
    "to_hit": 2,
    "bashing": 14,
    "material": "wood",
    "symbol": "/",
    "color": "dark_gray",
    "techniques": "RAPID",
    "flags": [ "DURABLE_MELEE", "SHEATH_KNIFE", "NONCONDUCTIVE" ],
    "thrown_damage": [ { "damage_type": "bash", "amount": 14 } ]
  },
  {
    "id": "crovel",
    "type": "GENERIC",
    "category": "tools",
    "weapon_category": [ "CLUBS" ],
    "name": { "str": "crovel survival tool" },
    "description": "This is a digging tool. And a crowbar. And a saw. And more. Wow. Use it to dig pits, saw trees, and entry doors without permission.",
    "weight": "1315 g",
    "volume": "3500 ml",
    "price": "2000 USD",
    "price_postapoc": "250 USD",
    "to_hit": 3,
    "bashing": 20,
    "cutting": 27,
    "material": [ "steel" ],
    "symbol": "/",
    "color": "brown",
    "qualities": [ [ "AXE", 1 ], [ "SAW_W", 2 ], [ "SAW_M", 2 ], [ "PRY", 3 ], [ "HAMMER", 2 ], [ "DIG", 3 ], [ "COOK", 1 ], [ "BUTCHER", -70 ] ],
    "techniques": [ "WBLOCK_1" ],
    "use_action": [ "HAMMER", "CROWBAR" ],
    "flags": [ "NONCONDUCTIVE", "BELT_CLIP" ]
  },
  {
    "id": "heavMultTool",
    "type": "GENERIC",
    "category": "tools",
    "weapon_category": [ "HOOKED_POLES", "CLUBS" ],
    "name": { "str": "heavy multi-tool" },
    "description": "Put a pickaxe head on a shovel. Now this is a digging tool. And a pickaxe. Wow. Use it to dig pits, break rocks, and entry doors without permission.",
    "weight": "1315 g",
    "volume": "3500 ml",
    "price": "2000 USD",
    "price_postapoc": "250 USD",
    "to_hit": 3,
    "bashing": 20,
    "cutting": 27,
    "material": [ "steel" ],
    "symbol": "/",
    "color": "brown",
    "qualities": [ [ "HAMMER", 2 ], [ "DIG", 3 ], [ "COOK", 1 ], [ "BUTCHER", -70 ] ],
    "techniques": [ "WBLOCK_1" ],
    "use_action": "PICKAXE",
    "flags": [ "NONCONDUCTIVE", "BELT_CLIP" ]
  },
  {
    "id": "staff_skull",
    "copy-from": "stick_swag",
    "type": "GENERIC",
    "category": "weapons",
    "weapon_category": [ "BATONS" ],
    "name": { "str": "skull staff" },
    "description": "A smooth and sturdy staff with a leather-wrapped grip. This could be as a mace-like weapon if needed.",
    "bashing": 19
  },
  {
    "id": "pencil",
    "type": "TOOL",
    "category": "tools",
    "weapon_category": [ "KNIVES" ],
    "name": { "str": "pencil" },
    "description": "This is a long, thin object, usually made of wood, for writing or drawing, with a sharp black point at one end. You could use this as a weapon, but you aren't the jester or a professional killer. You have been warned.",
    "weight": "40 g",
    "volume": "20 ml",
    "price": "2 USD",
    "price_postapoc": "1 USD",
    "to_hit": -2,
    "cutting": 8,
    "material": [ "wood" ],
    "symbol": ";",
    "color": "dark_gray",
    "techniques": [ "RAPID" ],
    "initial_charges": 30,
    "max_charges": 30,
    "charges_per_use": 1,
    "use_action": { "type": "inscribe", "verb": "Write", "gerund": "Written", "on_terrain": true, "material_restricted": false },
    "flags": [ "STAB", "SHEATH_KNIFE", "WRITE_MESSAGE", "BELT_CLIP" ]
  },
  {
    "id": "ultimatecontrol",
    "copy-from": "radiocontrol",
    "type": "TOOL",
    "category": "tools",
    "name": { "str": "ultimate controller" },
    "description": "A remote control for both RC cars, cars and robots. Debug only.",
    "turns_per_charge": 10,
    "use_action": [ "RADIOCONTROL", "REMOTEVEH", "ROBOTCONTROL" ],
    "flags": [ "BELT_CLIP" ]
  },
  {
    "id": "shavinghaircutkit",
    "looks_like": "survivor_hairtrimmer",
    "type": "TOOL",
    "category": "tools",
    "name": { "str": "shaving and haircut kit" },
    "description": "This is a compact and lightweight shaving and haircut kit made for travelers.  You can use it to shave or get your hair trimmed.",
    "weight": "120 g",
    "volume": "300 ml",
    "price": "1000 USD",
    "price_postapoc": "250 USD",
    "to_hit": -1,
    "material": "plastic",
    "symbol": ";",
    "color": "white",
    "use_action": [ "SHAVEKIT", "HAIRKIT" ],
    "flags": [ "BELT_CLIP", "ALLOWS_REMOTE_USE", "NO_SALVAGE" ]
  },
  {
    "id": "hygienekit",
    "looks_like": "survivor_hairtrimmer",
    "type": "TOOL",
    "category": "tools",
    "name": { "str": "hygiene kit" },
    "description": "This is a compact and lightweight shaving and hygiene kit made for travelers.  You can use it to shave, get your hair trimmed, or wash things up.",
    "weight": "220 g",
    "volume": "575 ml",
    "price": "1250 USD",
    "price_postapoc": "500 USD",
    "to_hit": -1,
    "material": "plastic",
    "symbol": ";",
    "color": "white",
    "use_action": [ "WASH_ALL_ITEMS", "SHAVEKIT", "HAIRKIT" ],
    "flags": [ "BELT_CLIP", "ALLOWS_REMOTE_USE", "NO_SALVAGE" ]
  },
  {
    "id": "cardmultitool",
    "type": "GENERIC",
    "category": "tools",
    "name": { "str": "card multi-tool" },
    "description": "A cleverly designed all-in-one tool which combines several smaller tools into the handles of a pair of pliers.",
    "weight": "6 g",
    "volume": "15 ml",
    "price": "3000 USD",
    "price_postapoc": "500 USD",
    "to_hit": -4,
    "bashing": 1,
    "cutting": 2,
    "material": [ "steel", "plastic" ],
    "symbol": ";",
    "color": "light_gray",
    "qualities": [ [ "CUT", 1 ], [ "SAW_W", 1 ], [ "SAW_M", 1 ], [ "WRENCH", 1 ], [ "SCREW", 1 ], [ "SCREW_FINE", 1 ], [ "BUTCHER", 7 ] ],
    "flags": [ "STAB", "BELT_CLIP" ]
  },
  {
    "id": "improvised_colabomb",
    "type": "TOOL",
    "category": "weapons",
    "name": { "str": "cola bomb" },
    "looks_like": "pipebomb",
    "description": "This is a plastic bottle filled with cola and a candy.  Use this item to activate, which gives you six seconds to get away from it before it detonates.",
    "weight": "710 g",
    "volume": "250 ml",
    "price": "150 USD",
    "to_hit": 1,
    "bashing": 5,
    "material": "plastic",
    "symbol": "*",
    "color": "light_gray",
    "explode_in_fire": true,
    "explosion": {
      "damage": 12,
      "radius": 1
    },
    "use_action": {
      "target": "improvised_colabomb_act",
      "msg": "You activate the cola bomb.",
      "target_charges": 6,
      "active": true,
      "menu_text": "Activate",
      "type": "transform"
    },
    "flags": [ "RADIO_MODABLE", "RADIO_INVOKE_PROC", "BOMB", "NPC_ACTIVATE" ]
  },
  {
    "id": "improvised_colabomb_act",
    "type": "TOOL",
    "category": "weapons",
    "name": { "str": "active cola bomb" },
    "looks_like": "pipebomb_act",
    "description": "This cola bomb's fuse is lit, and it will explode any second now.  Throw it immediately!",
    "weight": "710 g",
    "volume": "250 ml",
    "price": "0 USD",
    "to_hit": 1,
    "bashing": 5,
    "material": "steel",
    "symbol": "*",
    "color": "light_gray",
    "initial_charges": 6,
    "max_charges": 6,
    "turns_per_charge": 1,
    "explode_in_fire": true,
    "explosion": {
      "damage": 12,
      "radius": 1
    },
    "use_action": {
      "type": "explosion",
      "sound_volume": 0,
      "sound_msg": "ssss...",
      "no_deactivate_msg": "You've already lit the %s, try throwing it instead.",
      "explosion": {
        "damage": 60,
        "radius": 1
      }
    },
    "flags": [ "BOMB", "TRADER_AVOID", "DANGEROUS" ]
  },
  {
    "id": "ultimatemap",
    "copy-from": "abstractmap",
    "type": "GENERIC",
    "name": { "str": "ultimate survival map" },
    "description": "This is a printed guide to every trail, road, and buildings.",
    "color": "green",
    "use_action": {
      "type": "reveal_map",
      "radius": 160,
      "terrain": [
        "hiway", "road", "bridge", "subway", "sub_station",
        "s_restaurant_coffee", "s_restaurant",
        "hospital", "school", "police", "bank", "s_pharm", "s_gun", 
        "s_grocery", "s_hunting", "mil_surplus", "s_gas",
        "s_pizza_parlor", "s_restaurant_fast", "hotel_tower", "s_restaurant",
        "cathedral", "s_restaurant_fast", "megastore", "museum",
        "fema_entrance", "bunker", "helipad", "outpost",
        "microlab_sub_connector", "microlab_sub_station",
        "central_lab_train_depot", "lab_train_depot",
        { "om_terrain": "silo", "om_terrain_match_type": "TYPE" },
        { "om_terrain": "shelter", "om_terrain_match_type": "TYPE" },
        { "om_terrain": "sub_station", "om_terrain_match_type": "TYPE" },
        { "om_terrain": "bar", "om_terrain_match_type": "TYPE" },
        "police", "mil_base_road_entrance"
      ],
      "message": "You add trails and trailheads to your map."
    }
  },
  {
    "id": "knife_trenchScrap",
    "copy-from": "knife_trench",
    "type": "GENERIC",
    "category": "weapons",
    "weapon_category": [ "KNIVES" ],
    "name": { "str": "scrap trench knife (knife)", "str_pl": "scrap trench knives (knife)" },
    "bashing": 1,
    "cutting": 12,
    "use_action": {
      "type": "transform",
      "msg": "You re-grab your crap trench knife, to use it as a knuckleduster.",
      "target": "knife_trench_bashScrap"
    }
  },
  {
    "id": "knife_trench_bashScrap",
    "copy-from": "knife_trench",
    "type": "GENERIC",
    "category": "weapons",
    "weapon_category": [ "FIST_WEAPONS" ],
    "name": { "str": "scrap trench knife (knuckleduster)", "str_pl": "scrap trench knives (knuckleduster)" },
    "bashing": 12,
    "cutting": 1,
    "flags": [ "DURABLE_MELEE", "UNARMED_WEAPON", "SHEATH_KNIFE" ],
    "use_action": {
      "type": "transform",
      "msg": "You re-grab your scrap trench knife, to use it as a knife.",
      "target": "knife_trenchScrap"
    }
  },
  {
    "id": "bot_enz_hack",
    "type": "TOOL",
    "name": { "str": "inactive ENZ" },
    "description": "This is an inactive, and modified manhack.  Manhacks are fist-sized robots that fly through the air. This one has been modified to release healing gas, taze others, and shoot laser guns. Use this item to activate Enz.  Electronics and computer skill determines if the drone is activated successfully.",
    "weight": "2050 g",
    "volume": "550 ml",
    "price": "60000 USD",
    "price_postapoc": "500 USD",
    "to_hit": -3,
    "bashing": 6,
    "cutting": 6,
    "material": [ "aluminum", "plastic" ],
    "symbol": ",",
    "color": "light_green",
    "use_action": {
      "type": "place_monster",
      "monster_id": "mon_enz_hack",
      "friendly_msg": "The Enz flies from your hand and surveys the area!",
      "hostile_msg": "You misprogram Enz; it's hostile!",
      "difficulty": 2,
      "moves": 60,
      "place_randomly": false,
      "skills": [ "electronics", "computer" ]
    }
  },
  {
    "type": "GENERIC",
    "id": "broken_enz_hack",
    "symbol": ",",
    "color": "light_green",
    "name": { "str": "broken Enz" },
    "category": "other",
    "description": "A broken Enz.  Much less threatening now that it lies limp on solid ground.  Could be gutted for parts.",
    "price": "1000 USD",
    "price_postapoc": "10 USD",
    "material": [ "aluminum", "plastic" ],
    "weight": "2050 g",
    "volume": "550 ml",
    "bashing": 6,
    "cutting": 6,
    "to_hit": -3,
    "flags": [ "TRADER_AVOID", "NO_REPAIR" ]
  },
  {
    "id": "bot_attack_drone",
    "type": "TOOL",
    "name": { "str": "inactive attack drone" },
    "description": "This is an inactive, and modified manhack.  Manhacks are fist-sized robots that fly through the air. This one has been modified to taze others, and shoot laser guns. Use this item to activate attack drone.  Electronics and computer skill determines if the drone is activated successfully.",
    "weight": "2050 g",
    "volume": "550 ml",
    "price": "60000 USD",
    "price_postapoc": "500 USD",
    "to_hit": -3,
    "bashing": 6,
    "cutting": 6,
    "material": [ "aluminum", "plastic" ],
    "symbol": ",",
    "color": "light_green",
    "use_action": {
      "type": "place_monster",
      "monster_id": "mon_attack_drone",
      "friendly_msg": "The attack drone flies from your hand and surveys the area!",
      "hostile_msg": "You misprogram the attack drone; it's hostile!",
      "difficulty": 2,
      "moves": 60,
      "place_randomly": false,
      "skills": [ "electronics", "computer" ]
    }
  },
  {
    "type": "GENERIC",
    "id": "broken_attack_drone",
    "symbol": ",",
    "color": "light_green",
    "name": { "str": "broken attack drone" },
    "category": "other",
    "description": "A broken attack drone.  Much less threatening now that it lies limp on solid ground.  Could be gutted for parts.",
    "price": "1000 USD",
    "price_postapoc": "10 USD",
    "material": [ "aluminum", "plastic" ],
    "weight": "2050 g",
    "volume": "550 ml",
    "bashing": 6,
    "cutting": 6,
    "to_hit": -3,
    "flags": [ "TRADER_AVOID", "NO_REPAIR" ]
  },
  {
	"id": "heal_grenade",
	"type": "TOOL",
	"copy-from": "grenade_canister",
	"looks_like": "grenade_emp",
	"name": "heal gas grenade",
	"description": "Heal gas grenade is an improvised grenade which, when pin is pulled, emits a cloud of healing gas which can heal your allies; but be careful, it will also heal your enemies if they are nearby.",
	"countdown_action": { "menu_text": "Pull pin", "type": "transform", "target": "heal_grenade_act" }
  },
  {
	"id": "heal_grenade_act",
	"type": "TOOL",
	"copy-from": "heal_grenade",
	"name": "armed heal gas grenade",
	"description": "This heal gas grenade currently lost its pin, thus creating a soothing healing field.",
	"emits": [ "emit_heal_cloud" ],
	"countdown_interval": 30,
	"countdown_action": { "type": "transform", "target": "canister_empty" },
	"flags": [ "TRADER_AVOID" ]
  },
  {
    "id": "axe_combat",
    "looks_like": "hatchet",
    "type": "GENERIC",
    "category": "weapons",
    "weapon_category": [ "HAND_AXES", "HOOKED_POLES" ],
    "name": { "str": "tomahawk", "str_pl": "tomahawks" },
    "description": "This is a military combat axe.  It is light and extremely sharp, and could be deadly in either the right hands or when attached as an axe bayonet.",
    "techniques": [ "WBLOCK_1", "RAPID" ],
    "weight": "907 g",
    "volume": "1 L",
    "price": "100 USD",
    "price_postapoc": "15 USD",
    "to_hit": -2,
    "bashing": 10,
    "cutting": 24,
    "use_action": "PICKAXE",
    "material": [ "steel", "plastic" ],
    "symbol": ";",
    "color": "dark_gray",
    "gunmod_data": {
      "location": "underbarrel",
      "mod_target_category": [ [ "SUBMACHINE_GUNS" ], [ "RIFLES" ], [ "MACHINE_GUNS" ], [ "SHOTGUNS" ], [ "M_XBOWS" ] ],
      "mode_modifier": [ [ "REACH", "bayonet", 2, [ "MELEE", "REACH_ATTACK" ] ] ]
    },
    "min_skills": [ [ "weapon", 2 ], [ "melee", 1 ] ],
    "qualities": [ [ "AXE", 2 ], [ "CUT", 1 ], [ "HAMMER", 2 ], [ "HAMMER_FINE", 1 ], [ "BUTCHER", 16 ] ],
    "thrown_damage": [ { "damage_type": "stab", "amount": 24 } ],
    "flags": [ "DIG_TOOL", "DURABLE_MELEE", "BELT_CLIP", "NONCONDUCTIVE", "SHEATH_AXE", "NPC_THROWN" ]
  },
  {
    "id": "kanabo",
    "type": "GENERIC",
    "copy-from": "nailbat",
    "name": { "str": "kanabo" },
    "description": "A baseball bat with several spikes driven through it, an excellent melee weapon.",
    "weight": "1500 g",
    "bashing": 30,
    "cutting": 8,
    "flags": [ "STAB" ],
    "price_postapoc": "150 USD"
  },
  {
    "id": "cudgel_nail",
    "copy-from": "cudgel",
    "type": "GENERIC",
    "category": "weapons",
    "weapon_category": [ "BATONS" ],
    "name": { "str": "nailed cudgel" },
    "description": "A slender long rod of wood, while traditionally intended as a training tool for many dueling moves, it still makes a good melee weapon in a pinch. Upgraded with nails.",
    "weight": "480 g",
    "volume": "650 ml",
    "cutting": 4,
    "bashing": 9,
    "price": "120 USD"
  },
  {
    "type": "COMESTIBLE",
    "id": "coffee_iced_tea",
    "copy-from": "coffee",
    "name": { "str": "iced tea with coffee" },
    "description": "A small fad of the pre-apocalyptic world, created from coffee cherries through a complex process of seed removal, roasting, grinding, and brewing.  Coffee is substantially richer in caffeine than its rival tea.  With added sweet tea for better taste.",
    "price": "9 USD",
    "price_postapoc": 60,
    "calories": 80,
    "fun": 15
  },
  {
    "id": "knuckle_gem",
    "type": "GENERIC",
    "copy-from": "knuckle_brass",
    "category": "weapons",
    "weapon_category": [ "FIST_WEAPONS" ],
    "color": "dark_gray",
    "name": { "str": "eternal glove" },
    "description": "A metal weapon made of gold and jewels, designed to be gripped in the palm and cause punches to do extra damage.  A good, quick weapon - but you have to get within punching range to use it.",
    "material": [ "gold", "gemstone" ],
    "bashing": 9
  },
  {
    "id": "smokebomb_makeshift",
    "copy-from": "smokebomb",
    "type": "GENERIC",
    "name": { "str": "makeshift smoke bomb" },
    "description": "This is a canister grenade filled with a crude variety of pyrotechnic chemicals.  Use this item to pull the pin and light the fuse, turning it into an active makeshift smoke bomb.  Five turns after you do that, it will begin to expel a thick black smoke.  This smoke will slow those who enter it, as well as obscuring vision and scent.",
    "price": "16 USD",
    "weight": "599 g",
    "countdown_action": { "type": "transform", "target": "smokebomb_makeshift_act" }
  },
  {
    "id": "smokebomb_makeshift_act",
    "copy-from": "smokebomb_makeshift",
    "type": "GENERIC",
    "name": { "str": "armed makeshift smoke bomb" },
    "description": "This makeshift smoke bomb has had its pin removed and is expelling thick smoke.",
    "emits": [ "emit_smoke_stream" ],
    "countdown_interval": 50,
    "countdown_action": { "type": "transform", "target": "canister_empty" },
    "flags": [ "TRADER_AVOID" ]
  },
  {
    "id": "atk_car",
    "looks_like": "radio_car",
    "copy-from": "radio_car_base",
    "type": "TOOL",
    "category": "tools",
    "name": { "str": "attack RC" },
    "description": "A remote-controlled car.  Fun for young and old alike.",
    "symbol": "#",
    "ammo": "battery",
    "charges_per_use": 1,
    "proportional": { "weight": 0.73, "volume": 0.75, "price": 0.8 },
    "use_action": {
      "type": "transform",
      "msg": "You turn the attack RC on.",
      "target": "atk_car_on",
      "active": true,
      "need_charges": 1,
      "need_charges_msg": "The attack RC's batteries are dead."
    },
    "magazines": [ 
     [ "battery", 
      [ "light_minus_disposable_cell", 
        "light_minus_battery_cell", 
        "light_minus_atomic_battery_cell",
        "medium_battery_cell",
        "medium_plus_battery_cell",
        "medium_atomic_battery_cell",
        "medium_disposable_cell" 
      ] 
     ] 
    ],
    "flags": [ "RADIOSIGNAL_2" ]
  },
  {
    "id": "atk_car_on",
    "copy-from": "atk_car",
    "type": "TOOL",
    "name": { "str": "attack RC (on)", "str_pl": "attack RCs (on)" },
    "description": "This remote-controlled car is on, and draining its batteries just like a real electric car!  Use a remote control to drive it around.",
    "turns_per_charge": 1,
	"emits": [ "emit_shock_cloud" ],
    "use_action": {
      "type": "transform",
      "msg": "You turn the attack RC off.",
      "target": "atk_car",
      "active": true,
      "need_charges": 1,
      "need_charges_msg": "The attack RC's batteries are dead."
    },
    "flags": [ "RADIO_CONTROLLED", "RADIOSIGNAL_2", "TRADER_AVOID" ]
  },
  {
    "id": "penBlade",
    "type": "TOOL",
    "category": "tools",
    "weapon_category": [ "KNIVES" ],
    "name": { "str": "pen blade" },
    "description": "This is a long and thin knife, hidden as a pen, with a spring-loaded blade that rests inside the handle while not in use.",
    "weight": "20 g",
    "volume": "40 ml",
    "price": "50 USD",
    "price_postapoc": "75 cent",
    "to_hit": -2,
    "cutting": 17,
    "material": [ "steel", "superalloy", "plastic" ],
    "symbol": ";",
    "color": "dark_gray",
    "qualities": [ [ "CUT", 1 ], [ "CUT_FINE", 1 ], [ "BUTCHER", 14 ] ],
    "techniques": [ "RAPID" ],
    "flags": [ "STAB", "UNBREAKABLE_MELEE", "BELT_CLIP" ]
  },
  {
    "id": "indiTomahawk",
    "copy-from": "hatchet",
    "type": "GENERIC",
    "category": "weapons",
    "weapon_category": [ "HAND_AXES" ],
    "name": { "str": "original tomahawk" },
    "description": "A one-handed hatchet based on an acient tool.  Makes a great melee weapon, and is useful both for chopping things and smoking things. Since it is also used as a smoking pipe, this is weaker than an average hatchet.",
    "flags": [ "BELT_CLIP", "NONCONDUCTIVE", "SHEATH_AXE" ],
    "qualities": [ [ "AXE", 2 ], [ "CUT", 1 ], [ "SMOKE_PIPE", 1 ], [ "BUTCHER", 16 ] ]
  },
  {
    "id": "penPick",
    "type": "GENERIC",
    "category": "tools",
    "name": { "str": "pen lockpick" },
    "description": "This is a lockpicking kit, hidden as a pen.",
    "weight": "20 g",
    "volume": "40 ml",
    "price": "25 USD",
    "price_postapoc": "55 cent",
    "material": [ "steel", "plastic" ],
    "symbol": ";",
    "color": "dark_gray",
    "qualities": [ [ "LOCKPICK", 4 ], [ "PRY", 2 ] ],
    "use_action": "CROWBAR",
    "flags": [ "BELT_CLIP" ]
  },
  {
	"id": "survivor_flare",
	"type": "TOOL",
    "weight": "128 g",
    "volume": "250 ml",
    "material": [ "plastic", "powder" ],
    "color": "green",
    "symbol": ";",
	"copy-from": "grenade_canister",
	"looks_like": "handflare",
	"name": "survivor's flare",
	"description": "This flare is unique, and when activated, sends some signal to bring some survivors.",
	"countdown_action": { "menu_text": "Pull pin", "type": "transform", "target": "survivor_flare_act" }
  },
  {
	"id": "survivor_flare_act",
	"type": "TOOL",
	"copy-from": "survivor_flare",
	"name": "active survivor's signal flare",
	"description": "This unique flare currently is activated, thus sending some signal to bring some survivors.",
	"emits": [ "emit_survivor_cloud" ],
	"countdown_interval": 30,
	"countdown_action": { "type": "transform", "target": "handflare_dead" },
	"flags": [ "TRADER_AVOID", "SLEEP_IGNORE", "LIGHT_8" ]
  },
  {
    "id": "signal_survivor_flare",
    "type": "AMMO",
	"copy-from": "signal_flare",
    "name": { "str": "survivor's signal flare" },
    "damage": { "damage_type": "heat", "amount": 14 },
    "dispersion": 20,
    "recoil": 150,
    "drop": "survivor_flare_act"
  },
  {
    "id": "hatchet_bamboo",
    "type": "GENERIC",
    "category": "weapons",
    "weapon_category": [ "KNIVES" ],
    "symbol": ";",
    "color": "light_gray",
    "name": { "str": "bamboo hatchet" },
    "description": "A one-handed bamboo hatchet.  Makes a great melee weapon, and is useful for chopping things.",
    "price": "25 USD",
    "price_postapoc": "5 USD",
    "material": [ "steel", "wood" ],
    "techniques": [ "WBLOCK_1" ],
    "weight": "907 g",
    "volume": "500 ml",
    "bashing": 13,
    "cutting": 18,
    "to_hit": -2,
    "flags": [ "DURABLE_MELEE", "BELT_CLIP", "NONCONDUCTIVE", "SHEATH_KNIFE" ],
    "qualities": [ [ "AXE", 2 ], [ "CUT", 1 ], [ "BUTCHER", 20 ] ]
  },
  {
    "id": "stepladder_ropeNplank",
	"looks_like": "stepladder",
    "type": "TOOL",
    "category": "tools",
    "name": { "str": "rope and plank ladder" },
    "description": "This is a wooden stepladder.  Use it to set it down.",
    "weight": "20000 g",
    "volume": "50 L",
    "price": "20 USD",
    "price_postapoc": "1 USD",
    "to_hit": -3,
    "bashing": 12,
    "material": "wood",
    "symbol": "H",
    "color": "brown",
    "use_action": { "type": "deploy_furn", "furn_type": "f_ladder_ropeNplank" }
  },
  {
    "id": "stake_wood",
    "type": "GENERIC",
    "category": "weapons",
    "weapon_category": [ "KNIVES" ],
    "symbol": ",",
    "color": "light_blue",
    "name": { "str": "wooden stake" },
    "description": "A wood stake with the far end cut down into a stabbing point.",
    "price": "4 USD",
    "price_postapoc": "0 cent",
    "material": [ "wood" ],
    "weight": "89 g",
    "volume": "250 ml",
    "bashing": 1,
    "cutting": 6,
    "to_hit": -3,
    "flags": [ "STAB", "SHEATH_KNIFE" ]
  },
  {
    "id": "signaltwoway1",
    "type": "TOOL",
	"name": "survivor's two way radio",
	"description": "A modification of a two way radio, made by a survivor. Although it is not the best option and more expensive to use compared to the basic one, the call for help activates instantly.",
	"weight": "431 g",
    "volume": "500 ml",
	"price": "7500 USD",
	"material": "plastic",
	"symbol": ";",
	"color": "green",
	"ammo": "battery",
    "charges_per_use": 100,
	"use_action": [ {
      "type": "place_monster",
      "monster_id": "mon_survivor_human_m4bb",
      "friendly_msg": "A survivor got your signal and surveys the area!",
      "hostile_msg": "You send the wrong signal; the survivor is hostile!",
      "difficulty": 2,
      "moves": 60,
      "place_randomly": true,
      "skills": [ "speech" ]
    } ],
	"flags": [ "ALLOWS_REMOTE_USE" ],
    "magazines": [
      [
        "battery",
        [
          "light_disposable_cell",
          "light_minus_disposable_cell",
          "light_battery_cell",
          "light_plus_battery_cell",
          "light_minus_battery_cell",
          "light_atomic_battery_cell",
          "light_minus_atomic_battery_cell"
        ]
      ]
    ],
    "magazine_well": "250 ml"
  }
]
