[
  {
    "type": "mod_tileset",
    "compatibility": [
      "Chibi_Ultica",
      "UltimateCataclysm",
      "MshockXottoplus",
      "UNDEAD_PEOPLE",
      "UNDEAD_PEOPLE_BASE",
      "UNDEAD_PEOPLE_LEGACY",
      "UlticaShell",
      "MshockXottoplus12",
      "MSX++DEAD_PEOPLE",
      "MXplus12_for_cosmetics",
      "MSXotto+"
    ],
    "tiles-new": [
      {
        "file": "Zhigh_items2.png",
        "tiles": [
          { "id": "overlay_wielded_improvised_colabomb", "fg": 1 },
          { "id": "improvised_colabomb", "fg": 2 },
          { "id": "overlay_wielded_improvised_colabomb_act", "fg": 3 },
          { "id": "improvised_colabomb_act", "fg": 4 },
          { "id": "overlay_worn_glassesZhighred", "fg": 7 },
          { "id": "glassesZhighred", "fg": 8 },
          { "id": "overlay_worn_ski_jacket_archer", "fg": 9 },
          { "id": "ski_jacket_archer", "fg": 10 },
          { "id": "overlay_wielded_ice_gun", "fg": 11 },
          { "id": "ice_gun", "fg": 12 },
          { "id": "overlay_wielded_knife_trenchScrap", "fg": 15 },
          { "id": "overlay_wielded_knife_trench_bashScrap", "fg": 16 },
          { "id": "overlay_worn_medkitRecharge", "fg": 17 },
          { "id": "shortsGreen", "fg": 18 },
          { "id": "overlay_worn_shortsGreen", "fg": 19 },
          { "id": "bbpistol", "fg": 20 },
          { "id": "overlay_wielded_bbpistol", "fg": 21 },
          { "id": "bbmachinepistol", "fg": 22 },
          { "id": "overlay_wielded_bbmachinepistol", "fg": 23 },
          { "id": "hatchet_bamboo", "fg": 24 },
          { "id": "overlay_wielded_hatchet_bamboo", "fg": 25 },
          { "id": "container_kappa", "fg": 26 },
          { "id": "overlay_wielded_bbDMR", "fg": 28 },
          { "id": "stake_wood", "fg": 30 },
          { "id": "overlay_wielded_stake_wood", "fg": 31 },
          { "id": "overlay_worn_respirator", "fg": 37 },
          { "id": "respirator", "fg": 38 },
          { "id": "overlay_worn_apron_color", "fg": 39 },
          { "id": "apron_color", "fg": 40 },
          { "id": "jacketSecurity", "fg": 41 },
          { "id": "overlay_worn_jacketSecurity", "fg": 42 },
          { "id": "pantsSecurity", "fg": 43 },
          { "id": "overlay_worn_pantsSecurity", "fg": 44 },
          { "id": "overlay_wielded_surfboard", "fg": 45 },
          { "id": "overlay_wielded_skateboard", "fg": 46 },
          { "id": "overlay_wielded_skateboard_conan", "fg": 47 },
          { "id": "skirt_zhigh_cheer", "fg": 48 },
          { "id": "overlay_worn_skirt_zhigh_cheer", "fg": 49 },
          { "id": "tubeSwim", "fg": 50 },
          { "id": "overlay_worn_tubeSwim", "fg": 51 },
          { "id": "overlay_worn_XmasHat", "fg": 52 },
          { "id": "XmasHat", "fg": 53 },
          { "id": "overlay_worn_BBallglove", "fg": 54 },
          { "id": "overlay_wielded_BBallglove", "fg": 54 },
          { "id": "BBallglove", "fg": 55 },
          { "id": "overlay_wielded_rock_launcher", "fg": 56 },
          { "id": "rock_launcher", "fg": 57 },
          { "id": "axe_combat", "fg": 58 },
          { "id": "overlay_wielded_axe_combat", "fg": 59 },
          { "id": "kanabo", "fg": 60 },
          { "id": "overlay_wielded_kanabo", "fg": 61 },
          { "id": "flamethrower_big", "fg": 62 },
          { "id": "overlay_wielded_flamethrower_big", "fg": 63 },
          { "id": "bipodgrip", "fg": 64 },
          { "id": "water_pistol", "fg": 66 },
          { "id": "overlay_wielded_water_pistol", "fg": 67 },
          { "id": "overlay_wielded_knuckle_gem", "fg": 68 },
          { "id": "overlay_worn_belt223", "fg": 69 },
          { "id": "overlay_worn_belt308", "fg": 69 },
          { "id": "overlay_worn_belt40mm", "fg": 69 },
          { "id": "overlay_worn_belt50", "fg": 69 },
          { "id": "overlay_wielded_cudgel_nail", "fg": 70 },
          { "id": "cudgel_nail", "fg": 71 },
          { "id": "overlay_wielded_bolterZhigh", "fg": 72 },
          { "id": "bolterZhigh", "fg": 73 },
          { "id": "overlay_worn_jacket_leather_kevlar_mod", "fg": 75 },
          {
            "id": "mounted_laser_spotlight",
            "fg": 76,
            "rotates": true,
            "multitile": true,
            "additional_tiles": [ { "id": "broken", "fg": 17502 } ]
          },
          { "id": "highlight", "fg": 77 },
          { "id": "overlay_worn_jacket_baseball_2", "fg": 78 },
          { "id": "jacket_baseball_2", "fg": 79 },
          { "id": "overlay_wielded_laser_beamlight", "fg": 80 },
          { "id": "laser_beamlight", "fg": 81 },
          { "id": "hat_witch_purp", "fg": 82 },
          { "id": "hat_witch_black", "fg": 83 },
          { "id": "penLaser", "fg": 84 },
          { "id": "overlay_wielded_penLaser", "fg": 85 },
          { "id": "penGun", "fg": 86 },
          { "id": "overlay_wielded_penGun", "fg": 87 },
          {
            "id": "mounted_laser_beamlight",
            "fg": 88,
            "rotates": true,
            "multitile": true,
            "additional_tiles": [ { "id": "broken", "fg": 17502 } ]
          },
          { "id": "atk_car_on", "fg": 89 },
          { "id": "overlay_wielded_atk_car_on", "fg": 89 },
          { "id": "atk_car", "fg": 90 },
          { "id": "overlay_wielded_atk_car", "fg": 90 },
          { "id": "overlay_worn_goggles_atomic_multi_on", "fg": 91 },
          { "id": "goggles_atomic_multi_on", "fg": 92 },
          { "id": "overlay_worn_goggles_atomic_multi", "fg": 93 },
          { "id": "goggles_atomic_multi", "fg": 94 },
          { "id": "overlay_worn_doorgunnervest", "fg": 95 },
          { "id": "overlay_wielded_DiscShooterV2", "fg": 96 },
          { "id": "DiscShooterV2", "fg": 97 },
          { "id": "mask_DarkSkies", "fg": 98 },
          { "id": "overlay_worn_mask_DarkSkies", "fg": 99 },
          { "id": "mask_CrewChief", "fg": 100 },
          { "id": "overlay_worn_mask_CrewChief", "fg": 101 },
          { "id": "mask_Rogue", "fg": 102 },
          { "id": "overlay_worn_mask_Rogue", "fg": 103 },
          { "id": "mask_Muscle", "fg": 104 },
          { "id": "overlay_worn_mask_Muscle", "fg": 105 },
          { "id": "mask_Armorer", "fg": 106 },
          { "id": "overlay_worn_mask_Armorer", "fg": 107 },
          { "id": "mask_Crook", "fg": 108 },
          { "id": "overlay_worn_mask_Crook", "fg": 109 },
          { "id": "mask_Burglar", "fg": 110 },
          { "id": "overlay_worn_mask_Burglar", "fg": 111 },
          { "id": "overlay_wielded_bio_knuckle_weapon", "fg": 113 },
          { "id": "smokebomb_makeshift", "fg": 114 },
          { "id": "overlay_wielded_smokebomb_makeshift", "fg": 115 },
          { "id": "smokebomb_makeshift_act", "fg": 116 },
          { "id": "overlay_wielded_smokebomb_makeshift_act", "fg": 117 },
          { "id": "mask_Clown", "fg": 118 },
          { "id": "overlay_worn_mask_Clown", "fg": 119 },
          { "id": "mask_Infiltrator", "fg": 120 },
          { "id": "overlay_worn_mask_Infiltrator", "fg": 121 },
          { "id": "mask_Gambler", "fg": 122 },
          { "id": "overlay_worn_mask_Gambler", "fg": 123 },
          { "id": "mask_Grinder", "fg": 124 },
          { "id": "overlay_worn_mask_Grinder", "fg": 125 },
          { "id": "mask_Maniac", "fg": 126 },
          { "id": "overlay_worn_mask_Maniac", "fg": 127 },
          { "id": "mask_ExPresident", "fg": 128 },
          { "id": "overlay_worn_mask_ExPresident", "fg": 129 },
          { "id": "mask_Yakuza", "fg": 130 },
          { "id": "overlay_worn_mask_Yakuza", "fg": 131 },
          { "id": "mask_Anarchist", "fg": 132 },
          { "id": "overlay_worn_mask_Anarchist", "fg": 133 },
          { "id": "mask_Hacker", "fg": 134 },
          { "id": "overlay_worn_mask_Hacker", "fg": 135 },
          { "id": "penFlame", "fg": 136 },
          { "id": "overlay_wielded_penFlame", "fg": 137 },
          { "id": "penChem", "fg": 138 },
          { "id": "overlay_wielded_penChem", "fg": 139 },
          { "id": "penBlade", "fg": 140 },
          { "id": "overlay_wielded_penBlade", "fg": 141 },
          { "id": "boltPistolZhigh", "fg": 142 },
          { "id": "overlay_wielded_boltPistolZhigh", "fg": 143 },
          { "id": "survExoframe", "fg": 144 },
          { "id": "overlay_worn_survExoframe", "fg": 145 },
          { "id": "samEdge", "fg": 146 },
          { "id": "overlay_wielded_samEdge", "fg": 147 },
          { "id": "indiTomahawk", "fg": 148 },
          { "id": "overlay_wielded_indiTomahawk", "fg": 149 },
          { "id": "penPick", "fg": 150 },
          { "id": "overlay_wielded_penPick", "fg": 151 },
          {
            "id": "survivor_flare_act",
            "fg": [ 
                    { "weight": 10, "sprite": 154 },
                    { "weight": 10, "sprite": 152 } ],
            "animated": true
          },
          {
            "id": "overlay_wielded_survivor_flare_act",
            "fg": [ 
                    { "weight": 10, "sprite": 155 },
                    { "weight": 10, "sprite": 153 } ],
            "animated": true
          },
          { "id": "survivor_flare", "fg": 154 },
          { "id": "overlay_wielded_survivor_flare", "fg": 155 },
          { "id": "mask_wooden", "fg": 156 },
          { "id": "overlay_worn_mask_wooden", "fg": 157 },
          { "id": "ammoBag", "fg": 158 },
          { "id": "overlay_worn_ammoBag", "fg": 159 },
          { "id": "microwave_rifle", "fg": 160 },
          { "id": "overlay_wielded_microwave_rifle", "fg": 161 },
          { "id": "laser_musket", "fg": 162 },
          { "id": "overlay_wielded_laser_musket", "fg": 163 },
          { "id": "laser_musket_crank", "fg": 162 },
          { "id": "overlay_wielded_laser_musket_crank", "fg": 163 },
          { "id": "signal_survivor_flare", "fg": 164 },
          { "id": "utility_belt", "fg": 176 },
          { "id": "overlay_worn_utility_belt", "fg": 177 },
          { "id": "doom_fullhelmet", "fg": 178 },
          { "id": "overlay_worn_doom_fullhelmet", "fg": 179 },
          { "id": "doom_vest", "fg": 180 },
          { "id": "overlay_worn_doom_vest", "fg": 181 },
          { "id": "shotgun_d_paint", "fg": 182 },
          { "id": "overlay_wielded_shotgun_d_paint", "fg": 183 },
          { "id": "mask_Biker", "fg": 185 },
          { "id": "overlay_worn_mask_Biker", "fg": 185 },
          { "id": "mask_Kingpin", "fg": 186 },
          { "id": "overlay_worn_mask_Kingpin", "fg": 187 }
        ],
        "//": "range 1 to 128",
        "sprite_width": 32,
        "sprite_height": 32,
        "sprite_offset_x": 0,
        "sprite_offset_y": 0
      }
    ]
  }
]