[
  {
    "type": "start_location",
    "id": "sloc_ZhighSchoolDorm",
    "name": "high school dormitory",
    "terrain": [ 
      "zhighHotel_tower_flr2_1_6", "zhighHotel_tower_flr2_1_4",
      "zhighHotel_tower_flr3_1_6", "zhighHotel_tower_flr3_1_5", "zhighHotel_tower_flr3_1_4",
      "zhighHotel_tower_flr4_1_6", "zhighHotel_tower_flr4_1_5", "zhighHotel_tower_flr4_1_4",
      "zhighHotel_tower_roof_1_6", "zhighHotel_tower_roof_1_5", "zhighHotel_tower_roof_1_4",
      "zhighHotel_tower_flr2_1_9", "zhighHotel_tower_flr2_1_8", "zhighHotel_tower_flr2_1_7",
      "zhighHotel_tower_flr3_1_9", "zhighHotel_tower_flr3_1_8", "zhighHotel_tower_flr3_1_7",
      "zhighHotel_tower_flr4_1_9", "zhighHotel_tower_flr4_1_8", "zhighHotel_tower_flr4_1_7",
      "zhighHotel_tower_roof_1_9", "zhighHotel_tower_roof_1_8", "zhighHotel_tower_roof_1_7" ]
  },
  {
    "type": "overmap_terrain",
    "id": [
      "zhighHotel_tower_1_6", "zhighHotel_tower_1_5", "zhighHotel_tower_1_4",
      "zhighHotel_tower_flr2_1_6", "zhighHotel_tower_flr2_1_5", "zhighHotel_tower_flr2_1_4",
      "zhighHotel_tower_flr3_1_6", "zhighHotel_tower_flr3_1_5", "zhighHotel_tower_flr3_1_4",
      "zhighHotel_tower_flr4_1_6", "zhighHotel_tower_flr4_1_5", "zhighHotel_tower_flr4_1_4",
      "zhighHotel_tower_roof_1_6", "zhighHotel_tower_roof_1_5", "zhighHotel_tower_roof_1_4",
      "zhighHotel_tower_1_9", "zhighHotel_tower_1_8", "zhighHotel_tower_1_7",
      "zhighHotel_tower_flr2_1_9", "zhighHotel_tower_flr2_1_8", "zhighHotel_tower_flr2_1_7",
      "zhighHotel_tower_flr3_1_9", "zhighHotel_tower_flr3_1_8", "zhighHotel_tower_flr3_1_7",
      "zhighHotel_tower_flr4_1_9", "zhighHotel_tower_flr4_1_8", "zhighHotel_tower_flr4_1_7",
      "zhighHotel_tower_roof_1_9", "zhighHotel_tower_roof_1_8", "zhighHotel_tower_roof_1_7",
      "zhighHotel_tower_b_3", "zhighHotel_tower_b_2", "zhighHotel_tower_b_1",
      "zhighHotel_tower_1_5B", "zhighHotel_tower_flr2_1_5B", "zhighHotel_tower_1_5C",
      "zhighHotel_tower_flr2_1_5C"
    ],
    "name": "high school dormitory",
    "sym": "s",
    "color": "light_blue",
    "looks_like": "school_1_3",
    "see_cost": 5,
    "mondensity": 0,
    "flags": [ "SOURCE_BOOKS", "RISK_HIGH" ]
  },
  {
    "method": "json",
    "om_terrain": [ [ "zhighHotel_tower_1_6", "zhighHotel_tower_1_5", "zhighHotel_tower_1_4" ] ],
    "type": "mapgen",
    "weight": 250,
    "object": {
      "fill_ter": "t_metal_floor",
      "rows": [
        " s_____________________________________________________________________s",
        " s_____________________________________________________________________s",
        " s_____________________________________________________________________s",
        " s_____________________________________________________________________s",
        " s_____________________________________________________________________s",
        " s_____________________________________________________________________s",
        " s_____________________________________________________________________s",
        " s___________________________sssssssssssssss___________________________s",
        " s_____,_____,_____,_____,_sssssssssssssssssss_,_____,_____,_____,_____s",
        " s_____,_____,_____,_____,sssssssssssssssssssss,_____,_V___,_____,_____s",
        " s_____,_____,_____,_____,ssssss%HHGGGHH%ssssss,_____,_____,_____,_____s",
        " s_____,___v_,_____,_____,sssss%%^.....^%%sssss,_____,_____,_____,___v_s",
        " s_____,_____,_____,_____,ssss%%^......Yc%%ssss,_____,_____,_____,_____s",
        " s_____,_____,_____,_____,sss%%^.......YcD%%sss,_____,_____,_____,_____s",
        " ssssssssssssssssssssssssssssH^........YcxDHssssssssssssssssssssssssssss",
        " ssssssssssssssssssssssssssssHq.........chqHssssssssssssssssssssssssssss",
        " s'''''''''''''''''''''''''''H.j.t......c..H'''''''''''''''''''''''''''s",
        " s'''''''''''''''''''''''''''H.j.t......ch.H'''''''''''''''''''''''''''s",
        " s'''''''''''''''''''''''''''H.j........c..H'''''''''''''''''''''''''''s",
        " s'''''''''''''''''''''''''''%.jjj......c.L%'''''''''''''''''''''''''''s",
        " s''''%%www%%%www%%%www%%%www%%.........%+%%www%%%www%%%www%%%www%%''''s",
        " s''''%...Ld|....d|....d|....d|q.........q|d..ht|d....|d..L.|d....%''''s",
        " s''''%c...B|o...B|c.L.B|c...B|h.........h|B...h|B...o|B...c|B...c%''''s",
        " s''''%c...B|c...B|o...B|c.L.B|t.........t|B...c|B...c|B...o|B...o%''''s"
      ],
      "palettes": [ "zhighHotel_tower_palette" ],
      "terrain": { "V": "t_pavement", "w": "t_reinforced_glass_shutter", "x": "t_console" },
      "furniture": { "D": "f_desk" },
      "items": {
        "B": [ { "item": "army_bed", "chance": 30 }, 
             { "item": "tools_recharging", "chance": 25 }, 
             { "item": "tools_lighting", "chance": 100 }, 
             { "item": "bed", "chance": 30 }, 
             { "item": "bed", "chance": 30 }, 
             { "item": "bed", "chance": 100 } ],
        "L": { "item": "hotel_luggage", "chance": 100 },
        "c": [ { "item": "snacks", "chance": 30 }, 
             { "item": "snacks", "chance": 65 }, 
             { "item": "softdrinks_canned", "chance": 65 }, 
             { "item": "softdrinks_canned", "chance": 65 }, 
             { "item": "tools_lighting", "chance": 100 },
             { "item": "magazines", "chance": 100 } ],
        "d": [ { "item": "ZhighLockerGroupsNumbers", "chance": 100 },
               { "item": "ZhighBookshelfGroupsNumbers", "chance": 60 },
               { "item": "hotel_luggage", "chance": 100 },
               { "item": "SUS_evac_shelter_locker", "chance": 30 } ],
        "o": { "item": "hotel_coffee_bar", "chance": 100 }
      },
      "vehicles": {
        "V": { "vehicle": "suburban_home", "chance": 60, "rotation": 270 },
        "v": { "vehicle": "suburban_home", "chance": 60, "rotation": 90 }
      },
      "place_monsters": [
        { "monster": "GROUP_ZHIGH", "x": [ 7, 23 ], "y": [ 0, 23 ] },
        { "monster": "GROUP_ZHIGH", "x": [ 24, 47 ], "y": [ 7, 23 ], "repeat": 2 },
        { "monster": "GROUP_ZHIGH", "x": [ 49, 65 ], "y": [ 0, 23 ] }
      ]
    }
  },
  {
    "method": "json",
    "om_terrain": [ [ "zhighHotel_tower_flr2_1_6", "zhighHotel_tower_flr2_1_5", "zhighHotel_tower_flr2_1_4" ] ],
    "type": "mapgen",
    "weight": 250,
    "object": {
      "fill_ter": "t_metal_floor",
      "rows": [
        "************************************************************************",
        "************************************************************************",
        "************************************************************************",
        "************************************************************************",
        "************************************************************************",
        "************************************************************************",
        "************************************************************************",
        "************************************************************************",
        "************************************************************************",
        "************************************************************************",
        "********************************111111111*******************************",
        "*******************************11111011111******************************",
        "******************************1111100011111*****************************",
        "*****************************111110000011111****************************",
        "*****************************111100000001111****************************",
        "*****************************111000000000111****************************",
        "*****************************111000000000111****************************",
        "*****************************111000000000111****************************",
        "*****************************111000000000111****************************",
        "*****************************111111111111111****************************",
        "******%%www%%%www%%%www%%%www%%H%%HHHHH%%H%%www%%%www%%%www%%%www%%*****",
        "******%...Ld|....d|....d|....d|^...^^^...^|d..ht|d....|d..L.|d....%*****",
        "******%c...B|o...B|c.L.B|c...B|h.........h|B...h|B...o|B...c|B...c%*****",
        "******%c...B|c...B|o..BBXc.L.B|t.........t|B...cXBB..c|B...o|B...o%*****"
      ],
      "palettes": [ "zhighHotel_tower_palette" ],
      "terrain": { "w": "t_reinforced_glass_shutter", "x": "t_console" },
      "furniture": { "D": "f_desk" },
      "items": {
        "B": [ { "item": "army_bed", "chance": 30 }, 
             { "item": "tools_recharging", "chance": 25 }, 
             { "item": "tools_lighting", "chance": 100 }, 
             { "item": "bed", "chance": 30 }, 
             { "item": "bed", "chance": 30 }, 
             { "item": "bed", "chance": 100 } ],
        "L": { "item": "hotel_luggage", "chance": 100 },
        "c": [ { "item": "snacks", "chance": 30 }, 
             { "item": "snacks", "chance": 65 }, 
             { "item": "softdrinks_canned", "chance": 65 }, 
             { "item": "softdrinks_canned", "chance": 65 }, 
             { "item": "tools_lighting", "chance": 100 },
             { "item": "magazines", "chance": 100 } ],
        "d": [ { "item": "ZhighLockerGroupsNumbers", "chance": 100 },
               { "item": "ZhighBookshelfGroupsNumbers", "chance": 60 },
               { "item": "hotel_luggage", "chance": 100 },
               { "item": "SUS_evac_shelter_locker", "chance": 30 } ],
        "o": { "item": "hotel_coffee_bar", "chance": 100 }
      },
      "place_monsters": [
        { "monster": "GROUP_ZHIGH", "x": [ 7, 23 ], "y": [ 21, 23 ] },
        { "monster": "GROUP_ZHIGH", "x": [ 24, 47 ], "y": [ 21, 23 ], "repeat": 2 },
        { "monster": "GROUP_ZHIGH", "x": [ 49, 65 ], "y": [ 21, 23 ] }
      ]
    }
  },
  {
    "method": "json",
    "om_terrain": [ [ "zhighHotel_tower_flr3_1_6", "zhighHotel_tower_flr3_1_5", "zhighHotel_tower_flr3_1_4" ] ],
    "type": "mapgen",
    "weight": 250,
    "object": {
      "fill_ter": "t_metal_floor",
      "rows": [
        "************************************************************************",
        "************************************************************************",
        "************************************************************************",
        "************************************************************************",
        "************************************************************************",
        "************************************************************************",
        "************************************************************************",
        "************************************************************************",
        "************************************************************************",
        "************************************************************************",
        "************************************************************************",
        "************************************************************************",
        "************************************************************************",
        "************************************************************************",
        "************************************************************************",
        "************************************************************************",
        "************************************************************************",
        "************************************************************************",
        "************************************************************************",
        "************************************************************************",
        "******%%www%%%www%%%www%%%www%%%H%%HHH%%H%%%www%%%www%%%www%%%www%%*****",
        "******%...Ld|....d|....d|....d|^...^.^...^|d..ht|d....|d..L.|d....%*****",
        "******%c...B|o...B|c.L.B|c...B|h.........h|B...h|B...o|B...c|B...c%*****",
        "******%c...B|c...B|o...B|c.L.B|t.........t|B...c|B...c|B...o|B...o%*****"
      ],
      "palettes": [ "zhighHotel_tower_palette" ],
      "terrain": { "w": "t_reinforced_glass_shutter", "x": "t_console" },
      "furniture": { "D": "f_desk" },
      "items": {
        "B": [ { "item": "army_bed", "chance": 30 }, 
             { "item": "tools_recharging", "chance": 25 }, 
             { "item": "tools_lighting", "chance": 100 }, 
             { "item": "bed", "chance": 30 }, 
             { "item": "bed", "chance": 30 }, 
             { "item": "bed", "chance": 100 } ],
        "L": { "item": "hotel_luggage", "chance": 100 },
        "c": [ { "item": "snacks", "chance": 30 }, 
             { "item": "snacks", "chance": 65 }, 
             { "item": "softdrinks_canned", "chance": 65 }, 
             { "item": "softdrinks_canned", "chance": 65 }, 
             { "item": "tools_lighting", "chance": 100 },
             { "item": "magazines", "chance": 100 } ],
        "d": [ { "item": "ZhighLockerGroupsNumbers", "chance": 100 },
               { "item": "ZhighBookshelfGroupsNumbers", "chance": 60 },
               { "item": "hotel_luggage", "chance": 100 },
               { "item": "SUS_evac_shelter_locker", "chance": 30 } ],
        "o": { "item": "hotel_coffee_bar", "chance": 100 }
      },
      "place_monsters": [
        { "monster": "GROUP_ZHIGH", "x": [ 7, 23 ], "y": [ 21, 23 ] },
        { "monster": "GROUP_ZHIGH", "x": [ 24, 47 ], "y": [ 21, 23 ], "repeat": 2 },
        { "monster": "GROUP_ZHIGH", "x": [ 49, 65 ], "y": [ 21, 23 ] }
      ]
    }
  },
  {
    "method": "json",
    "om_terrain": [ [ "zhighHotel_tower_flr4_1_6", "zhighHotel_tower_flr4_1_5", "zhighHotel_tower_flr4_1_4" ] ],
    "type": "mapgen",
    "weight": 250,
    "object": {
      "fill_ter": "t_metal_floor",
      "rows": [
        "************************************************************************",
        "************************************************************************",
        "************************************************************************",
        "************************************************************************",
        "************************************************************************",
        "************************************************************************",
        "************************************************************************",
        "************************************************************************",
        "************************************************************************",
        "************************************************************************",
        "************************************************************************",
        "************************************************************************",
        "************************************************************************",
        "************************************************************************",
        "************************************************************************",
        "************************************************************************",
        "************************************************************************",
        "************************************************************************",
        "************************************************************************",
        "************************************************************************",
        "******%%www%%%www%%%www%%%www%%%H%%HHH%%H%%%www%%%www%%%www%%%www%%*****",
        "******%...Ld|....d|....d|....d|^...^.^...^|d..ht|d....|d..L.|d....%*****",
        "******%c...B|o...B|c.L.B|c...B|h.........h|B...h|B...o|B...c|B...c%*****",
        "******%c...B|c...B|o...B|c.L.B|t.........t|B...c|B...c|B...o|B...o%*****"
      ],
      "palettes": [ "zhighHotel_tower_palette" ],
      "terrain": { "w": "t_reinforced_glass_shutter", "x": "t_console" },
      "furniture": { "D": "f_desk" },
      "items": {
        "B": [ { "item": "army_bed", "chance": 30 }, 
             { "item": "tools_recharging", "chance": 25 }, 
             { "item": "tools_lighting", "chance": 100 }, 
             { "item": "bed", "chance": 30 }, 
             { "item": "bed", "chance": 30 }, 
             { "item": "bed", "chance": 100 } ],
        "L": { "item": "hotel_luggage", "chance": 100 },
        "c": [ { "item": "snacks", "chance": 30 }, 
             { "item": "snacks", "chance": 65 }, 
             { "item": "softdrinks_canned", "chance": 65 }, 
             { "item": "softdrinks_canned", "chance": 65 }, 
             { "item": "tools_lighting", "chance": 100 },
             { "item": "magazines", "chance": 100 } ],
        "d": [ { "item": "ZhighLockerGroupsNumbers", "chance": 100 },
               { "item": "ZhighBookshelfGroupsNumbers", "chance": 60 },
               { "item": "hotel_luggage", "chance": 100 },
               { "item": "SUS_evac_shelter_locker", "chance": 30 } ],
        "o": { "item": "hotel_coffee_bar", "chance": 100 }
      },
      "place_monsters": [
        { "monster": "GROUP_ZHIGH", "x": [ 7, 23 ], "y": [ 21, 23 ] },
        { "monster": "GROUP_ZHIGH", "x": [ 24, 47 ], "y": [ 21, 23 ], "repeat": 2 },
        { "monster": "GROUP_ZHIGH", "x": [ 49, 65 ], "y": [ 21, 23 ] }
      ]
    }
  },
  {
    "method": "json",
    "om_terrain": [ [ "zhighHotel_tower_roof_1_6", "zhighHotel_tower_roof_1_5", "zhighHotel_tower_roof_1_4" ] ],
    "type": "mapgen",
    "weight": 250,
    "object": {
      "fill_ter": "t_flat_roof",
      "rows": [
        "                                                                        ",
        "                                                                        ",
        "                                                                        ",
        "                                                                        ",
        "                                                                        ",
        "                                                                        ",
        "                                                                        ",
        "                                                                        ",
        "                                                                        ",
        "                                                                        ",
        "                                                                        ",
        "                                                                        ",
        "                                                                        ",
        "                                                                        ",
        "                                                                        ",
        "                                                                        ",
        "                                                                        ",
        "                                                                        ",
        "                                                                        ",
        "                                                                        ",
        "      -------------------------------------------------------------     ",
        "      -...........................................................-     ",
        "      -...........................................................-     ",
        "      -...........................................................-     "
      ],
      "palettes": [ "roof_palette" ]
    }
  },
  {
    "method": "json",
    "om_terrain": [ [ "zhighHotel_tower_1_9", "zhighHotel_tower_1_8", "zhighHotel_tower_1_7" ] ],
    "type": "mapgen",
    "weight": 250,
    "object": {
      "fill_ter": "t_metal_floor",
      "rows": [
        " s''''%o....|c....|c....|c....|t.........t|d...c|....c|....c|....c%''''s",
        " s''''%....h|...Lh|....h|....h|h.........h|B...c|h...L|h....|h....%''''s",
        " s''''%q..ht|q..ht|q..ht|q..ht|^..q...q..^|B...q|th..q|th..q|th..q%''''s",
        " s''''%..|--|..|--|..|--|..|--|---|...|---|--|..|--|..|--|..|--|..%''''s",
        " s''''%..+.S|..+.S|..+.S|..+.S|888G...Gx88|S.+..|S.+..|S.+..|S.+..%''''s",
        " s'''4%..|.&|..|.&|..|.&|..|.&|888G.q.G888|&.|..|&.|..|&.|..|&.|..%4'''s",
        " s'%%%%..|bb|..|bb|..|bb|..|bb|88xG...G888|bb|..|bb|..|bb|..|bb|..%%%%'s",
        " s'%<>%-7|--|-7|--|-7|--|-7|--|---|...|---|--|7-|--|7-|--|7-|--|7-%><%'s",
        " ss%..%^.^...^.^...^.^...^.^.................^.^...^.^...^.^...^.^%..%ss",
        " ss=..+....q.....q.....q.....q......q......q.....q.....q.....q....+..=ss",
        " ss%..%^.^...^.^...^.^...^.^...^.^.....^.^...^.^...^.^...^.^...^.^%..%ss",
        "   %UF%-7|--|-7|--|-7|--|-7|--|-7|--|--|7-|--|7-|--|7-|--|7-|--|7-%UF%  ",
        "   %%%%..|bb|..|bb|..|bb|..|bb|..|bb|bb|..|bb|..|bb|..|bb|..|bb|..%%%%  ",
        "      %..|.&|..|.&|..|.&|..|.&|..|.&|&.|..|&.|..|&.|..|&.|..|&.|..%     ",
        "      %..+.S|..+.S|..+.S|..+.S|..+.S|S.+..|S.+..|S.+..|S.+..|S.+..%     ",
        "      %..|--|..|--|..|--|..|--|..|--|--|..|--|..|--|..|--|..|--|..%     ",
        "      %q.Lht|q.L.B|q..ht|q..ht|q..ht|B..Lq|th..q|th..q|B...q|th..q%     ",
        "      %....h|o...B|....h|....h|....h|B...c|h....|h....|B...c|h....%     ",
        "      %c....|c...d|c....|c...L|o....|d...c|....c|....o|dL..c|....o%     ",
        "      %o...B|c...B|c...B|c...B|c...B|B...o|B...o|B...c|B...o|B...c%     ",
        "      %c...B|h...B|o...B|o...B|c...B|B...h|B...c|B...c|B...h|B...c%     ",
        "      %....d|th..d|....d|....d|....d|d..ht|d....|dL...|d..ht|d....%     ",
        "      %%www%%%www%%%www%%%www%%%www%%%www%%%www%%%www%%%www%%%www%%     ",
        "                                                                        "
      ],
      "palettes": [ "zhighHotel_tower_palette" ],
      "terrain": { "+": "t_door_metal_bulkhead_c", "w": "t_reinforced_glass_shutter" },
      "toilets": { "&": {  } },
      "items": {
        "B": [ { "item": "army_bed", "chance": 30 }, 
             { "item": "tools_recharging", "chance": 25 }, 
             { "item": "tools_lighting", "chance": 100 }, 
             { "item": "bed", "chance": 30 }, 
             { "item": "bed", "chance": 30 }, 
             { "item": "bed", "chance": 100 } ],
        "L": { "item": "hotel_luggage", "chance": 100 },
        "c": [ { "item": "snacks", "chance": 30 }, 
             { "item": "snacks", "chance": 65 }, 
             { "item": "softdrinks_canned", "chance": 65 }, 
             { "item": "softdrinks_canned", "chance": 65 }, 
             { "item": "tools_lighting", "chance": 100 },
             { "item": "magazines", "chance": 100 } ],
        "d": [ { "item": "ZhighLockerGroupsNumbers", "chance": 100 },
               { "item": "ZhighBookshelfGroupsNumbers", "chance": 60 },
               { "item": "hotel_luggage", "chance": 100 },
               { "item": "SUS_evac_shelter_locker", "chance": 30 } ],
        "o": { "item": "hotel_coffee_bar", "chance": 100 }
      },
      "item": { "S": { "item": "towel", "chance": 100, "amount": [ 1, 2 ] } },
      "vendingmachines": { "U": { "item_group": "vending_drink", "reinforced": true },
                           "F": { "item_group": "vending_food", "reinforced": true } },
      "place_monsters": [
        { "monster": "GROUP_ZHIGH", "x": [ 7, 23 ], "y": [ 0, 22 ], "repeat": 2 },
        { "monster": "GROUP_ZHIGH", "x": [ 24, 47 ], "y": [ 23, 3 ], "repeat": 2 },
        { "monster": "GROUP_ZHIGH", "x": [ 49, 65 ], "y": [ 0, 22 ], "repeat": 2 }
      ]
    }
  },
  {
    "method": "json",
    "om_terrain": [ [ "zhighHotel_tower_flr2_1_9", "zhighHotel_tower_flr2_1_8", "zhighHotel_tower_flr2_1_7" ] ],
    "type": "mapgen",
    "weight": 250,
    "object": {
      "fill_ter": "t_metal_floor",
      "rows": [
        "******%o....|c....|c....|c....|t.........t|d...c|....c|....c|....c%*****",
        "******%....h|...Lh|....h|....h|h.........h|B...c|h...L|h....|h....%*****",
        "******%q..ht|q..ht|q..ht|q..ht|^..q...q..^|B...q|th..q|th..q|th..q%*****",
        "******%..|--|..|--|..|--|..|--|---|...|---|--|..|--|..|--|..|--|..%*****",
        "******%..+.S|..+.S|..+.S|..+.S|888G...Gx88|S.+..|S.+..|S.+..|S.+..%*****",
        "****4*%..|.&|..|.&|..|.&|..|.&|888G.q.G888|&.|..|&.|..|&.|..|&.|..%*4***",
        "***%%%%..|bb|..|bb|..|bb|..|bb|88xG...G888|bb|..|bb|..|bb|..|bb|..%%%%**",
        "***%><%-7|--|-7|--|-7|--|-7|--|---|...|---|--|7-|--|7-|--|7-|--|7-%<>%**",
        "***H..%^.^...^.^...^.^...^.^.................^.^...^.^...^.^...^.^%..H**",
        "***H..+....q.....q.....q.....q......q......q.....q.....q.....q....+..H**",
        "***H..%^.^...^.^...^.^...^.^...^.^.....^.^...^.^...^.^...^.^...^.^%..H**",
        "***%UF%-7|--|-7|--|-7|--|-7|--|-7|--|--|7-|--|7-|--|7-|--|7-|--|7-%UF%**",
        "***%%%%..|bb|..|bb|..|bb|..|bb|..|bb|bb|..|bb|..|bb|..|bb|..|bb|..%%%%**",
        "******%..|.&|..|.&|..|.&|..|.&|..|.&|&.|..|&.|..|&.|..|&.|..|&.|..%*****",
        "******%..+.S|..+.S|..+.S|..+.S|..+.S|S.+..|S.+..|S.+..|S.+..|S.+..%*****",
        "******%..|--|..|--|..|--|..|--|..|--|--|..|--|..|--|..|--|..|--|..%*****",
        "******%q.Lht|q.L.B|q..ht|q..ht|q..ht|BL..q|th..q|th..q|B...q|th..q%*****",
        "******%....h|o...B|....h|....h|....h|B...c|h....|h....|B...c|h....%*****",
        "******%c....|c...d|c....|c...L|o....|d...c|....c|....o|dL..c|....o%*****",
        "******%o...B|c...B|c...B|c...B|c...B|B...o|B...o|B...c|B...o|B...c%*****",
        "******%c...B|h...B|o...B|o...B|c...B|B...h|B...c|B...c|B...h|B...c%*****",
        "******%....d|th..d|....d|....d|....d|d..ht|d...L|dL...|d..ht|d....%*****",
        "******%%www%%%www%%%www%%%www%%%www%%%www%%%www%%%www%%%www%%%www%%*****",
        "************************************************************************"
      ],
      "palettes": [ "zhighHotel_tower_palette" ],
      "terrain": { "+": "t_door_metal_bulkhead_c", "w": "t_reinforced_glass_shutter" },
      "toilets": { "&": {  } },
      "items": {
        "B": [ { "item": "army_bed", "chance": 30 }, 
             { "item": "tools_recharging", "chance": 25 }, 
             { "item": "tools_lighting", "chance": 100 }, 
             { "item": "bed", "chance": 30 }, 
             { "item": "bed", "chance": 30 }, 
             { "item": "bed", "chance": 100 } ],
        "L": { "item": "hotel_luggage", "chance": 100 },
        "c": [ { "item": "snacks", "chance": 30 }, 
             { "item": "snacks", "chance": 65 }, 
             { "item": "softdrinks_canned", "chance": 65 }, 
             { "item": "softdrinks_canned", "chance": 65 }, 
             { "item": "tools_lighting", "chance": 100 },
             { "item": "magazines", "chance": 100 } ],
        "d": [ { "item": "ZhighLockerGroupsNumbers", "chance": 100 },
               { "item": "ZhighBookshelfGroupsNumbers", "chance": 60 },
               { "item": "hotel_luggage", "chance": 100 },
               { "item": "SUS_evac_shelter_locker", "chance": 30 } ],
        "o": { "item": "hotel_coffee_bar", "chance": 100 }
      },
      "item": { "S": { "item": "towel", "chance": 3, "amount": [ 1, 2 ] } },
      "vendingmachines": { "U": { "item_group": "vending_drink", "reinforced": true },
                           "F": { "item_group": "vending_food", "reinforced": true } },
      "place_monsters": [
        { "monster": "GROUP_ZHIGH", "x": [ 7, 23 ], "y": [ 0, 22 ], "repeat": 2 },
        { "monster": "GROUP_ZHIGH", "x": [ 24, 47 ], "y": [ 23, 3 ], "repeat": 2 },
        { "monster": "GROUP_ZHIGH", "x": [ 49, 65 ], "y": [ 0, 22 ], "repeat": 2 }
      ]
    }
  },
  {
    "method": "json",
    "om_terrain": [ [ "zhighHotel_tower_flr3_1_9", "zhighHotel_tower_flr3_1_8", "zhighHotel_tower_flr3_1_7" ] ],
    "type": "mapgen",
    "weight": 250,
    "object": {
      "fill_ter": "t_metal_floor",
      "rows": [
        "******%o....|c....|c....|c....|t.........t|d...c|....c|....c|....c%*****",
        "******%....h|...Lh|....h|....h|h.........h|B...c|h...L|h....|h....%*****",
        "******%q..ht|q..ht|q..ht|q..ht|^..q...q..^|B...q|th..q|th..q|th..q%*****",
        "******%..|--|..|--|..|--|..|--|---|...|---|--|..|--|..|--|..|--|..%*****",
        "******%..+.S|..+.S|..+.S|..+.S|888G...Gx88|S.+..|S.+..|S.+..|S.+..%*****",
        "*****4%..|.&|..|.&|..|.&|..|.&|888G.q.G888|&.|..|&.|..|&.|..|&.|..%4****",
        "***%%%%..|bb|..|bb|..|bb|..|bb|88xG...G888|bb|..|bb|..|bb|..|bb|..%%%%**",
        "***%<>%-7|--|-7|--|-7|--|-7|--|---|...|---|--|7-|--|7-|--|7-|--|7-%><%**",
        "***H..%^.^...^.^...^.^...^.^.................^.^...^.^...^.^...^.^%..H**",
        "***H..+....q.....q.....q.....q......q......q.....q.....q.....q....+..H**",
        "***H..%^.^...^.^...^.^...^.^...^.^.....^.^...^.^...^.^...^.^...^.^%..H**",
        "***%UF%-7|--|-7|--|-7|--|-7|--|-7|--|--|7-|--|7-|--|7-|--|7-|--|7-%UF%**",
        "***%%%%..|bb|..|bb|..|bb|..|bb|..|bb|bb|..|bb|..|bb|..|bb|..|bb|..%%%%**",
        "******%..|.&|..|.&|..|.&|..|.&|..|.&|&.|..|&.|..|&.|..|&.|..|&.|..%*****",
        "******%..+.S|..+.S|..+.S|..+.S|..+.S|S.+..|S.+..|S.+..|S.+..|S.+..%*****",
        "******%..|--|..|--|..|--|..|--|..|--|--|..|--|..|--|..|--|..|--|..%*****",
        "******%q.Lht|q.L.B|q..ht|q..ht|q..ht|B...q|th..q|th..q|B...q|th..q%*****",
        "******%....h|o...B|....h|....h|....h|B.L.c|h....|h....|B...c|h....%*****",
        "******%c....|c...d|c....|c...L|o....|d...c|....c|....o|dL..c|....o%*****",
        "******%o...B|c...B|c...B|c...B|c...B|B...o|B...o|B...c|B...o|B...c%*****",
        "******%c...B|h...B|o...B|o...B|c...B|B...h|B...c|B...c|B...h|B...c%*****",
        "******%....d|th..d|....d|....d|....d|d..ht|d..L.|dL...|d..ht|d....%*****",
        "******%%www%%%www%%%www%%%www%%%www%%%www%%%www%%%www%%%www%%%www%%*****",
        "************************************************************************"
      ],
      "palettes": [ "zhighHotel_tower_palette" ],
      "terrain": { "+": "t_door_metal_bulkhead_c", "w": "t_reinforced_glass_shutter" },
      "toilets": { "&": {  } },
      "items": {
        "B": [ { "item": "army_bed", "chance": 30 }, 
             { "item": "tools_recharging", "chance": 25 }, 
             { "item": "tools_lighting", "chance": 100 }, 
             { "item": "bed", "chance": 30 }, 
             { "item": "bed", "chance": 30 }, 
             { "item": "bed", "chance": 100 } ],
        "L": { "item": "hotel_luggage", "chance": 100 },
        "c": [ { "item": "snacks", "chance": 30 }, 
             { "item": "snacks", "chance": 65 }, 
             { "item": "softdrinks_canned", "chance": 65 }, 
             { "item": "softdrinks_canned", "chance": 65 }, 
             { "item": "tools_lighting", "chance": 100 },
             { "item": "magazines", "chance": 100 } ],
        "d": [ { "item": "ZhighLockerGroupsNumbers", "chance": 100 },
               { "item": "ZhighBookshelfGroupsNumbers", "chance": 60 },
               { "item": "hotel_luggage", "chance": 100 },
               { "item": "SUS_evac_shelter_locker", "chance": 30 } ],
        "o": { "item": "hotel_coffee_bar", "chance": 100 }
      },
      "item": { "S": { "item": "towel", "chance": 3, "amount": [ 1, 2 ] } },
      "vendingmachines": { "U": { "item_group": "vending_drink", "reinforced": true },
                           "F": { "item_group": "vending_food", "reinforced": true } },
      "place_monsters": [
        { "monster": "GROUP_ZHIGH", "x": [ 7, 23 ], "y": [ 0, 22 ], "repeat": 2 },
        { "monster": "GROUP_ZHIGH", "x": [ 24, 47 ], "y": [ 23, 3 ], "repeat": 2 },
        { "monster": "GROUP_ZHIGH", "x": [ 49, 65 ], "y": [ 0, 22 ], "repeat": 2 }
      ]
    }
  },
  {
    "method": "json",
    "om_terrain": [ [ "zhighHotel_tower_flr4_1_9", "zhighHotel_tower_flr4_1_8", "zhighHotel_tower_flr4_1_7" ] ],
    "type": "mapgen",
    "weight": 250,
    "object": {
      "fill_ter": "t_metal_floor",
      "rows": [
        "******%o....|c....|c....|c....|t.........t|d...c|....c|....c|....c%*****",
        "******%....h|...Lh|....h|....h|h.........h|B...c|h...L|h....|h....%*****",
        "******%q..ht|q..ht|q..ht|q..ht|^..q...q..^|B...q|th..q|th..q|th..q%*****",
        "******%..|--|..|--|..|--|..|--|---|...|---|--|..|--|..|--|..|--|..%*****",
        "******%..+.S|..+.S|..+.S|..+.S|888G...Gx88|S.+..|S.+..|S.+..|S.+..%*****",
        "****4*%..|.&|..|.&|..|.&|..|.&|888G.q.G888|&.|..|&.|..|&.|..|&.|..%*4***",
        "***%%%%..|bb|..|bb|..|bb|..|bb|88xG...G888|bb|..|bb|..|bb|..|bb|..%%%%**",
        "***%>F%-7|--|-7|--|-7|--|-7|--|---|...|---|--|7-|--|7-|--|7-|--|7-%F>%**",
        "***H.U%^.^...^.^...^.^...^.^.................^.^...^.^...^.^...^.^%U.H**",
        "***H..+....q.....q.....q.....q......q......q.....q.....q.....q....+..H**",
        "***%7%%^.^...^.^...^.^...^.^...^.^.....^.^...^.^...^.^...^.^...^.^%%7%**",
        "***%.<%-7|--|-7|--|-7|--|-7|--|-7|--|--|7-|--|7-|--|7-|--|7-|--|7-%<.%**",
        "***%%%%..|bb|..|bb|..|bb|..|bb|..|bb|bb|..|bb|..|bb|..|bb|..|bb|..%%%%**",
        "******%..|.&|..|.&|..|.&|..|.&|..|.&|&.|..|&.|..|&.|..|&.|..|&.|..%*****",
        "******%..+.S|..+.S|..+.S|..+.S|..+.S|S.+..|S.+..|S.+..|S.+..|S.+..%*****",
        "******%..|--|..|--|..|--|..|--|..|--|--|..|--|..|--|..|--|..|--|..%*****",
        "******%q.Lht|q.L.B|q..ht|q..ht|q..ht|B...q|th..q|th..q|B...q|th..q%*****",
        "******%....h|o...B|....h|....h|....h|B...c|h....|h....|B...c|h....%*****",
        "******%c....|c...d|c....|c...L|o....|d..Lc|L...c|....o|dL..c|....o%*****",
        "******%o...B|c...B|c...B|c...B|c...B|B...o|B...o|B...c|B...o|B...c%*****",
        "******%c...B|h...B|o...B|o...B|c...B|B...h|B...c|B...c|B...h|B...c%*****",
        "******%....d|th..d|....d|....d|....d|d..ht|d....|dL...|d..ht|d....%*****",
        "******%%www%%%www%%%www%%%www%%%www%%%www%%%www%%%www%%%www%%%www%%*****",
        "************************************************************************"
      ],
      "palettes": [ "zhighHotel_tower_palette" ],
      "terrain": { "+": "t_door_metal_bulkhead_c", "w": "t_reinforced_glass_shutter" },
      "toilets": { "&": {  } },
      "items": {
        "B": [ { "item": "army_bed", "chance": 30 }, 
             { "item": "tools_recharging", "chance": 25 }, 
             { "item": "tools_lighting", "chance": 100 }, 
             { "item": "bed", "chance": 30 }, 
             { "item": "bed", "chance": 30 }, 
             { "item": "bed", "chance": 100 } ],
        "L": { "item": "hotel_luggage", "chance": 100 },
        "c": [ { "item": "snacks", "chance": 30 }, 
             { "item": "snacks", "chance": 65 }, 
             { "item": "softdrinks_canned", "chance": 65 }, 
             { "item": "softdrinks_canned", "chance": 65 }, 
             { "item": "tools_lighting", "chance": 100 },
             { "item": "magazines", "chance": 100 } ],
        "d": [ { "item": "ZhighLockerGroupsNumbers", "chance": 100 },
               { "item": "ZhighBookshelfGroupsNumbers", "chance": 60 },
               { "item": "hotel_luggage", "chance": 100 },
               { "item": "SUS_evac_shelter_locker", "chance": 30 } ],
        "o": { "item": "hotel_coffee_bar", "chance": 100 }
      },
      "item": { "S": { "item": "towel", "chance": 3, "amount": [ 1, 2 ] } },
      "vendingmachines": { "U": { "item_group": "vending_drink", "reinforced": true },
                           "F": { "item_group": "vending_food", "reinforced": true } },
      "place_monsters": [
        { "monster": "GROUP_ZHIGH", "x": [ 7, 23 ], "y": [ 0, 22 ], "repeat": 2 },
        { "monster": "GROUP_ZHIGH", "x": [ 24, 47 ], "y": [ 23, 3 ], "repeat": 2 },
        { "monster": "GROUP_ZHIGH", "x": [ 49, 65 ], "y": [ 0, 22 ], "repeat": 2 }
      ]
    }
  },
  {
    "method": "json",
    "om_terrain": [ [ "zhighHotel_tower_roof_1_9", "zhighHotel_tower_roof_1_8", "zhighHotel_tower_roof_1_7" ] ],
    "type": "mapgen",
    "weight": 250,
    "object": {
      "fill_ter": "t_flat_roof",
      "rows": [
        "      -...........................................................-     ",
        "      -...........................................................-     ",
        "      -...........................................................-     ",
        "      -...........................................................-     ",
        "      -...........................................................-     ",
        "      -...........................................................-     ",
        "   --5-..%%%%%%%%%%%%%%%%%%%%%%%%%DD%%%%%%%%%%%%%%%%%%%%%%%%%%%%..-5--  ",
        "   -.....%.....................................................%.....-  ",
        "   -.....%.....YYYYY.................................YYYYY.....%.....-  ",
        "   ########....66666.................................66666.....#######  ",
        "   #______+.....................AAAAAA.........................+____H#  ",
        "   #_>_HHH#.....................AAAAAA.........................#___>H#  ",
        "   ########.....................AAAAAA.........................#######  ",
        "      -..%.....66666.................................66666.....%..-     ",
        "      -..%.....YYYYY.................................YYYYY.....%..-     ",
        "      -..%.....................................................%..-     ",
        "      -..%%%%%%%%%%%%%%%%%%%%%%%%%DD%%%%%%%%%%%%%%%%%%%%%%%%%%%%..-     ",
        "      -...........................................................-     ",
        "      -...........................................................-     ",
        "      -...........................................................-     ",
        "      -...........................................................-     ",
        "      -...........................................................-     ",
        "      -------------------------------------------------------------     ",
        "                                                                        "
      ],
      "palettes": [ "roof_palette" ],
      "terrain": {
        ">": [ "t_stairs_down" ],
        "#": "t_adobe_brick_wall",
        "_": "t_thconc_floor",
        "+": "t_door_metal_c",
        "D": "t_chaingate_l",
        "%": "t_chainfence",
        "H": "t_generator_broken"
      },
      "furniture": { "Y": "f_standing_tank", "6": "f_water_heater", "7": "f_roof_turbine_vent" },
      "liquids": { "6": { "liquid": "water", "amount": [ 0, 100 ] }, "Y": { "liquid": "water_clean", "amount": [ 100, 1000 ] } },
      "place_monsters": [
        { "monster": "GROUP_ROOF_ZOMBIE", "x": [ 7, 23 ], "y": [ 0, 22 ], "repeat": 2 },
        { "monster": "GROUP_ROOF_ZOMBIE", "x": [ 24, 47 ], "y": [ 23, 3 ], "repeat": 2 },
        { "monster": "GROUP_ROOF_ZOMBIE", "x": [ 49, 65 ], "y": [ 0, 22 ], "repeat": 2 }
      ]
    }
  },
  {
    "method": "json",
    "om_terrain": [ [ "zhighHotel_tower_b_3", "zhighHotel_tower_b_2", "zhighHotel_tower_b_1" ] ],
    "type": "mapgen",
    "weight": 250,
    "object": {
      "fill_ter": "t_metal_floor",
      "rows": [
        "########################|-----|-----------|-----|#######################",
        "########################|&+...|.rrr...l..l|...+&|#######################",
        "########################|-|..c|.....q....l|c..|-|#######################",
        "########################|&+..S|---|-+-|---|S..+&|#######################",
        "########################|-|.qc|888+..^+x88|cq.|-|#######################",
        "########################|.+..S|888+.q.+888|S..+.|#######################",
        "###|--|#################|&|..c|88x+...+888|c..|&|#################|--|##",
        "###|UF|-----------------|---+-|---|HGH|---|-+---|-----------------|UF|##",
        "###|..|^.............mmmm.....q...........q....mmmm..............^|..|##",
        "###|..+q.........................................................q+..|##",
        "###|..|^............q.............................q..............^|..|##",
        "###|.<|-------++---|...............................|-HHHHHHHH-----|<.|##",
        "###|--|cWWWW......r|m...sssssssssssssssssssssss....|q^...........q|--|##",
        "######|c..........r|m...s999999999999999999999s....6..E..E..E..E..|#####",
        "######|S..........r|m...s999999999999999999999s....6..............|#####",
        "######|cDDDDrr...qr|....s999999999999999999999s....G..E..E..E..E..|#####",
        "######|--------=---|.ssss999999999999999999999s....6..............|#####",
        "######|............|.swwwwww999999999999999999s....6...22222222...|#####",
        "######|...$........|.swwwwww999999999999999999s....6...22222222...|#####",
        "######|...$........|.swwwwwwsssssssssssssssssss....6...22222222...|#####",
        "######|$$$$$PP$$$$.|^swwwwwws......................|..............|#####",
        "######|............|qssssssss..^rrr^.........qmmmm^|q..UF.mmm.mmmq|#####",
        "######|------------|-------------------------------|--------------|#####",
        "########################################################################"
      ],
      "palettes": [ "zhighHotel_tower_palette" ],
      "set": [
        { "point": "trap", "id": "tr_rollmat", "x": [ 56, 61 ], "y": 17, "repeat": [ 2, 4 ] },
        { "point": "trap", "id": "tr_rollmat", "x": [ 56, 61 ], "y": 18, "repeat": [ 2, 4 ] },
        { "point": "trap", "id": "tr_rollmat", "x": [ 56, 61 ], "y": 19, "repeat": [ 2, 4 ] }
      ],
      "terrain": { "=": "t_door_metal_bulkhead_c", ".": "t_metal_floor", "|": "t_concrete_wall", "-": "t_concrete_wall" },
      "vendingmachines": { "U": { "item_group": "vending_drink", "reinforced": true },
                           "F": { "item_group": "vending_food", "reinforced": true } },
      "items": { "l": { "item": "cleaning", "chance": 100 } },
      "item": { "r": { "item": "towel", "chance": 100, "amount": [ 1, 2 ] } },
      "toilets": { "&": {  } },
      "place_monsters": [
        { "monster": "GROUP_HOTEL_POOL", "x": [ 24, 46 ], "y": [ 12, 19 ], "repeat": 2 },
        { "monster": "GROUP_HOTEL_GYM", "x": [ 52, 65 ], "y": [ 12, 21 ], "repeat": 2 }
      ]
    }
  },
  {
    "type": "mapgen",
    "method": "json",
    "om_terrain": [ "zhighHotel_tower_1_5B" ],
    "weight": 250,
    "object": {
      "fill_ter": "t_metal_floor",
      "rows": [
        "_,_____________________,",
        "_,_____________________,",
        "________________________",
        "________________________",
        "________________________",
        "________________________",
        "________________________",
        "__sssssssssssssssssssss_",
        "_,sssssssssssssssssssss,",
        "_,sssssssssssssssssssss,",
        "_,sss%HHHGGHHHGGHHH%sss,",
        "_,sssHq...........^%sss,",
        "_,sssH^............Hsss,",
        "_,sss%cccc.........Hsss,",
        "sssss%LL.c.........Hssss",
        "sssss%q..x......hh.%ssss",
        "'''''%h..c......tt.H''''",
        "'''''%D.r%......tt.H''''",
        "''T''%%+%%......hh.H''T'",
        "'''''%^...........q%''''",
        "%%www%%...........%%www%",
        "%....d|q.........q|d..ht",
        "%c...B|h.........h|B...h",
        "%c.L.B|t.........t|B...c"
      ],
      "palettes": [ "zhighHotel_tower_palette" ],
      "terrain": { "+": "t_door_metal_bulkhead_c", "w": "t_reinforced_glass_shutter", "x": "t_console" },
      "furniture": { "D": "f_desk" },
      "items": {
        "B": [ { "item": "army_bed", "chance": 30 }, 
             { "item": "tools_recharging", "chance": 25 }, 
             { "item": "tools_lighting", "chance": 100 }, 
             { "item": "bed", "chance": 30 }, 
             { "item": "bed", "chance": 30 }, 
             { "item": "bed", "chance": 100 } ],
        "L": { "item": "hotel_luggage", "chance": 100 },
        "c": [ { "item": "snacks", "chance": 30 }, 
             { "item": "snacks", "chance": 65 }, 
             { "item": "softdrinks_canned", "chance": 65 }, 
             { "item": "softdrinks_canned", "chance": 65 }, 
             { "item": "tools_lighting", "chance": 100 },
             { "item": "magazines", "chance": 100 } ],
        "d": { "item": "ZhighBookshelfGroupsNumbers", "chance": 20 }
      },
      "place_monsters": [ { "monster": "GROUP_ZHIGH", "x": [ 0, 23 ], "y": [ 7, 23 ], "repeat": 2 } ],
      "place_vehicles": [ { "vehicle": "luggage_cart", "x": [ 10, 15 ], "y": [ 11, 19 ], "chance": 100, "repeat": [ 1, 3 ] } ]
    }
  },
  {
    "type": "mapgen",
    "method": "json",
    "om_terrain": [ "zhighHotel_tower_flr2_1_5B" ],
    "weight": 250,
    "object": {
      "fill_ter": "t_metal_floor",
      "rows": [
        "************************",
        "************************",
        "************************",
        "************************",
        "************************",
        "************************",
        "************************",
        "************************",
        "************************",
        "************************",
        "*****111111111111111****",
        "*****111111111111111****",
        "*****111111111111111****",
        "*****111111111111111****",
        "*****111111111000111****",
        "*****111111111000111****",
        "*****111111111000111****",
        "*****111111111111111****",
        "*****111111111111111****",
        "*****111111111111111****",
        "%%www%%%%H%HHHH%H%%%www%",
        "|....d|...^jjjj^..|d..ht",
        "|c...B|h.........h|B...h",
        "|c.L.B|t.........t|B...c"
      ],
      "palettes": [ "zhighHotel_tower_palette" ],
      "terrain": { "+": "t_door_metal_bulkhead_c", "w": "t_reinforced_glass_shutter", "x": "t_console" },
      "furniture": { "D": "f_desk" },
      "items": {
        "B": [ { "item": "army_bed", "chance": 30 }, 
             { "item": "tools_recharging", "chance": 25 }, 
             { "item": "tools_lighting", "chance": 100 }, 
             { "item": "bed", "chance": 30 }, 
             { "item": "bed", "chance": 30 }, 
             { "item": "bed", "chance": 100 } ],
        "L": { "item": "hotel_luggage", "chance": 100 },
        "c": [ { "item": "snacks", "chance": 30 }, 
             { "item": "snacks", "chance": 65 }, 
             { "item": "softdrinks_canned", "chance": 65 }, 
             { "item": "softdrinks_canned", "chance": 65 }, 
             { "item": "tools_lighting", "chance": 100 },
             { "item": "magazines", "chance": 100 } ],
        "d": { "item": "ZhighBookshelfGroupsNumbers", "chance": 20 }
      },
      "place_monsters": [ { "monster": "GROUP_ZHIGH", "x": [ 7, 23 ], "y": [ 21, 23 ] } ],
      "place_vehicles": [ { "vehicle": "luggage_cart", "x": [ 10, 15 ], "y": [ 11, 19 ], "chance": 100, "repeat": [ 1, 3 ] } ]
    }
  },
  {
    "type": "mapgen",
    "method": "json",
    "om_terrain": [ "zhighHotel_tower_1_5C" ],
    "weight": 250,
    "object": {
      "fill_ter": "t_metal_floor",
      "rows": [
        "________________________",
        "________________________",
        "________________________",
        "________________________",
        "________________________",
        "__,,,,,,,,,,,,,,,,,,,,,_",
        "___X_____X_____X_____X__",
        "________________________",
        "________________________",
        "________________________",
        "_____________V__________",
        "________________________",
        "________________________",
        "___MMMMMMsssssssMMMMMM__",
        "sssXsssssssssssssssssXss",
        "sssss%%%%HGGHGGH%%%%ssss",
        "'''''%^....^.^....^%''''",
        "'''''Hq...........qH''''",
        "''T''H....ccccc....H''T'",
        "'''''%^...cDxDc...^%''''",
        "%%www%%......hc...%%www%",
        "|....d|...ccccc...|d..ht",
        "|c...B|...........|B...h",
        "|c.L.B|h.........h|B...c"
      ],
      "palettes": [ "zhighHotel_tower_palette" ],
      "terrain": {
        "+": "t_door_metal_bulkhead_c",
        "G": "t_door_metal_bulkhead_c",
        "w": "t_reinforced_glass_shutter",
        "V": "t_pavement",
        "x": "t_console"
      },
      "furniture": { "D": "f_desk" },
      "items": {
        "B": [ { "item": "army_bed", "chance": 30 }, 
             { "item": "tools_recharging", "chance": 25 }, 
             { "item": "tools_lighting", "chance": 100 }, 
             { "item": "bed", "chance": 30 }, 
             { "item": "bed", "chance": 30 }, 
             { "item": "bed", "chance": 100 } ],
        "L": { "item": "hotel_luggage", "chance": 100 },
        "c": [ { "item": "snacks", "chance": 30 }, 
             { "item": "snacks", "chance": 65 }, 
             { "item": "softdrinks_canned", "chance": 65 }, 
             { "item": "softdrinks_canned", "chance": 65 }, 
             { "item": "tools_lighting", "chance": 100 },
             { "item": "magazines", "chance": 100 } ],
        "d": { "item": "ZhighBookshelfGroupsNumbers", "chance": 20 }
      },
      "place_monsters": [ { "monster": "GROUP_ZHIGH", "x": [ 0, 23 ], "y": [ 7, 23 ], "repeat": 2 } ],
      "place_vehicles": [ { "vehicle": "luggage_cart", "x": [ 3, 21 ], "y": [ 16, 17 ], "chance": 100, "repeat": [ 1, 3 ] } ],
      "vehicles": { "V": { "vehicle": "suburban_home", "chance": 100, "rotation": 180 } }
    }
  },
  {
    "type": "mapgen",
    "method": "json",
    "om_terrain": [ "zhighHotel_tower_flr2_1_5C" ],
    "weight": 250,
    "object": {
      "fill_ter": "t_metal_floor",
      "rows": [
        "************************",
        "************************",
        "************************",
        "************************",
        "************************",
        "************************",
        "***1111111111111111111**",
        "***1000000000000000001**",
        "***1000000000000000001**",
        "***1000000000000000001**",
        "***1000000000000000001**",
        "***1000000000000000001**",
        "***1000000000000000001**",
        "***1000000000000000001**",
        "***1111111111111111111**",
        "*****111111111111111****",
        "*****111111111111111****",
        "*****111111111111111****",
        "*****111111111111111****",
        "*****111111111111111****",
        "%%www%%%H%%HHHH%%H%%www%",
        "|....d|^q.^jjjj^q^|d..ht",
        "|c...B|h.........h|B...h",
        "|c.L.B|t.........t|B...c"
      ],
      "palettes": [ "zhighHotel_tower_palette" ],
      "terrain": {
        "+": "t_door_metal_bulkhead_c",
        "G": "t_door_metal_bulkhead_c",
        "w": "t_reinforced_glass_shutter",
        "x": "t_console"
      },
      "furniture": { "D": "f_desk" },
      "items": {
        "B": [ { "item": "army_bed", "chance": 30 }, 
             { "item": "tools_recharging", "chance": 25 }, 
             { "item": "tools_lighting", "chance": 100 }, 
             { "item": "bed", "chance": 30 }, 
             { "item": "bed", "chance": 30 }, 
             { "item": "bed", "chance": 100 } ],
        "L": { "item": "hotel_luggage", "chance": 100 },
        "c": [ { "item": "snacks", "chance": 30 }, 
             { "item": "snacks", "chance": 65 }, 
             { "item": "softdrinks_canned", "chance": 65 }, 
             { "item": "softdrinks_canned", "chance": 65 }, 
             { "item": "tools_lighting", "chance": 100 },
             { "item": "magazines", "chance": 100 } ],
        "d": { "item": "ZhighBookshelfGroupsNumbers", "chance": 20 }
      },
      "place_monsters": [ { "monster": "GROUP_ZHIGH", "x": [ 7, 23 ], "y": [ 21, 23 ] } ]
    }
  },
  {
    "type": "palette",
    "id": "zhighHotel_tower_palette",
    "furniture": {
      "!": "f_street_light",
      "B": "f_bed",
      "c": "f_counter",
      "m": "f_bench",
      "d": "f_foot_locker",
      "o": "f_counter",
      "D": "f_dryer",
      "Y": "f_rack_coat",
      "^": [ "f_indoor_plant_y", "f_indoor_plant" ],
      "h": "f_chair",
      "r": "f_rack",
      "t": "f_table",
      "j": "f_sofa",
      "S": "f_sink",
      "&": "f_toilet",
      "b": "f_bathtub",
      "E": [ "f_exercise", "f_ergometer", "f_treadmill" ],
      "e": "f_fridge",
      "l": "f_foot_locker",
      "W": "f_washer",
      "F": "f_vending_c",
      "U": "f_vending_c"
    },
    "terrain": {
      ",": "t_pavement_y",
      "1": "t_flat_roof",
      "0": "t_glass_roof",
      "*": "t_open_air",
      "6": "t_reinforced_glass_shutter",
      "_": "t_pavement",
      "2": "t_carpet_green",
      "q": "t_metal_floor_olight",
      "!": "t_sidewalk",
      "s": "t_sidewalk",
      "'": [ [ "t_region_groundcover_urban", 5 ], "t_region_shrub_decorative" ],
      "M": [ "t_region_shrub_decorative" ],
      " ": [ [ "t_region_groundcover_urban", 5 ], "t_region_shrub" ],
      "-": "t_wall_bulkhead",
      "|": "t_wall_bulkhead",
      "%": "t_wall_bulkhead",
      "T": "t_region_tree_shade",
      "v": "t_pavement",
      "w": "t_water_pool_shallow",
      "9": "t_water_pool",
      "+": "t_door_metal_bulkhead_c",
      "G": "t_door_metal_bulkhead_c",
      "=": "t_door_metal_bulkhead_c",
      "7": "t_door_metal_bulkhead_c",
      "X": "t_column",
      "H": "t_reinforced_glass_shutter",
      "x": "t_elevator_control",
      "8": "t_elevator",
      "~": "t_metal_floor",
      "<": "t_stairs_up",
      ">": "t_stairs_down",
      "#": "t_rock",
      "$": "t_sewage_pipe",
      "4": "t_gutter_downspout",
      "P": "t_sewage_pump"
    }
  }
]
