[
  {
    "id": "hair_mj_roll",
    "type": "mutation",
    "name": { "str": "Hair: MJ" },
    "description": "Rolled up buns hair style.",
    "points": 0,
    "starting_trait": true,
    "valid": false,
    "purifiable": false,
    "player_display": false,
    "flags": [ "hair_blue", "hair_long" ],
    "types": [ "hair_style" ]
  },
  {
    "id": "hair_paint_eyeC",
    "type": "mutation",
    "name": { "str": "Hair: pale blond long, eye covered" },
    "description": "Pale long hair style, with eye covered.",
    "points": 0,
    "starting_trait": true,
    "valid": false,
    "purifiable": false,
    "player_display": false,
    "flags": [ "hair_blond", "hair_long" ],
    "types": [ "hair_style" ]
  },
  {
    "id": "hair_blast",
    "type": "mutation",
    "name": { "str": "Hair: pale blond long" },
    "description": "Pale long hair style.",
    "points": 0,
    "starting_trait": true,
    "valid": false,
    "purifiable": false,
    "player_display": false,
    "flags": [ "hair_blond", "hair_long" ],
    "types": [ "hair_style" ]
  },
  {
    "id": "hair_olivia",
    "type": "mutation",
    "name": { "str": "Hair: black rolled up" },
    "description": "black rolled up hair style.",
    "points": 0,
    "starting_trait": true,
    "valid": false,
    "purifiable": false,
    "player_display": false,
    "flags": [ "hair_black", "hair_long" ],
    "types": [ "hair_style" ]
  },
  {
    "id": "hair_splasher",
    "type": "mutation",
    "name": { "str": "Hair: short sky blue" },
    "description": "short sky blue hair style.",
    "points": 0,
    "starting_trait": true,
    "valid": false,
    "purifiable": false,
    "player_display": false,
    "flags": [ "hair_blue", "hair_short" ],
    "types": [ "hair_style" ]
  },
  {
    "id": "hair_poison",
    "type": "mutation",
    "name": { "str": "Hair: short brown" },
    "description": "short brown emo hair style.",
    "points": 0,
    "starting_trait": true,
    "valid": false,
    "purifiable": false,
    "player_display": false,
    "flags": [ "hair_brown", "hair_short" ],
    "types": [ "hair_style" ]
  },
  {
    "id": "hair_tamer",
    "type": "mutation",
    "name": { "str": "Hair: blonde ponytail" },
    "description": "blonde ponytail hair style.",
    "points": 0,
    "starting_trait": true,
    "valid": false,
    "purifiable": false,
    "player_display": false,
    "flags": [ "hair_blond", "hair_ponytail" ],
    "types": [ "hair_style" ]
  },
  {
    "id": "hair_sword_pony",
    "type": "mutation",
    "name": { "str": "Hair: pale blond long, ponytail" },
    "description": "Pale long hair style, with ponytail.",
    "points": 0,
    "starting_trait": true,
    "valid": false,
    "purifiable": false,
    "player_display": false,
    "flags": [ "hair_blond", "hair_ponytail" ],
    "types": [ "hair_style" ]
  },
  {
    "id": "hair_dead_eye",
    "type": "mutation",
    "name": { "str": "Hair: green long, ponytail" },
    "description": "Green hair style, with a ponytail.",
    "points": 0,
    "starting_trait": true,
    "valid": false,
    "purifiable": false,
    "player_display": false,
    "flags": [ "hair_green", "hair_ponytail" ],
    "types": [ "hair_style" ]
  },
  {
    "id": "hair_shutter",
    "type": "mutation",
    "name": { "str": "Hair: blue, puffy" },
    "description": "Blue puffy hair style.",
    "points": 0,
    "starting_trait": true,
    "valid": false,
    "purifiable": false,
    "player_display": false,
    "flags": [ "hair_blue", "hair_short" ],
    "types": [ "hair_style" ]
  },
  {
    "id": "hair_aid",
    "type": "mutation",
    "name": { "str": "Hair: red, ponytail" },
    "description": "Red ponytail hair style.",
    "points": 0,
    "starting_trait": true,
    "valid": false,
    "purifiable": false,
    "player_display": false,
    "flags": [ "hair_red", "hair_long" ],
    "types": [ "hair_style" ]
  },
  {
    "id": "hair_boxer",
    "type": "mutation",
    "name": { "str": "Hair: black, regent" },
    "description": "Black regent hair style.",
    "points": 0,
    "starting_trait": true,
    "valid": false,
    "purifiable": false,
    "player_display": false,
    "flags": [ "hair_black", "hair_long" ],
    "types": [ "hair_style" ]
  },
  {
    "id": "hair_lancer",
    "type": "mutation",
    "name": { "str": "Hair: red, combed" },
    "description": "Red combed hair style.",
    "points": 0,
    "starting_trait": true,
    "valid": false,
    "purifiable": false,
    "player_display": false,
    "flags": [ "hair_red", "hair_long" ],
    "types": [ "hair_style" ]
  },
  {
    "id": "hair_nurse",
    "type": "mutation",
    "name": { "str": "Hair: brown, ponytail" },
    "description": "Brown hair style, with a ponytail.",
    "points": 0,
    "starting_trait": true,
    "valid": false,
    "purifiable": false,
    "player_display": false,
    "flags": [ "hair_brown", "hair_ponytail" ],
    "types": [ "hair_style" ]
  },
  {
    "id": "hair_medic",
    "type": "mutation",
    "name": { "str": "Hair: blond, long braided" },
    "description": "Long braided blond hair style.",
    "points": 0,
    "starting_trait": true,
    "valid": false,
    "purifiable": false,
    "player_display": false,
    "flags": [ "hair_blond", "hair_long" ],
    "types": [ "hair_style" ]
  },
  {
    "id": "hair_pink_crewcut",
    "type": "mutation",
    "name": { "str": "Hair: pink, crew-cut" },
    "description": "Crewcut pink hair style.",
    "points": 0,
    "starting_trait": true,
    "valid": false,
    "purifiable": false,
    "player_display": false,
    "flags": [ "hair_pink", "hair_crewcut" ],
    "types": [ "hair_style" ]
  },
  {
    "id": "hair_pink_mohawk",
    "type": "mutation",
    "name": { "str": "Hair: pink, mohawk" },
    "description": "Mohawk pink hair style.",
    "points": 0,
    "starting_trait": true,
    "valid": false,
    "purifiable": false,
    "player_display": false,
    "flags": [ "hair_pink", "hair_mohawk" ],
    "types": [ "hair_style" ]
  },
  {
    "id": "hair_pink_fro",
    "type": "mutation",
    "name": { "str": "Hair: pink, 'fro" },
    "description": "'Fro pink hair style.",
    "points": 0,
    "starting_trait": true,
    "valid": false,
    "purifiable": false,
    "player_display": false,
    "flags": [ "hair_pink", "hair_fro" ],
    "types": [ "hair_style" ]
  },
  {
    "id": "hair_pink_short",
    "type": "mutation",
    "name": { "str": "Hair: pink, short" },
    "description": "Short pink hair style",
    "points": 0,
    "starting_trait": true,
    "valid": false,
    "purifiable": false,
    "player_display": false,
    "flags": [ "hair_pink", "hair_short" ],
    "types": [ "hair_style" ]
  },
  {
    "id": "hair_pink_medium",
    "type": "mutation",
    "name": { "str": "Hair: pink, medium-length" },
    "description": "Medium-length pink hair style.",
    "points": 0,
    "starting_trait": true,
    "valid": false,
    "purifiable": false,
    "player_display": false,
    "flags": [ "hair_pink", "hair_medium" ],
    "types": [ "hair_style" ]
  },
  {
    "id": "hair_pink_long",
    "type": "mutation",
    "name": { "str": "Hair: pink, long" },
    "description": "Long pink hair style.",
    "points": 0,
    "starting_trait": true,
    "valid": false,
    "purifiable": false,
    "player_display": false,
    "flags": [ "hair_pink", "hair_long" ],
    "types": [ "hair_style" ]
  },
  {
    "id": "hair_orange_crewcut",
    "type": "mutation",
    "name": { "str": "Hair: orange, crew-cut" },
    "description": "Crewcut orange hair style.",
    "points": 0,
    "starting_trait": true,
    "valid": false,
    "purifiable": false,
    "player_display": false,
    "flags": [ "hair_orange", "hair_crewcut" ],
    "types": [ "hair_style" ]
  },
  {
    "id": "hair_orange_mohawk",
    "type": "mutation",
    "name": { "str": "Hair: orange, mohawk" },
    "description": "Mohawk orange hair style.",
    "points": 0,
    "starting_trait": true,
    "valid": false,
    "purifiable": false,
    "player_display": false,
    "flags": [ "hair_orange", "hair_mohawk" ],
    "types": [ "hair_style" ]
  },
  {
    "id": "hair_orange_fro",
    "type": "mutation",
    "name": { "str": "Hair: orange, 'fro" },
    "description": "'Fro orange hair style.",
    "points": 0,
    "starting_trait": true,
    "valid": false,
    "purifiable": false,
    "player_display": false,
    "flags": [ "hair_orange", "hair_fro" ],
    "types": [ "hair_style" ]
  },
  {
    "id": "hair_orange_short",
    "type": "mutation",
    "name": { "str": "Hair: orange, short" },
    "description": "Short orange hair style",
    "points": 0,
    "starting_trait": true,
    "valid": false,
    "purifiable": false,
    "player_display": false,
    "flags": [ "hair_orange", "hair_short" ],
    "types": [ "hair_style" ]
  },
  {
    "id": "hair_orange_medium",
    "type": "mutation",
    "name": { "str": "Hair: orange, medium-length" },
    "description": "Medium-length orange hair style.",
    "points": 0,
    "starting_trait": true,
    "valid": false,
    "purifiable": false,
    "player_display": false,
    "flags": [ "hair_orange", "hair_medium" ],
    "types": [ "hair_style" ]
  },
  {
    "id": "hair_orange_long",
    "type": "mutation",
    "name": { "str": "Hair: orange, long" },
    "description": "Long orange hair style.",
    "points": 0,
    "starting_trait": true,
    "valid": false,
    "purifiable": false,
    "player_display": false,
    "flags": [ "hair_orange", "hair_long" ],
    "types": [ "hair_style" ]
  },
  {
    "id": "hair_blue_crewcut",
    "type": "mutation",
    "name": { "str": "Hair: blue, crew-cut" },
    "description": "Crewcut blue hair style.",
    "points": 0,
    "starting_trait": true,
    "valid": false,
    "purifiable": false,
    "player_display": false,
    "flags": [ "hair_blue", "hair_crewcut" ],
    "types": [ "hair_style" ]
  },
  {
    "id": "hair_blue_mohawk",
    "type": "mutation",
    "name": { "str": "Hair: blue, mohawk" },
    "description": "Mohawk blue hair style.",
    "points": 0,
    "starting_trait": true,
    "valid": false,
    "purifiable": false,
    "player_display": false,
    "flags": [ "hair_blue", "hair_mohawk" ],
    "types": [ "hair_style" ]
  },
  {
    "id": "hair_blue_fro",
    "type": "mutation",
    "name": { "str": "Hair: blue, 'fro" },
    "description": "'Fro blue hair style.",
    "points": 0,
    "starting_trait": true,
    "valid": false,
    "purifiable": false,
    "player_display": false,
    "flags": [ "hair_blue", "hair_fro" ],
    "types": [ "hair_style" ]
  },
  {
    "id": "hair_blue_short",
    "type": "mutation",
    "name": { "str": "Hair: blue, short" },
    "description": "Short blue hair style",
    "points": 0,
    "starting_trait": true,
    "valid": false,
    "purifiable": false,
    "player_display": false,
    "flags": [ "hair_blue", "hair_short" ],
    "types": [ "hair_style" ]
  },
  {
    "id": "hair_blue_medium",
    "type": "mutation",
    "name": { "str": "Hair: blue, medium-length" },
    "description": "Medium-length blue hair style.",
    "points": 0,
    "starting_trait": true,
    "valid": false,
    "purifiable": false,
    "player_display": false,
    "flags": [ "hair_blue", "hair_medium" ],
    "types": [ "hair_style" ]
  },
  {
    "id": "hair_blue_long",
    "type": "mutation",
    "name": { "str": "Hair: blue, long" },
    "description": "Long blue hair style.",
    "points": 0,
    "starting_trait": true,
    "valid": false,
    "purifiable": false,
    "player_display": false,
    "flags": [ "hair_blue", "hair_long" ],
    "types": [ "hair_style" ]
  },
  {
    "id": "hair_green_crewcut",
    "type": "mutation",
    "name": { "str": "Hair: green, crew-cut" },
    "description": "Crewcut green hair style.",
    "points": 0,
    "starting_trait": true,
    "valid": false,
    "purifiable": false,
    "player_display": false,
    "flags": [ "hair_green", "hair_crewcut" ],
    "types": [ "hair_style" ]
  },
  {
    "id": "hair_green_mohawk",
    "type": "mutation",
    "name": { "str": "Hair: green, mohawk" },
    "description": "Mohawk green hair style.",
    "points": 0,
    "starting_trait": true,
    "valid": false,
    "purifiable": false,
    "player_display": false,
    "flags": [ "hair_green", "hair_mohawk" ],
    "types": [ "hair_style" ]
  },
  {
    "id": "hair_green_fro",
    "type": "mutation",
    "name": { "str": "Hair: green, 'fro" },
    "description": "'Fro green hair style.",
    "points": 0,
    "starting_trait": true,
    "valid": false,
    "purifiable": false,
    "player_display": false,
    "flags": [ "hair_green", "hair_fro" ],
    "types": [ "hair_style" ]
  },
  {
    "id": "hair_green_short",
    "type": "mutation",
    "name": { "str": "Hair: green, short" },
    "description": "Short green hair style",
    "points": 0,
    "starting_trait": true,
    "valid": false,
    "purifiable": false,
    "player_display": false,
    "flags": [ "hair_green", "hair_short" ],
    "types": [ "hair_style" ]
  },
  {
    "id": "hair_green_medium",
    "type": "mutation",
    "name": { "str": "Hair: green, medium-length" },
    "description": "Medium-length green hair style.",
    "points": 0,
    "starting_trait": true,
    "valid": false,
    "purifiable": false,
    "player_display": false,
    "flags": [ "hair_green", "hair_medium" ],
    "types": [ "hair_style" ]
  },
  {
    "id": "hair_green_long",
    "type": "mutation",
    "name": { "str": "Hair: green, long" },
    "description": "Long green hair style.",
    "points": 0,
    "starting_trait": true,
    "valid": false,
    "purifiable": false,
    "player_display": false,
    "flags": [ "hair_green", "hair_long" ],
    "types": [ "hair_style" ]
  },
  {
    "id": "hair_light_pink_crewcut",
    "type": "mutation",
    "name": { "str": "Hair: light pink, crew-cut" },
    "description": "Crewcut light pink hair style.",
    "points": 0,
    "starting_trait": true,
    "valid": false,
    "purifiable": false,
    "player_display": false,
    "flags": [ "hair_green", "hair_crewcut" ],
    "types": [ "hair_style" ]
  },
  {
    "id": "hair_light_pink_mohawk",
    "type": "mutation",
    "name": { "str": "Hair: light pink, mohawk" },
    "description": "Mohawk light pink hair style.",
    "points": 0,
    "starting_trait": true,
    "valid": false,
    "purifiable": false,
    "player_display": false,
    "flags": [ "hair_light_pink", "hair_mohawk" ],
    "types": [ "hair_style" ]
  },
  {
    "id": "hair_light_pink_fro",
    "type": "mutation",
    "name": { "str": "Hair: light pink, 'fro" },
    "description": "'Fro light pink hair style.",
    "points": 0,
    "starting_trait": true,
    "valid": false,
    "purifiable": false,
    "player_display": false,
    "flags": [ "hair_light_pink", "hair_fro" ],
    "types": [ "hair_style" ]
  },
  {
    "id": "hair_light_pink_short",
    "type": "mutation",
    "name": { "str": "Hair: light pink, short" },
    "description": "Short light pink hair style",
    "points": 0,
    "starting_trait": true,
    "valid": false,
    "purifiable": false,
    "player_display": false,
    "flags": [ "hair_light_pink", "hair_short" ],
    "types": [ "hair_style" ]
  },
  {
    "id": "hair_light_pink_medium",
    "type": "mutation",
    "name": { "str": "Hair: light pink, medium-length" },
    "description": "Medium-length light pink hair style.",
    "points": 0,
    "starting_trait": true,
    "valid": false,
    "purifiable": false,
    "player_display": false,
    "flags": [ "hair_light_pink", "hair_medium" ],
    "types": [ "hair_style" ]
  },
  {
    "id": "hair_light_pink_long",
    "type": "mutation",
    "name": { "str": "Hair: light pink, long" },
    "description": "Long light pink hair style.",
    "points": 0,
    "starting_trait": true,
    "valid": false,
    "purifiable": false,
    "player_display": false,
    "flags": [ "hair_light_pink", "hair_long" ],
    "types": [ "hair_style" ]
  },
  {
    "id": "eye_red",
    "type": "mutation",
    "name": { "str": "Eye color: red" },
    "description": "Pair of red eyes.",
    "points": 0,
    "starting_trait": true,
    "valid": false,
    "purifiable": false,
    "player_display": false,
    "types": [ "eye_color" ]
  },
  {
    "id": "eye_black",
    "type": "mutation",
    "name": { "str": "Eye color: black" },
    "description": "Pair of black eyes.",
    "points": 0,
    "starting_trait": true,
    "valid": false,
    "purifiable": false,
    "player_display": false,
    "types": [ "eye_color" ]
  },
  {
    "id": "eye_yellow",
    "type": "mutation",
    "name": { "str": "Eye color: yellow" },
    "description": "Pair of yellow eyes.",
    "points": 0,
    "starting_trait": true,
    "valid": false,
    "purifiable": false,
    "player_display": false,
    "types": [ "eye_color" ]
  },
  {
    "id": "eye_purple",
    "type": "mutation",
    "name": { "str": "Eye color: purple" },
    "description": "Pair of purple eyes.",
    "points": 0,
    "starting_trait": true,
    "valid": false,
    "purifiable": false,
    "player_display": false,
    "types": [ "eye_color" ]
  },
  {
    "id": "eye_mint",
    "type": "mutation",
    "name": { "str": "Eye color: mint" },
    "description": "Pair of mint eyes.",
    "points": 0,
    "starting_trait": true,
    "valid": false,
    "purifiable": false,
    "player_display": false,
    "types": [ "eye_color" ]
  },
  {
    "id": "eye_pink",
    "type": "mutation",
    "name": { "str": "Eye color: pink" },
    "description": "Pair of pink eyes.",
    "points": 0,
    "starting_trait": true,
    "valid": false,
    "purifiable": false,
    "player_display": false,
    "types": [ "eye_color" ]
  },
  {
    "id": "eye_orange",
    "type": "mutation",
    "name": { "str": "Eye color: orange" },
    "description": "Pair of orange eyes.",
    "points": 0,
    "starting_trait": true,
    "valid": false,
    "purifiable": false,
    "player_display": false,
    "types": [ "eye_color" ]
  },
  {
    "id": "eye_purp_V2",
    "type": "mutation",
    "name": { "str": "Eye color: purple and blue" },
    "description": "Pair of purple and blue eyes.",
    "points": 0,
    "starting_trait": true,
    "valid": false,
    "purifiable": false,
    "player_display": false,
    "types": [ "eye_color" ]
  },
  {
    "id": "eye_cyan",
    "type": "mutation",
    "name": { "str": "Eye color: cyan" },
    "description": "Pair of cyan eyes.",
    "points": 0,
    "starting_trait": true,
    "valid": false,
    "purifiable": false,
    "player_display": false,
    "types": [ "eye_color" ]
  },
  {
    "type": "mutation",
    "id": "PROF_SW",
    "name": { "str": "School Hall Monitor" },
    "points": 0,
    "description": "You are a duly sworn School Hall Monitor, protecting orders from chaos (such as loitering).",
    "valid": false,
    "purifiable": false,
    "profession": true
  },
  {
    "type": "mutation",
    "id": "REGEN_zhigh",
    "name": { "str": "Weirdly healthy" },
    "points": 6,
    "purifiable": false,
    "description": "You are healthy, due to some weird reason.",
    "types": [ "HEALING", "RUNNING" ],
    "stamina_regen_modifier": 2.0,
    "healing_awake": 6.0,
    "healing_resting": 4.5,
    "mending_modifier": 6.0,
    "fatigue_modifier": -2.0,
    "fatigue_regen_modifier": 1.0,
    "max_stamina_modifier": 0.55
  }
]