[
  {
    "id": "FREEZEAMMO1",
    "type": "ammo_effect",
    "aoe": { "field_type": "fd_freeze", "intensity_min": 1, "intensity_max": 1, "size": 3 }
  },
  {
    "id": "FREEZEAMMO2",
    "type": "ammo_effect",
    "aoe": { "field_type": "fd_freeze", "intensity_min": 2, "intensity_max": 5, "size": 5 }
  },
  {
    "id": "FREEZEAMMO3",
    "type": "ammo_effect",
    "aoe": { "field_type": "fd_freeze", "intensity_min": 3, "intensity_max": 7, "radius": 5, "size": 5 }
  },
  {
    "id": "WEBAMMO",
    "type": "ammo_effect",
    "aoe": { "field_type": "fd_web", "intensity_min": 3, "intensity_max": 3 }
  },
  {
    "id": "TEARGAS",
    "type": "ammo_effect",
    "aoe": { "field_type": "fd_tear_gas", "intensity_min": 3, "intensity_max": 3 }
  },
  {
    "id": "NUKEGAS",
    "type": "ammo_effect",
    "aoe": { "field_type": "fd_nuke_gas", "intensity_min": 3, "intensity_max": 3 }
  }
]