[
  {
    "id": "drizzle",
    "type": "weather_type",
    "name": "UNKNOWN",
    "color": "c_magenta",
    "map_color": "c_magenta_red",
    "glyph": "o",
    "ranged_penalty": 3,
    "sight_penalty": 1.1,
    "light_modifier": -30,
    "sound_attn": 4,
    "dangerous": false,
    "precip": "heavy",
    "rains": true,
    "acidic": false,
    "animation": { "factor": 0.02, "color": "c_light_blue", "glyph": ",", "tile": "weather_rain_drop" },
    "sound_category": "rainy",
    "sun_intensity": "light",
    "requirements": { "pressure_max": 1000, "humidity_min": 97, "humidity_and_pressure": false, "required_weathers": [ "light_drizzle" ] }
  },
  {
    "id": "rain",
    "type": "weather_type",
    "name": "UNKNOWN",
    "color": "c_magenta",
    "map_color": "c_magenta_red",
    "glyph": "o",
    "ranged_penalty": 3,
    "sight_penalty": 1.1,
    "light_modifier": -30,
    "sound_attn": 4,
    "dangerous": false,
    "precip": "heavy",
    "rains": true,
    "acidic": false,
    "animation": { "factor": 0.02, "color": "c_light_blue", "glyph": ",", "tile": "weather_rain_drop" },
    "sound_category": "rainy",
    "sun_intensity": "light",
    "requirements": {
      "pressure_max": 993,
      "humidity_min": 98,
      "humidity_and_pressure": false,
      "required_weathers": [ "light_drizzle", "drizzle" ]
    }
  },
  {
    "id": "thunder",
    "type": "weather_type",
    "name": "UNKNOWN",
    "color": "c_magenta",
    "map_color": "c_magenta_red",
    "glyph": "@",
    "ranged_penalty": 8,
    "sight_penalty": 8.0,
    "light_modifier": -90,
    "sound_attn": 9,
    "dangerous": true,
    "precip": "heavy",
    "rains": true,
    "acidic": true,
    "effects": [ { "name": "thunder", "intensity": 999 }, { "name": "lightning", "intensity": 999 }, { "name": "acid", "intensity": 999 } ],
    "animation": { "factor": 0.4, "color": "c_white", "glyph": "*", "tile": "weather_acid_drop" },
    "sound_category": "thunder",
    "sun_intensity": "none",
    "requirements": { "pressure_max": 996, "required_weathers": [ "rain" ] }
  },
  {
    "id": "lightning",
    "type": "weather_type",
    "name": "UNKNOWN",
    "color": "c_magenta",
    "map_color": "c_magenta_red",
    "glyph": "@",
    "ranged_penalty": 8,
    "sight_penalty": 8.0,
    "light_modifier": -90,
    "sound_attn": 9,
    "dangerous": true,
    "precip": "heavy",
    "rains": true,
    "acidic": true,
    "effects": [ { "name": "thunder", "intensity": 999 }, { "name": "lightning", "intensity": 999 }, { "name": "acid", "intensity": 999 } ],
    "animation": { "factor": 0.4, "color": "c_white", "glyph": "*", "tile": "weather_acid_drop" },
    "sound_category": "thunder",
    "sun_intensity": "none",
    "requirements": { "pressure_max": 990, "required_weathers": [ "thunder" ] }
  },
  {
    "id": "acid_drizzle",
    "type": "weather_type",
    "name": "UNKNOWN",
    "color": "c_magenta",
    "map_color": "c_magenta_red",
    "glyph": "o",
    "ranged_penalty": 3,
    "sight_penalty": 1.1,
    "light_modifier": -30,
    "sound_attn": 4,
    "dangerous": false,
    "precip": "heavy",
    "rains": true,
    "acidic": false,
    "animation": { "factor": 0.02, "color": "c_light_blue", "glyph": ",", "tile": "weather_rain_drop" },
    "sound_category": "rainy",
    "sun_intensity": "light",
    "requirements": { "acidic": true, "required_weathers": [ "drizzle" ] }
  },
  {
    "id": "acid_rain",
    "type": "weather_type",
    "name": "UNKNOWN",
    "color": "c_magenta",
    "map_color": "c_magenta_red",
    "glyph": "@",
    "ranged_penalty": 8,
    "sight_penalty": 8.0,
    "light_modifier": -90,
    "sound_attn": 9,
    "dangerous": true,
    "precip": "heavy",
    "rains": true,
    "acidic": true,
    "effects": [ { "name": "thunder", "intensity": 999 }, { "name": "lightning", "intensity": 999 }, { "name": "acid", "intensity": 999 } ],
    "animation": { "factor": 0.4, "color": "c_white", "glyph": "*", "tile": "weather_acid_drop" },
    "sound_category": "thunder",
    "sun_intensity": "none",
    "requirements": { "acidic": true, "required_weathers": [ "rain" ] }
  },
  {
    "id": "flurries",
    "type": "weather_type",
    "name": "UNKNOWN",
    "color": "c_magenta",
    "map_color": "c_magenta_red",
    "glyph": "o",
    "ranged_penalty": 3,
    "sight_penalty": 1.1,
    "light_modifier": -30,
    "sound_attn": 4,
    "dangerous": false,
    "precip": "heavy",
    "rains": true,
    "acidic": false,
    "animation": { "factor": 0.02, "color": "c_light_blue", "glyph": ",", "tile": "weather_rain_drop" },
    "sound_category": "rainy",
    "sun_intensity": "light",
    "requirements": { "temperature_max": 33, "required_weathers": [ "drizzle" ] }
  },
  {
    "id": "snowing",
    "type": "weather_type",
    "name": "UNKNOWN",
    "color": "c_magenta",
    "map_color": "c_magenta_red",
    "glyph": "o",
    "ranged_penalty": 3,
    "sight_penalty": 1.1,
    "light_modifier": -30,
    "sound_attn": 4,
    "dangerous": false,
    "precip": "heavy",
    "rains": true,
    "acidic": false,
    "animation": { "factor": 0.02, "color": "c_light_blue", "glyph": ",", "tile": "weather_rain_drop" },
    "sound_category": "rainy",
    "sun_intensity": "light",
    "requirements": { "temperature_max": 33, "required_weathers": [ "rain", "thunder", "lightning" ] }
  },
  {
    "id": "snowstorm",
    "type": "weather_type",
    "name": "UNKNOWN",
    "color": "c_magenta",
    "map_color": "c_magenta_red",
    "glyph": "@",
    "ranged_penalty": 8,
    "sight_penalty": 8.0,
    "light_modifier": -90,
    "sound_attn": 9,
    "dangerous": true,
    "precip": "heavy",
    "rains": true,
    "acidic": true,
    "effects": [ { "name": "thunder", "intensity": 999 }, { "name": "lightning", "intensity": 999 }, { "name": "acid", "intensity": 999 } ],
    "animation": { "factor": 0.4, "color": "c_white", "glyph": "*", "tile": "weather_acid_drop" },
    "sound_category": "thunder",
    "sun_intensity": "none",
    "requirements": { "temperature_max": 33, "windpower_min": 15, "required_weathers": [ "thunder", "lightning" ] }
  },
  {
    "id": "emission_Zhigh",
    "type": "weather_type",
    "name": "UNKNOWN",
    "color": "c_white",
    "map_color": "c_white",
    "glyph": "@",
    "ranged_penalty": 8,
    "sight_penalty": 8.0,
    "light_modifier": -90,
    "sound_attn": 9,
    "dangerous": true,
    "precip": "heavy",
    "rains": true,
    "acidic": true,
    "effects": [ { "name": "thunder", "intensity": 999 }, { "name": "lightning", "intensity": 999 }, { "name": "acid", "intensity": 999 } ],
    "animation": { "factor": 0.4, "color": "c_white", "glyph": "*", "tile": "weather_acid_drop" },
    "sound_category": "thunder",
    "sun_intensity": "none",
    "requirements": { "pressure_min": 1020, "humidity_max": 70 }
  }
]