[
  {
    "type": "mod_tileset",
    "compatibility": [
      "Chibi_Ultica",
      "UltimateCataclysm",
      "MshockXottoplus",
      "UNDEAD_PEOPLE",
      "UNDEAD_PEOPLE_BASE",
      "UNDEAD_PEOPLE_LEGACY",
      "UlticaShell",
      "MshockXottoplus12",
      "MSX++DEAD_PEOPLE",
      "MXplus12_for_cosmetics",
      "MSXotto+"
    ],
    "tiles-new": [
      {
        "file": "Zhigh_reskins.png",
        "tiles": [
          { "id": "overlay_wielded_tec9", "fg": 1 },
          { "id": "overlay_wielded_tazer", "fg": 2 },
          { "id": "overlay_wielded_fn_p90", "fg": 3 },
          { "id": "overlay_wielded_tonfa", "fg": 4 },
          { "id": "overlay_wielded_tonfa_wood", "fg": 5 },
          { "id": "overlay_wielded_shocktonfa_off", "fg": 6 },
          { "id": "overlay_wielded_shocktonfa_on", "fg": 7 },
          { "id": "flashbang", "fg": 8 },
          { "id": "overlay_wielded_flashbang", "fg": 9 },
          { "id": "flashbang_act", "fg": 10 },
          { "id": "overlay_wielded_flashbang_act", "fg": 11 },
          { "id": "grenade_inc", "fg": 12 },
          { "id": "overlay_wielded_grenade_inc", "fg": 13 },
          { "id": "grenade_inc_act", "fg": 14 },
          { "id": "overlay_wielded_grenade_inc_act", "fg": 15 },
          { "id": "overlay_wielded_gasbomb_makeshift", "fg": 16 },
          { "id": "overlay_wielded_gasbomb_makeshift_act", "fg": 17 },
          { "id": "smokebomb", "fg": 18 },
          { "id": "overlay_wielded_smokebomb", "fg": 19 },
          { "id": "smokebomb_act", "fg": 20 },
          { "id": "overlay_wielded_smokebomb_act", "fg": 21 },
          { "id": "overlay_wielded_insecticidalbomb", "fg": 22 },
          { "id": "overlay_wielded_insecticidalbomb_act", "fg": 23 },
          { "id": "overlay_wielded_fungicidalbomb", "fg": 24 },
          { "id": "overlay_wielded_fungicidalbomb_act", "fg": 25 },
          { "id": "overlay_wielded_insecticidalbomb_makeshift", "fg": 22 },
          { "id": "overlay_wielded_insecticidalbomb_makeshift_act", "fg": 23 },
          { "id": "overlay_wielded_fungicidalbomb_makeshift", "fg": 24 },
          { "id": "overlay_wielded_fungicidalbomb_makeshift_act", "fg": 25 },
          { "id": "overlay_wielded_usp_45", "fg": 26 },
          { "id": "overlay_wielded_usp_9mm", "fg": 26 },
          { "id": "flamethrower_simple", "fg": 27 },
          { "id": "overlay_wielded_flamethrower_simple", "fg": 28 },
          { "id": "overlay_wielded_electric_lantern", "fg": 30 },
          { "id": "overlay_wielded_electric_lantern_on", "fg": 31 },
          { "id": "overlay_wielded_gasoline_lantern", "fg": 30 },
          { "id": "overlay_wielded_gasoline_lantern_on", "fg": 31 },
          { "id": "overlay_wielded_oil_lamp", "fg": 30 },
          { "id": "overlay_wielded_oil_lamp_on", "fg": 31 },
          { "id": "overlay_wielded_syringe", "fg": 32 },
          { "id": "broom", "fg": 33 },
          { "id": "overlay_wielded_broom", "fg": 34 },
          { "id": "overlay_wielded_tommygun", "fg": 35 },
          { "id": "ruger_redhawk", "fg": 36 },
          { "id": "overlay_wielded_ruger_redhawk", "fg": 37 },
          { "id": "overlay_worn_mask_hockey", "fg": 38 },
          { "id": "overlay_wielded_iceaxe", "fg": 39 },
          { "id": "overlay_worn_football_armor", "fg": 40 },
          { "id": "overlay_worn_pot_xlhelmet", "fg": 41 },
          { "id": "overlay_wielded_boxing_gloves", "fg": 42 },
          { "id": "overlay_worn_boxing_gloves", "fg": 42 },
          { "id": "overlay_wielded_mgl", "fg": 43 },
          { "id": "overlay_wielded_m79", "fg": 44 },
          { "id": "helmet_ball", "fg": 45 },
          { "id": "overlay_worn_helmet_ball", "fg": 46 },
          { "id": "overlay_wielded_helmet_ball", "fg": 47 },
          { "id": "overlay_wielded_wrench", "fg": 48 },
          { "id": "overlay_wielded_hat_ball", "fg": 49 },
          { "id": "hat_ball", "fg": 50 },
          { "id": "overlay_wielded_nailgun", "fg": 51 },
          { "id": "overlay_wielded_flamethrower", "fg": 52 },
          { "id": "overlay_wielded_knife_hunting", "fg": 53 },
          { "id": "overlay_wielded_atomic_lamp_off", "fg": 54 },
          { "id": "overlay_wielded_atomic_lamp", "fg": 55 },
          { "id": "overlay_wielded_atomic_light_off", "fg": 54 },
          { "id": "overlay_wielded_atomic_light", "fg": 55 },
          { "id": "overlay_male_worn_goggles_ski", "fg": 56 },
          { "id": "overlay_female_worn_goggles_ski", "fg": 57 },
          { "id": "overlay_wielded_cordless_drill", "fg": 58 },
          { "id": "noise_emitter", "fg": 59 },
          { "id": "overlay_wielded_noise_emitter", "fg": 60 },
          { "id": "noise_emitter_on", "fg": 61 },
          { "id": "overlay_wielded_noise_emitter_on", "fg": 62 },
          { "id": "c4", "fg": 63 },
          {
            "id": "c4armed",
            "fg": [ 
                    { "weight": 10, "sprite": 64 },
                    { "weight": 10, "sprite": 65 },
                    { "weight": 10, "sprite": 66 },
                    { "weight": 10, "sprite": 67 } ],
            "animated": true
          },
          { "id": "overlay_worn_gloves_work", "fg": 68 },
          { "id": "overlay_wielded_gloves_work", "fg": 68 },
          { "id": "throwing_knife", "fg": 69 },
          { "id": "overlay_wielded_hacksaw", "fg": 70 },
          { "id": "overlay_wielded_knife_hunting", "fg": 71 },
          { "id": "overlay_wielded_knife_combat", "fg": 72 },
          { "id": "overlay_wielded_knife_combat_mod", "fg": 72 },
          { "id": "overlay_wielded_butterfly_swords", "fg": 73 },
          { "id": "pen", "fg": 74 },
          { "id": "overlay_wielded_pen", "fg": 75 },
          { "id": "overlay_wielded_knife_rm42", "fg": 76 },
          { "id": "overlay_worn_suit", "fg": 77 },
          { "id": "overlay_wielded_hatchet", "fg": 78 },
          { "id": "overlay_wielded_glass_macuahuitl", "fg": 79 },
          { "id": "mac_10", "fg": 80 },
          { "id": "overlay_wielded_mac_10", "fg": 81 },
          { "id": "mac_11", "fg": 80 },
          { "id": "overlay_wielded_mac_11", "fg": 81 },
          {
            "id": "overlay_wielded_plasma_gun",
            "fg": [ 
                    { "weight": 10, "sprite": 82 },
                    { "weight": 10, "sprite": 83 },
                    { "weight": 10, "sprite": 84 } ],
            "animated": true
          },
          { "id": "overlay_wielded_switchblade", "fg": 85 },
          { "id": "overlay_wielded_makeshift_knife", "fg": 86 },
          { "id": "overlay_worn_rebreather", "fg": 87 },
          { "id": "overlay_worn_rebreather_on", "fg": 87 },
          { "id": "overlay_wielded_knife_chef", "fg": 88 },
          { "id": "overlay_worn_mask_ski", "fg": 89 },
          { "id": "overlay_wielded_mask_ski_loose", "fg": 90 },
          { "id": "overlay_wielded_vacutainer", "fg": 91 },
          { "id": "vacutainer", "fg": 91 },
          { "id": "overlay_worn_flotation_vest", "fg": 92 },
          { "id": "overlay_wielded_fire_axe", "fg": 93 }
        ],
        "//": "range 1 to 128",
        "sprite_width": 32,
        "sprite_height": 32,
        "sprite_offset_x": 0,
        "sprite_offset_y": 0
      }
    ]
  }
]