[
  {
    "id": "drugs_soldier",
    "type": "item_group",
    "subtype": "distribution",
    "//": "Healing items appropriate for soldiers and other paramilitary forces",
    "entries": [
      { "group": "ZhighStimUnkown3", "prob": 30 },
      { "item": "1st_aid", "prob": 50 },
      { "item": "medkit1", "prob": 40 },
      { "item": "medkit2", "prob": 30 },
      { "item": "medkit3", "prob": 20 },
      { "item": "medkit4", "prob": 10 },
      { "item": "antibiotics", "prob": 20 },
      { "item": "bandages", "prob": 100 },
      { "item": "morphine", "prob": 20 },
      { "item": "quikclot", "prob": 20 },
      { "item": "smoxygen_tank", "prob": 20 },
      { "item": "tramadol", "prob": 20 }
    ]
  },
  {
    "type": "item_group",
    "id": "gunmod_common",
    "//": "Common gunmods typically owned by citizens and found in many locations.",
    "items": [
      { "group": "charms_guns", "prob": 30 },
      [ "brass_catcher", 100 ],
      [ "improve_sights", 60 ],
      [ "muzzle_brake", 20 ],
      [ "pistol_grip", 30 ],
      [ "recoil_gel", 40 ],
      [ "bipodgrip", 30 ],
      [ "rifle_scope", 30 ],
      [ "shoulder_strap", 100 ],
      [ "suppressor", 60 ],
      [ "suppressor_compact", 40 ],
      [ "cheek_pad", 25 ]
    ]
  },
  {
    "type": "item_group",
    "id": "gunmod_rare",
    "//": "Less common gunmods including those only used by police/paramilitary forces.",
    "items": [
      { "group": "charms_guns", "prob": 50 },
      [ "adjustable_stock", 80 ],
      [ "barrel_ported", 20 ],
      [ "bipod", 20 ],
      [ "folding_stock", 60 ],
      [ "grip", 80 ],
      [ "gun_crossbow", 20 ],
      [ "stabilizer", 10 ],
      [ "laser_sight", 40 ],
      [ "light_grip", 50 ],
      [ "match_trigger", 20 ],
      [ "offset_sights", 40 ],
      [ "glockAuto", 5 ],
      [ "pistol_bayonet", 10 ],
      [ "pistol_scope", 10 ],
      [ "pistol_stock", 10 ],
      [ "arredondo_chute", 20 ],
      [ "rail_laser_sight", 40 ],
      [ "red_dot_sight", 70 ],
      [ "recoil_stock", 60 ],
      [ "shot_suppressor", 10 ],
      [ "u_shotgun", 60 ],
      [ "waterproof_gunmod", 40 ],
      [ "retool_ar15_300blk", 40 ]
    ]
  },
  {
    "id": "office_paper",
    "type": "item_group",
    "subtype": "collection",
    "//": "Random paper/data items. for filing cabinets or other office locations",
    "items": [
      { "group": "oa_discarded_news", "count": [ 2, 12 ], "prob": 20 },
      { "group": "flask_liquor", "prob": 10 },
      { "group": "elecsto_pcs", "count": [ 1, 2 ], "prob": 10 },
      { "item": "file", "count": [ 1, 8 ], "prob": 50 },
      { "group": "elecsto_stor", "count": [ 1, 2 ], "prob": 30 },
      { "item": "money_bundle", "count": [ 1, 10 ], "prob": 20 },
      { "item": "survnote", "prob": 10 },
      { "item": "flyer", "count": [ 1, 10 ], "prob": 30 },
      { "item": "character_sheet", "count": [ 1, 2 ], "prob": 5 },
      { "item": "phonebook", "prob": 10 },
      { "item": "magic_8_ball", "prob": 5 },
      { "item": "family_photo", "prob": 5 },
      { "item": "coin_quarter", "prob": 5 },
      { "item": "mobile_memory_card_used", "count": [ 1, 4 ], "prob": 15 },
      { "item": "RPG_die", "prob": 5 },
      { "item": "metal_RPG_die", "prob": 1 },
      { "item": "penBlade", "prob": 1 },
      { "item": "penPick", "prob": 1 },
      { "item": "penChem", "prob": 1 },
      { "item": "penLaser", "prob": 1 },
      { "item": "penDazzler", "prob": 1 },
      { "item": "penGun", "prob": 1 },
      { "item": "penFlame", "prob": 1 },
      { "item": "pen", "count": [ 1, 2 ], "prob": 20 },
      { "item": "pencil", "count": [ 1, 2 ], "prob": 15 },
      { "item": "mobile_memory_card_encrypted", "count": [ 1, 2 ], "prob": 15 }
    ]
  },
  {
    "id": "SUS_office_desk",
    "type": "item_group",
    "//": "SUS item groups are collections that contain a reasonable realistic distribution of items that might spawn in a given storage furniture.",
    "//2": "This group is for an office desk containing documents and electronics for work and some desk clutter.",
    "subtype": "collection",
    "entries": [
      { "item": "eink_tablet_pc", "prob": 20 },
      { "item": "laptop", "prob": 60 },
      { "item": "battery_charger", "prob": 80 },
      { "item": "usb_drive", "prob": 20 },
      { "item": "mobile_memory_card_used", "count": [ 1, 4 ], "prob": 15 },
      { "item": "mobile_memory_card_encrypted", "count": [ 1, 2 ], "prob": 15 },
      { "item": "file", "count": [ 1, 8 ], "prob": 50 },
      { "item": "paper", "charges": [ 100, 450 ], "prob": 60 },
      { "item": "pen", "count": [ 1, 2 ], "prob": 20 },
      { "item": "penBlade", "prob": 1 },
      { "item": "penPick", "prob": 1 },
      { "item": "pencil", "count": [ 1, 2 ], "prob": 15 },
      { "item": "penChem", "prob": 1 },
      { "item": "penLaser", "prob": 1 },
      { "item": "penDazzler", "prob": 1 },
      { "item": "penGun", "prob": 1 },
      { "item": "penFlame", "prob": 1 },
      { "item": "stapler", "prob": 60 },
      { "item": "scissors", "prob": 35 },
      { "item": "phonebook", "prob": 10 },
      { "item": "family_photo", "prob": 10 },
      { "item": "coin_quarter", "prob": 10 },
      { "group": "oa_discarded_news", "count": [ 2, 12 ], "prob": 20 }
    ]
  },
  {
    "id": "tools_entry",
    "type": "item_group",
    "//": "Tools used for forcing entry into a building",
    "items": [
      [ "boltcutters", 30 ],
      [ "crowbar", 50 ],
      [ "claw_bar", 25 ],
      [ "hammer_sledge", 5 ],
      [ "hammer_sledge_short", 5 ],
      [ "hammer_sledge_engineer", 10 ],
      [ "halligan", 10 ],
      [ "pike_pole", 10 ],
      [ "ny_hook", 10 ],
      [ "axe_combat", 10 ],
      [ "heavMultTool", 10 ],
      [ "crovel", 10 ]
    ]
  },
  {
    "type": "item_group",
    "id": "grenades",
    "items": [
      [ "grenade", 30 ],
      [ "grenade_inc", 30 ],
      [ "flashbang", 30 ],
      [ "EMPbomb", 20 ],
      [ "grenade_emp", 5 ],
      [ "gasbomb", 15 ],
      [ "gasbomb_makeshift", 15 ],
      [ "zap_grenade", 15 ],
      [ "rad_grenade", 15 ],
      [ "cryo_grenade", 15 ],
      [ "smokebomb", 50 ],
      [ "dynamite", 50 ],
      [ "mininuke", 5 ],
      [ "c4", 50 ]
    ]
  },
  {
    "type": "item_group",
    "id": "bionics",
    "items": [
      [ "bio_batteries", 10 ],
      [ "bio_metabolics", 10 ],
      [ "bio_ethanol", 10 ],
      [ "bio_torsionratchet", 10 ],
      [ "bio_fuel_cell_gasoline", 10 ],
      [ "bio_tools", 10 ],
      [ "bio_ups", 10 ],
      [ "bio_flashlight", 10 ],
      [ "bio_tattoo_led", 10 ],
      [ "bio_lighter", 10 ],
      [ "bio_magnet", 10 ],
      [ "bio_memory", 10 ],
      [ "bio_painkiller", 10 ],
      [ "bio_alarm", 10 ],
      [ "bio_ears", 10 ],
      [ "bio_sunglasses", 10 ],
      [ "bio_eye_optic", 10 ],
      [ "bio_eye_enhancer", 10 ],
      [ "bio_dex_enhancer", 10 ],
      [ "bio_str_enhancer", 10 ],
      [ "bio_int_enhancer", 10 ],
      [ "bio_night_vision", 10 ],
      [ "bio_infrared", 10 ],
      [ "bio_targeting", 10 ],
      [ "bio_ground_sonar", 10 ],
      [ "bio_membrane", 10 ],
      [ "bio_gills", 10 ],
      [ "bio_purifier", 10 ],
      [ "bio_climate", 10 ],
      [ "bio_heatsink", 10 ],
      [ "bio_blood_filter", 10 ],
      [ "bio_recycler", 10 ],
      [ "bio_digestion", 10 ],
      [ "bio_evap", 10 ],
      [ "bio_water_extractor", 10 ],
      [ "bio_face_mask", 10 ],
      [ "bio_scent_mask", 10 ],
      [ "bio_cloak", 10 ],
      [ "bio_fingerhack", 10 ],
      [ "bio_lockpick", 10 ],
      [ "bio_night", 10 ],
      [ "bio_carbon", 10 ],
      [ "bio_armor_head", 10 ],
      [ "bio_armor_torso", 10 ],
      [ "bio_armor_arms", 10 ],
      [ "bio_armor_legs", 10 ],
      [ "bio_armor_eyes", 10 ],
      [ "bio_shock", 10 ],
      [ "bio_heat_absorb", 10 ],
      [ "bio_claws", 10 ],
      [ "bio_blade", 5 ],
      [ "bio_surgical_razor", 10 ],
      [ "bio_razors", 10 ],
      [ "bio_shockwave", 10 ],
      [ "bio_nanobots", 10 ],
      [ "bio_blood_anal", 10 ],
      [ "bio_geiger", 10 ],
      [ "bio_radscrubber", 10 ],
      [ "bio_ads", 10 ],
      [ "bio_ods", 10 ],
      [ "bio_uncanny_dodge", 10 ],
      [ "bio_resonator", 10 ],
      [ "bio_hydraulics", 10 ],
      [ "bio_time_freeze", 10 ],
      [ "bio_teleport", 10 ],
      [ "bio_probability_travel", 10 ],
      [ "bio_laser", 10 ],
      [ "bio_emp_armgun", 10 ],
      [ "bio_railgun", 10 ],
      [ "bio_flashbang", 10 ],
      [ "bio_chain_lightning", 10 ],
      [ "bio_power_armor_interface", 10 ],
      [ "bio_adrenaline", 10 ],
      [ "bio_infolink", 10 ],
      [ "bio_leukocyte", 10 ],
      [ "bio_speed", 5 ],
      [ "bio_faraday", 10 ],
      [ "bio_power_armor_interface_mkII", 5 ],
      [ "bio_remote", 10 ],
      [ "bio_cable", 10 ],
      [ "bio_syringe", 10 ],
      [ "bio_weight", 10 ],
      [ "bio_shock_absorber", 10 ],
      [ "bio_jointservo", 10 ],
      [ "bio_shotgun", 10 ],
      [ "bio_taste_blocker", 10 ],
      [ "bio_soporific", 10 ],
      [ "bn_bio_solar", 10 ],
      [ "afs_bio_missiles", 10 ],
      [ "afs_bio_linguistic_coprocessor", 10 ],
      [ "afs_bio_dopamine_stimulators", 10 ],
      [ "bio_blaster", 5 ],
      [ "bio_reactor", 10 ],
      [ "bio_electrosense", 10 ],
      [ "bio_knuckle", 10 ],
      [ "bio_mantisBlade", 10 ],
      [ "bio_armorV2_arms", 10 ],
      [ "bio_armorV2_eyes", 10 ],
      [ "bio_armorV2_head", 10 ],
      [ "bio_armorV2_legs", 10 ],
      [ "bio_armorV2_torso", 10 ]
    ]
  },
  {
    "id": "knife_shop",
    "type": "item_group",
    "items": [
      [ "knife_butcher", 20 ],
      [ "knife_combat", 35 ],
      [ "throwing_knife", 10 ],
      [ "shuriken", 10 ],
      [ "pockknife", 50 ],
      [ "punch_dagger", 10 ],
      [ "knife_trench", 7 ],
      [ "switchblade", 20 ],
      [ "karambit", 10 ],
      [ "knife_hunting", 20 ],
      [ "knife_rambo", 5 ]
    ]
  },
  {
    "type": "item_group",
    "id": "weapons",
    "items": [
      [ "chain", 20 ],
      [ "knuckle_brass", 20 ],
      [ "hammer", 35 ],
      [ "wrench", 30 ],
      [ "hammer_sledge", 4 ],
      [ "hammer_sledge_short", 2 ],
      [ "hatchet", 10 ],
      [ "ax", 8 ],
      [ "axe_combat", 3 ],
      [ "knife_combat", 14 ],
      [ "kukri", 2 ],
      [ "karambit", 2 ],
      [ "baton_light", 8 ],
      [ "stick_swag_red", 4 ],
      [ "stick_swag_blue", 4 ],
      [ "staff_fancy_zhigh", 4 ],
      [ "staff_spring_zhigh", 4 ],
      [ "thunderball", 4 ],
      [ "gunstock_club", 4 ],
      [ "staff_skull", 4 ],
      [ "knife_hunting", 4 ],
      [ "knife_rambo", 8 ],
      [ "knife_rm42", 2 ],
      [ "throwing_knife", 7 ],
      [ "throwing_axe", 6 ],
      [ "punch_dagger", 6 ],
      [ "pipe", 20 ],
      [ "bat", 60 ],
      [ "bullwhip", 10 ],
      [ "machete", 5 ],
      [ "baton", 8 ],
      [ "blackjack", 10 ],
      [ "tazer", 3 ],
      [ "rapier", 3 ],
      [ "cavalry_sabre", 2 ],
      [ "bat_metal", 60 ],
      [ "e_tool", 2 ],
      [ "knife_trench", 7 ],
      [ "switchblade", 4 ],
      [ "tonfa", 10 ],
      [ "tonfa_wood", 10 ],
      [ "shocktonfa_off", 5 ],
      [ "tanto", 7 ],
      [ "wakizashi", 3 ],
      [ "nodachi", 1 ],
      [ "katana", 2 ],
      [ "survnote", 1 ]
    ]
  },
  {
    "id": "everyday_paintballAr15",
    "type": "item_group",
    "//": "this is a distribution for the gun, reasonable number of backup mags, and some ammo to repack",
    "subtype": "collection",
    "ammo": 100,
    "entries": [
            { "item": "paintballG_AR15", "charges-min": 0, "charges-max": 15 }, 
            { "item": "paintball_tg", "prob": 100, "charges": [ 10, 20 ] } 
        ]
  },
  {
    "type": "item_group",
    "id": "carried_guns_cop",
    "//": "Police issue weapons of all types. Carried, so they have mags or loose ammo.",
    "items": [
      { "group": "everyday_paintballAr15", "prob": 15 },
      { "group": "everyday_ar15", "prob": 15 },
      { "group": "everyday_cx4", "prob": 20 },
      { "group": "everyday_fn57", "prob": 20 },
      { "group": "everyday_fn_p90", "prob": 5 },
      { "group": "everyday_glock_19", "prob": 15 },
      { "group": "everyday_glock_22", "prob": 20 },
      { "group": "everyday_hk_mp5", "prob": 10 },
      { "group": "everyday_m9", "prob": 5 },
      { "group": "everyday_mossberg_500", "prob": 15 },
      { "group": "everyday_remington_700", "prob": 5 },
      { "group": "everyday_remington_870", "prob": 20 },
      { "group": "everyday_sig_40", "prob": 20 },
      { "group": "everyday_usp_45", "prob": 10 },
      { "group": "everyday_usp_9mm", "prob": 10 },
      { "group": "everyday_kp32", "prob": 1 },
      { "group": "everyday_kp3at", "prob": 2 },
      { "group": "everyday_rugerlcp", "prob": 2 },
      { "group": "everyday_kpf9", "prob": 3 }
    ]
  },
  {
    "type": "item_group",
    "id": "games",
    "items": [
      [ "chess", 50 ],
      [ "checkers", 50 ],
      [ "deck_of_cards", 50 ],
      [ "cards_magic", 50 ],
      [ "pictionary", 50 ],
      [ "monopoly", 50 ],
      [ "dnd", 50 ],
      [ "g_warhammer", 50 ],
      [ "g_warhammer40k", 50 ],
      [ "catan", 50 ],
      [ "battleship", 50 ],
      [ "clue", 50 ],
      [ "metal_RPG_die", 30 ],
      [ "RPG_die", 40 ],
      [ "character_sheet", 20 ],
      [ "scorecard", 10 ],
      [ "dnd_handbook", 5 ],
      [ "baduk", 25 ],
      [ "portable_game", 5 ]
    ]
  },
  {
    "id": "drugs_heal_simple",
    "type": "item_group",
    "//": "Common healing items found almost everywhere",
    "items": [
      [ "1st_aid", 80 ],
      [ "medkit1", 20 ],
      [ "medkit2", 15 ],
      [ "medkit3", 10 ],
      [ "medkit4", 1 ],
      [ "aspirin", 50 ],
      [ "bandages", 90 ],
      [ "cotton_ball", 40 ],
      [ "disinfectant", 60 ],
      [ "eyedrops", 30 ],
      [ "medical_gauze", 20 ],
      [ "medical_tape", 20 ],
      [ "pepto", 20 ],
      [ "saline", 10 ],
      [ "weak_antibiotic", 60 ]
    ]
  },
  {
    "type": "item_group",
    "id": "military",
    "subtype": "distribution",
    "entries": [
      { "group": "mil_food", "prob": 1251 },
      { "group": "mil_armor", "prob": 575 },
      { "item": "plut_cell", "prob": 5 },
      { "item": "m107a1", "prob": 1 },
      { "item": "bipod", "prob": 1 },
      { "item": "50bmg", "prob": 3 },
      { "item": "50ss", "prob": 2 },
      { "item": "50match", "prob": 1 },
      { "item": "50_mk211", "prob": 1 },
      { "item": "small_repairkit", "prob": 10 },
      { "item": "50_incendiary", "prob": 2 },
      { "item": "water_clean", "prob": 90 },
      { "item": "knuckle_brass", "prob": 15 },
      { "item": "battery_ups", "prob": 10 },
      { "item": "bandages", "prob": 50 },
      { "item": "cotton_ball", "prob": 20 },
      { "item": "iodine", "prob": 5 },
      { "item": "prussian_blue", "prob": 5 },
      { "item": "adrenaline_injector", "prob": 4 },
      { "group": "tobacco_products", "prob": 146 },
      { "item": "knife_combat", "prob": 14 },
      { "item": "kukri", "prob": 2 },
      { "item": "throwing_knife", "prob": 7 },
      { "item": "boots_steel", "prob": 50 },
      { "item": "gloves_fingerless", "prob": 20 },
      { "item": "glasses_safety", "prob": 40 },
      { "item": "hat_boonie", "prob": 10 },
      { "item": "holster", "prob": 15 },
      { "item": "sholster", "prob": 10 },
      { "item": "bandolier_shotgun", "prob": 12 },
      { "item": "torso_bandolier_shotgun", "prob": 8 },
      { "item": "bootstrap", "prob": 3 },
      { "item": "legpouch", "prob": 8 },
      { "item": "legpouch_large", "prob": 4 },
      { "item": "chestpouch", "prob": 6 },
      { "item": "ammo_satchel", "prob": 3 },
      { "item": "gobag", "prob": 1 },
      { "item": "mess_kit", "prob": 9 },
      { "item": "mil_mess_kit", "prob": 1 },
      { "item": "tent_kit", "prob": 10 },
      { "item": "large_tent_kit", "prob": 10 },
      { "item": "pistol_bayonet", "prob": 4 },
      { "item": "9mm", "prob": 8 },
      { "item": "9mmfmj", "prob": 4 },
      { "item": "45_acp", "prob": 7 },
      { "item": "45_jhp", "prob": 3 },
      { "item": "556", "prob": 6 },
      { "item": "556_incendiary", "prob": 2 },
      { "item": "762_51", "prob": 6 },
      { "item": "762_51_incendiary", "prob": 6 },
      { "item": "40x46mm_m433", "prob": 10 },
      { "item": "40x46mm_m433", "prob": 8 },
      { "item": "40x46mm_m651", "prob": 5 },
      { "item": "40x46mm_m576", "prob": 12 },
      { "item": "40x53mm_m1001", "prob": 6 },
      { "item": "20x66_shot", "prob": 4 },
      { "item": "20x66_exp", "prob": 1 },
      { "item": "20x66_inc", "prob": 1 },
      { "item": "20x66_flare", "prob": 2 },
      { "item": "20x66_frag", "prob": 1 },
      { "item": "20x66_slug", "prob": 4 },
      { "item": "20x66_flechette", "prob": 3 },
      { "item": "m9", "prob": 6 },
      { "item": "usp_45", "prob": 6 },
      { "item": "m4a1", "prob": 7 },
      { "item": "m16a4", "prob": 5 },
      { "item": "h&k416a5", "prob": 7 },
      { "item": "m1014", "prob": 2 },
      { "item": "scar_l", "prob": 6 },
      { "item": "scar_h", "prob": 5 },
      { "item": "m249", "prob": 1 },
      { "item": "m240", "prob": 1 },
      { "item": "m27iar", "prob": 1 },
      { "item": "plasma_gun", "prob": 1 },
      { "item": "m320", "prob": 5 },
      { "item": "m320_mod", "prob": 10 },
      { "item": "ugl_buttstock", "prob": 10 },
      { "item": "mgl", "prob": 6 },
      { "item": "rm802", "prob": 6 },
      { "item": "suppressor", "prob": 15 },
      { "item": "shot_suppressor", "prob": 1 },
      { "item": "brass_catcher", "prob": 15 },
      { "item": "lighter", "prob": 60 },
      { "item": "ref_lighter", "prob": 5 },
      { "item": "electric_lighter", "prob": 5 },
      { "item": "flashlight", "prob": 40 },
      { "item": "heavy_flashlight", "prob": 40 },
      { "item": "landmine", "prob": 3 },
      { "item": "grenade", "prob": 3 },
      { "item": "grenade_inc", "prob": 3 },
      { "item": "flashbang", "prob": 3 },
      { "item": "EMPbomb", "prob": 2 },
      { "item": "gasbomb", "prob": 3 },
      { "item": "smokebomb", "prob": 5 },
      { "item": "tazer", "prob": 3 },
      { "item": "c4", "prob": 5 },
      { "item": "hk_g80", "prob": 2 },
      { "item": "12mm", "prob": 2 },
      { "item": "flamethrower", "prob": 1 },
      { "item": "rm451_flamethrower", "prob": 1 },
      { "item": "binoculars", "prob": 20 },
      { "item": "masterkey", "prob": 2 },
      { "item": "rm121aux", "prob": 1 },
      { "item": "shot_flechette", "prob": 5 },
      { "item": "canteen", "prob": 15 },
      { "item": "2lcanteen", "prob": 10 },
      { "item": "camelbak", "prob": 5 },
      { "item": "jerrycan", "prob": 10 },
      { "item": "rucksack", "prob": 20 },
      { "item": "LAW_Packed", "prob": 30 },
      { "item": "m3_carlgustav", "prob": 1 },
      { "item": "84x246mm_he", "prob": 3 },
      { "item": "84x246mm_hedp", "prob": 2 },
      { "item": "84x246mm_smoke", "prob": 3 },
      { "item": "atgm_launcher", "prob": 1 },
      { "item": "atgm_heat", "prob": 1 },
      { "item": "m202_flash", "prob": 2 },
      { "item": "m74_clip", "prob": 3 },
      { "item": "rm51_assault_rifle", "prob": 1 },
      { "item": "rm88_battle_rifle", "prob": 1 },
      { "item": "rm614_lmg", "prob": 1 },
      { "item": "rm2000_smg", "prob": 1 },
      { "item": "8mm_caseless", "prob": 2 },
      { "item": "rm99_pistol", "prob": 1 },
      { "item": "8mm_jhp", "prob": 2 },
      { "item": "8mm_hvp", "prob": 2 },
      { "item": "laser_rifle", "prob": 1 },
      { "item": "rm103a_pistol", "prob": 1 },
      { "item": "laser_sight", "prob": 15 },
      { "item": "rail_laser_sight", "prob": 10 },
      { "item": "8mm_inc", "prob": 2 },
      { "item": "tac_helmet", "prob": 10 },
      { "item": "helmet_maska", "prob": 10 },
      { "item": "tac_fullhelmet", "prob": 5 },
      { "item": "helmet_lobster", "prob": 5 },
      { "item": "gum", "prob": 90 },
      { "item": "caff_gum", "prob": 10 },
      { "item": "nic_gum", "prob": 1 },
      { "item": "improve_sights", "prob": 10 },
      { "item": "waterproof_gunmod", "prob": 4 },
      { "item": "cleansuit", "prob": 5 },
      { "item": "needlegun", "prob": 4 },
      { "item": "needlepistol", "prob": 6 },
      { "item": "5x50dart", "prob": 8 },
      { "item": "5x50heavy", "prob": 4 },
      { "item": "hazmat_suit", "prob": 5 },
      { "item": "e_tool", "prob": 20 },
      { "item": "knife_trench", "prob": 14 },
      { "item": "flaregun", "prob": 20 },
      { "item": "signal_flare", "prob": 25 },
      { "item": "militarymap", "prob": 4 },
      { "item": "halligan", "prob": 10 },
      { "item": "fire_ax", "prob": 5 },
      { "item": "antiparasitic", "prob": 2 },
      { "item": "match_trigger", "prob": 2 },
      { "item": "grapnel", "prob": 1 },
      { "item": "bucket", "prob": 4 },
      { "item": "bot_haulerbot", "prob": 5 },
      { "item": "bot_laserturret", "prob": 1 },
      { "item": "sheath", "prob": 13 },
      { "item": "bootsheath", "prob": 8 },
      { "item": "toolbox", "prob": 1 },
      { "item": "knife_rm42", "prob": 4 },
      { "item": "survnote", "prob": 1 },
      { "item": "rm11b_sniper_rifle", "prob": 1 },
      { "item": "shoulder_strap", "prob": 16 },
      { "item": "bot_manhack", "prob": 1 },
      { "item": "bot_grenade_hack", "prob": 1 },
      { "item": "l-stick", "prob": 1 },
      { "item": "chem_hexamine", "prob": 5 },
      { "item": "esbit_stove", "prob": 8 },
      { "item": "mess_tin", "prob": 4 },
      { "item": "beam_scatterer", "prob": 1 },
      { "item": "focusing_lens", "prob": 1 },
      { "item": "electrolaser_conversion", "prob": 1 },
      { "item": "effective_emitter", "prob": 1 },
      { "item": "high_density_capacitor", "prob": 1 },
      { "item": "emp_gun", "prob": 1 }
    ]
  },
  {
    "type": "item_group",
    "id": "helicopter",
    "magazine": 100,
    "subtype": "distribution",
    "entries": [
      { "group": "guns_launcher_milspec", "prob": 5 },
      { "group": "guns_launcher_rocket", "prob": 44 },
      { "group": "guns_rifle_milspec", "prob": 10 },
      { "group": "mil_armor_electronics", "prob": 40 },
      { "item": "human_flesh", "prob": 4, "count-min": 1, "count-max": 10 },
      { "item": "bone_human", "prob": 10, "count-min": 1, "count-max": 5 },
      { "item": "rag_bloody", "prob": 10, "count-min": 1, "count-max": 10 },
      { "item": "sheet_metal", "prob": 22 },
      { "item": "seat", "prob": 4 },
      { "item": "chain", "prob": 20 },
      { "item": "power_supply", "prob": 16 },
      { "item": "antenna", "prob": 18 },
      { "item": "steel_chunk", "prob": 30 },
      { "item": "spring", "prob": 50 },
      { "item": "steel_lump", "prob": 30 },
      { "item": "frame", "prob": 20 },
      { "item": "steel_plate", "prob": 30 },
      { "item": "mil_plate", "prob": 30 },
      { "item": "wheel_armor", "prob": 15 },
      { "item": "spiked_plate", "prob": 15 },
      { "item": "hard_plate", "prob": 30 },
      { "item": "motor", "prob": 2 },
      { "item": "motor_large", "prob": 1 },
      { "item": "motor_small", "prob": 1 },
      { "item": "hose", "prob": 15 },
      { "item": "pants_army", "prob": 30 },
      { "item": "jacket_army", "prob": 30 },
      { "item": "winter_pants_army", "prob": 10 },
      { "item": "winter_jacket_army", "prob": 10 },
      { "item": "winter_gloves_army", "prob": 10 },
      { "item": "army_top", "prob": 30 },
      { "item": "boots_combat", "prob": 10 },
      { "item": "gloves_tactical", "prob": 10 },
      { "item": "jumpsuit", "prob": 20 },
      { "item": "kevlar", "prob": 10 },
      { "item": "modularvest", "prob": 27 },
      { "item": "modularvestceramic", "prob": 34 },
      { "item": "kevlar_plate", "prob": 10 },
      { "item": "mask_gas", "prob": 10 },
      { "item": "helmet_army", "prob": 40 },
      { "item": "helmet_liner", "prob": 10 },
      { "group": "ammo_pocket_batteries_full", "prob": 50 },
      { "item": "plut_cell", "prob": 10 },
      { "item": "m249", "prob": 1 },
      { "item": "m240", "prob": 1 },
      { "item": "rm614_lmg", "prob": 1 },
      { "item": "rm298", "prob": 1 },
      { "item": "m134", "prob": 1 },
      { "item": "atgm_launcher", "prob": 1 },
      { "item": "atgm_heat", "prob": 3 },
      { "item": "v8_combustion", "prob": 5 },
      { "item": "engine_block_large", "prob": 5 },
      { "item": "extinguisher", "prob": 20 },
      { "item": "tacvest", "prob": 10 },
      { "item": "molle_pack", "prob": 8 },
      { "item": "legrig", "prob": 10 },
      { "item": "rucksack", "prob": 20 },
      { "item": "gobag", "prob": 2 },
      { "item": "survival_kit", "prob": 3 },
      { "item": "recipe_raptor", "prob": 2 },
      { "item": "tac_helmet", "prob": 5 },
      { "item": "helmet_maska", "prob": 5 },
      { "item": "tac_fullhelmet", "prob": 2 },
      { "item": "helmet_lobster", "prob": 2 },
      { "item": "cowboy_hat", "prob": 4 },
      { "item": "mask_bal", "prob": 1 },
      { "item": "sm_extinguisher", "prob": 10 },
      { "item": "flaregun", "prob": 20 },
      { "item": "signal_flare", "prob": 25 },
      { "item": "glasses_bal", "prob": 10 },
      { "item": "55gal_drum", "prob": 1 },
      { "item": "30gal_drum", "prob": 2 },
      { "item": "grapnel", "prob": 1 },
      { "item": "briefcase", "prob": 5 },
      { "item": "survnote", "prob": 2 },
      { "item": "robot_controls", "prob": 3 }
    ]
  }
]