[
  {
    "id": "medkit1",
    "type": "COMESTIBLE",
	"comestible_type": "MED",
	"looks_like": "1st_aid",
	"name": "basic medkit",
	"description": "A medkit, released to civilians. Not the best option, but at least the healing activates instantly. \n <color_yellow>Presented by Phoenix corp.</color>",
	"weight": "300 g",
    "volume": "100 ml",
	"price": "50 USD",
	"material": "plastic",
	"symbol": "+",
	"color": "red",
	"charges": 5,
	"stack_size": 5,
	"use_action": {
      "type": "heal",
	  "move_cost": 30,
	  "bleed": 0.2,
	  "bite": 0.2,
	  "infect": 0.2,
	  "limb_power": 5,
	  "head_power": 5,
	  "torso_power": 5,
	  "effects": [ { "id": "healing_medkit", "duration": 100 }, { "id": "pkill1", "duration": 50 } ]
    },
	"flags": [ "NO_INGEST", "NPC_SAFE" ]
  },
  {
    "id": "medkit2",
    "type": "COMESTIBLE",
	"comestible_type": "MED",
	"looks_like": "medkit1",
	"name": "medium medkit",
	"description": "A better medkit than the basic level medkit, released to civilians. Although it is not the best option and more expensive than the basic one, the healing activates instantly. \n <color_yellow>Presented by Phoenix corp.</color>",
	"weight": "300 g",
    "volume": "100 ml",
	"price": "75 USD",
	"material": "plastic",
	"symbol": "+",
	"color": "red",
	"charges": 3,
	"stack_size": 3,
	"use_action": {
      "type": "heal",
	  "move_cost": 25,
	  "bleed": 0.50,
	  "bite": 0.50,
	  "infect": 0.50,
	  "limb_power": 10,
	  "head_power": 10,
	  "torso_power": 10,
	  "effects": [ { "id": "healing_medkit", "duration": 150 }, { "id": "pkill2", "duration": 100 } ]
    },
	"flags": [ "NO_INGEST", "NPC_SAFE" ]
  },
  {
    "id": "medkit3",
    "type": "COMESTIBLE",
	"comestible_type": "MED",
	"looks_like": "medkit1",
	"name": "advanced medkit",
	"description": "A medkit, only useable in the military. This is the best option and the healing activates instantly when applied. \n <color_yellow>Presented by Phoenix corp.</color>",
	"weight": "300 g",
    "volume": "100 ml",
	"price": "100 USD",
	"material": "plastic",
	"symbol": "+",
	"color": "red",
	"charges": 1,
	"stack_size": 1,
	"use_action": {
      "type": "heal",
	  "move_cost": 25,
	  "bleed": 0.80,
	  "bite": 0.80,
	  "infect": 0.80,
	  "limb_power": 15,
	  "head_power": 15,
	  "torso_power": 15,
	  "effects": [ { "id": "healing_medkit", "duration": 200 }, { "id": "pkill2", "duration": 150 } ]
    },
	"flags": [ "NO_INGEST", "NPC_SAFE" ]
  },
  {
    "id": "medkit4",
    "type": "COMESTIBLE",
	"comestible_type": "MED",
	"looks_like": "medkit1",
	"name": "weird medkit",
	"description": "Although this looks like another medkit, this is... quite weird. \n <color_red>NOT</color> <color_yellow>presented by Phoenix corp.</color>",
	"weight": "150 g",
    "volume": "50 ml",
	"price": "12500 USD",
	"material": "plastic",
	"symbol": "+",
	"color": "red",
	"charges": 1,
	"stack_size": 1,
	"use_action": {
      "type": "heal",
	  "move_cost": 5,
	  "bleed": 0.98,
	  "bite": 0.98,
	  "infect": 0.98,
	  "limb_power": 50,
	  "head_power": 50,
	  "torso_power": 50,
	  "effects": [ { "id": "healing_medkit", "duration": 300 }, {"id": "stimpack", "duration": 30}, {"id": "panacea", "duration": 30}, {"id": "cureall", "duration": 30}, {"id": "jetinjector", "duration": 30}, { "id": "pkill2", "duration": 300 } ]
    },
	"flags": [ "NO_INGEST", "NPC_SAFE" ]
  },
  {
    "id": "stimrx11",
    "type": "COMESTIBLE",
	"comestible_type": "MED",
	"name": "injectable stimpak",
	"description": "A syringe filled with powerful chemical stimulants which can only be activated by a Rivtech stimulant delivery system. \n <color_yellow>Presented by Phoenix corp.</color>",
	"weight": "40 g",
    "volume": "20 ml",
	"price": "7500 USD",
	"material": "plastic",
    "symbol": "/",
    "color": "cyan",
    "stim": -5,
    "healthy": -3,
	"use_action": "STIMPACK",
	"flags": [ "IRREPLACEABLE_CONSUMABLE", "NPC_SAFE", "BELT_CLIP" ]
  },
  {
    "id": "stimrx12",
    "type": "COMESTIBLE",
	"comestible_type": "MED",
	"name": "injectable ampoule",
	"description": "A syringe filled with advanced fast-healing chemicals which can only be activated by a Rivtech jet injector device.  A label on the side warns against using more than two doses per hour. \n <color_yellow>Presented by Phoenix corp.</color>",
	"weight": "40 g",
    "volume": "20 ml",
	"price": "7500 USD",
	"material": "plastic",
    "symbol": "/",
    "color": "cyan",
    "stim": -5,
    "healthy": -3,
	"use_action": "JET_INJECTOR",
	"flags": [ "IRREPLACEABLE_CONSUMABLE", "NPC_SAFE", "BELT_CLIP" ]
  },
  {
    "id": "stimmorphine",
    "type": "COMESTIBLE",
    "comestible_type": "MED",
    "name": "injectable morphine",
    "description": "A very strong semi-synthetic narcotic used to treat intense pain in hospital settings.  This injectable drug is very addictive. A label on the side warns against using more than two doses per hour. \n <color_yellow>Presented by Phoenix corp.</color>",
    "weight": "40 g",
    "volume": "20 ml",
    "price": "7500 USD",
	"material": "plastic",
    "symbol": "/",
    "color": "cyan",
    "stim": -5,
    "healthy": -3,
    "fun": 25,
    "addiction_potential": 20,
    "addiction_type": "opiate",
    "flags": [ "NO_INGEST", "IRREPLACEABLE_CONSUMABLE", "BELT_CLIP" ],
    "use_action": {
      "type": "consume_drug",
      "activation_message": "You shoot up.",
      "effects": [ { "id": "pkill3", "duration": "2 m" }, { "id": "pkill2", "duration": "6 m" } ]
    }
  },
  {
    "id": "stimquikclot",
    "type": "COMESTIBLE",
    "comestible_type": "MED",
    "name": "injectable AHF1-M",
    "description": "A syringe filled with liquified antihemorrhagic compound that reacts with blood to immediately form a gel-like substance that stops bleeding. You do need to drink water after taking this medicine. \n <color_yellow>Presented by Phoenix corp.</color>",
    "weight": "40 g",
    "volume": "20 ml",
    "price": "7500 USD",
	"material": "plastic",
    "symbol": "/",
    "color": "cyan",
    "quench": -150,
    "flags": [ "NO_INGEST", "IRREPLACEABLE_CONSUMABLE", "BELT_CLIP" ],
    "use_action": { "type": "heal", "bleed": 0.9, "bite": 0.3, "move_cost": 5 }
  },
  {
    "id": "stimpropital",
    "type": "COMESTIBLE",
    "comestible_type": "MED",
    "name": "injectable propital",
    "description": "A very strong semi-synthetic narcotic used to treat intense pain in hospital settings.  This injectable drug is super addictive. A label on the side warns against using more than two doses per hour. This, an advanced(both in good and bad) version of morphine, could regenerate some of your health. \n <color_yellow>Presented by Phoenix corp.</color>",
    "weight": "40 g",
    "volume": "20 ml",
    "price": "7500 USD",
	"material": "plastic",
    "symbol": "/",
    "color": "cyan",
    "stim": -5,
    "addiction_potential": 30,
    "addiction_type": "opiate",
    "flags": [ "NO_INGEST", "IRREPLACEABLE_CONSUMABLE", "BELT_CLIP" ],
    "use_action": {
      "type": "consume_drug",
      "activation_message": "You shoot up.",
      "effects": [ { "id": "pkill3", "duration": "1 m" }, { "id": "staminaup", "duration": "2 m" }, { "id": "panacea", "duration": "1 m" }, { "id": "pkill2", "duration": "5 m" } ]
    }
  },
  {
    "id": "stimzagustin",
    "type": "COMESTIBLE",
    "comestible_type": "MED",
    "name": "injectable zagustin",
    "description": "A military-issue drug. Inhibits activators of profibrinolysin and slows down its transformation in fibrinolysin. Stops the bleeding right after the drug use. Has side effects. Leads to severe dehydration. \n <color_yellow>Presented by Phoenix corp.</color>",
    "weight": "40 g",
    "volume": "20 ml",
    "price": "7500 USD",
	"material": "plastic",
    "symbol": "/",
    "color": "cyan",
    "stim": -5,
    "quench": -500,
    "fun": 25,
    "addiction_potential": 15,
    "addiction_type": "opiate",
    "flags": [ "NO_INGEST", "IRREPLACEABLE_CONSUMABLE", "BELT_CLIP" ],
    "use_action": { "type": "heal", "bleed": 0.9, "bite": 0.9, "disinfectant_power": 4, "move_cost": 5,
      "effects": [ { "id": "pkill3", "duration": "1 m" }, { "id": "pkill2", "duration": "5 m" } ]
    }
  },
  {
    "id": "stimantivenom",
    "type": "COMESTIBLE",
	"comestible_type": "MED",
	"name": "injectable xPC-12 antitoxin-antidote",
	"description": "Removes most of the known poisons and toxins used in the combat industry. Can be used to relieve the effects of natural poisons. \n <color_yellow>Presented by Phoenix corp.</color>",
	"weight": "40 g",
    "volume": "20 ml",
    "price": "7500 USD",
	"material": "plastic",
    "symbol": "/",
    "color": "cyan",
	"use_action": {
            "type": "consume_drug",
            "activation_message": "You shoot up, and remove the toxins in your body.",
            "effects": [ { "id": "antitoxin", "duration": "1 m" } ] },
	"flags": [ "IRREPLACEABLE_CONSUMABLE", "NPC_SAFE", "BELT_CLIP" ]
  },
  {
    "id": "stimInv",
    "type": "COMESTIBLE",
	"comestible_type": "MED",
	"name": "injectable Combat stimulant SJ9 PCLabs",
	"description": "Designed for special forces personnel. It makes it possible to make the human body invisible for a short time, significantly slowing down the metabolism. \n <color_yellow>Presented by Phoenix corp.</color>",
	"weight": "40 g",
    "volume": "20 ml",
    "price": "7500 USD",
	"material": "plastic",
    "symbol": "/",
    "color": "cyan",
    "stim": -5,
    "healthy": -5,
    "fun": -5,
	"use_action": {
            "type": "consume_drug",
            "activation_message": "You shoot up, making yourself invisible.",
            "effects": [ { "id": "invisibility", "duration": "5 m" } ] },
	"flags": [ "IRREPLACEABLE_CONSUMABLE", "NPC_SAFE", "BELT_CLIP" ]
  },
  {
    "id": "stimL1",
    "type": "COMESTIBLE",
    "comestible_type": "MED",
    "name": "injectable L1",
    "description": "A sterile disposable syringe with a dose of L1, based on morphine. It is used for short-term increase of strength and endurance, as well as to reduce the pain effect. This activates the implementation of a physiological response such as hit or run. Increases water and energy consumption. \n <color_yellow>Presented by Phoenix corp.</color>",
    "weight": "40 g",
    "volume": "20 ml",
    "price": "7500 USD",
	"material": "plastic",
    "symbol": "/",
    "color": "cyan",
    "quench": -300,
    "calories": -300,
    "stim": 5,
    "healthy": 3,
    "addiction_potential": 20,
    "addiction_type": "opiate",
    "flags": [ "NO_INGEST", "IRREPLACEABLE_CONSUMABLE", "BELT_CLIP" ],
    "use_action": {
      "type": "consume_drug",
      "activation_message": "You shoot up.",
      "effects": [ { "id": "pkill3", "duration": "2 m" }, { "id": "speedup", "duration": "2 m" }, { "id": "strengthup", "duration": "2 m" }, { "id": "dexterityup", "duration": "2 m" } ]
    }
  },
  {
    "id": "stimTrimadol",
    "type": "COMESTIBLE",
    "comestible_type": "MED",
    "name": "injectable Trimadol stimulant",
    "description": "An opioid synthetic analgesic developed for special forces operatives. It has a central and spinal cord action. In addition to the analgesic effect, it increases the user's speed. \n <color_yellow>Presented by Phoenix corp.</color>",
    "weight": "40 g",
    "volume": "20 ml",
    "price": "7500 USD",
	"material": "plastic",
    "symbol": "/",
    "color": "cyan",
    "stim": -5,
    "healthy": -3,
    "fun": 25,
    "addiction_potential": 25,
    "addiction_type": "opiate",
    "flags": [ "NO_INGEST", "IRREPLACEABLE_CONSUMABLE", "BELT_CLIP" ],
    "use_action": {
      "type": "consume_drug",
      "activation_message": "You shoot up.",
      "effects": [ { "id": "pkill3", "duration": "3 m" }, { "id": "perceptionup", "duration": "3 m" }, { "id": "strengthup", "duration": "3 m" }, { "id": "pkill2", "duration": "7 m" } ]
    }
  },
  {
    "id": "stimperfotoran",
    "type": "COMESTIBLE",
	"comestible_type": "MED",
	"name": "injectable Perfotoran",
	"description": "A blood substitute with the function of oxygen transfer, used as a powerful antidote capable of relieving toxins, poisons, and radiation damage. It temporarily speeds up the metabolism and regenerates tissues. Negatively affects health. \n <color_yellow>Presented by Phoenix corp.</color>",
	"weight": "40 g",
    "volume": "20 ml",
    "price": "7500 USD",
	"material": "plastic",
    "symbol": "/",
    "healthy": -6,
    "color": "cyan",
	"use_action": {
            "type": "consume_drug",
            "activation_message": "You shoot up, and remove the toxins and radiation in your body.",
            "effects": [ { "id": "antitoxin", "duration": "1 m" },
                                { "id": "antirad", "duration": "1 m" },
                                { "id": "panacea", "duration": 2 } ] },
	"flags": [ "IRREPLACEABLE_CONSUMABLE", "NPC_SAFE", "BELT_CLIP" ]
  },
  {
    "id": "stimPNB",
    "type": "COMESTIBLE",
    "comestible_type": "MED",
    "name": "injectable PNB (Product 16) stimulant",
    "description": "Developed by Pheonix Corp Labs, labeled PNB. Allows a short-term activation of increased strength, and at the same time there's some chemicals for accelerated tissue regeneration. \n <color_yellow>Presented by Phoenix corp.</color>",
    "weight": "40 g",
    "volume": "20 ml",
    "price": "7500 USD",
	"material": "plastic",
    "symbol": "/",
    "color": "cyan",
    "flags": [ "NO_INGEST", "IRREPLACEABLE_CONSUMABLE", "BELT_CLIP" ],
    "use_action": {
      "type": "consume_drug",
      "activation_message": "You shoot up.",
      "effects": [ { "id": "panacea", "duration": "1 m" }, { "id": "strengthup", "duration": "1 m" } ]
    }
  },
  {
    "id": "stimP22",
    "type": "COMESTIBLE",
    "comestible_type": "MED",
    "name": "injectable P22 (Product 22) stimulant",
    "description": "This allows the tissues of the body for accelerated tissue regeneration and better health. \n <color_yellow>Presented by Phoenix corp.</color>",
    "weight": "40 g",
    "volume": "20 ml",
    "price": "7500 USD",
	"material": "plastic",
    "symbol": "/",
    "healthy": 15,
    "color": "cyan",
    "flags": [ "NO_INGEST", "IRREPLACEABLE_CONSUMABLE", "BELT_CLIP" ],
    "use_action": {
      "type": "consume_drug",
      "activation_message": "You shoot up.",
      "effects": [ { "id": "panacea", "duration": "1 m" }, { "id": "speeddown", "duration": "1 m" } ]
    }
  },
  {
    "id": "stimMeldonin",
    "type": "COMESTIBLE",
    "comestible_type": "MED",
    "name": "injectable Meldonin",
    "description": "This allows conducting more intensive training and recovering stamina faster. Temporarily increases strength, and speed. Has side effects. \n <color_yellow>Presented by Phoenix corp.</color>",
    "weight": "40 g",
    "volume": "20 ml",
    "price": "7500 USD",
	"material": "plastic",
    "symbol": "/",
    "quench": -150,
    "calories": -150,
    "color": "cyan",
    "flags": [ "NO_INGEST", "IRREPLACEABLE_CONSUMABLE", "BELT_CLIP" ],
    "use_action": {
      "type": "consume_drug",
      "activation_message": "You shoot up.",
      "effects": [ { "id": "speedup", "duration": "15 m" }, { "id": "strengthup", "duration": "15 m" } ]
    }
  },
  {
    "id": "stimSJ1",
    "type": "COMESTIBLE",
    "comestible_type": "MED",
    "name": "injectable SJ1 PCLabs combat stimulant",
    "description": "Using this allows the user to gain strength and forget pain before combat. Decreases sensation of pain. \n <color_yellow>Presented by Phoenix corp.</color>",
    "weight": "40 g",
    "volume": "20 ml",
    "price": "7500 USD",
	"material": "plastic",
    "symbol": "/",
    "quench": -150,
    "calories": -150,
    "fun": 25,
    "color": "cyan",
    "flags": [ "NO_INGEST", "IRREPLACEABLE_CONSUMABLE", "BELT_CLIP" ],
    "use_action": {
      "type": "consume_drug",
      "activation_message": "You shoot up.",
      "effects": [ { "id": "strengthup", "duration": "3 m" }, { "id": "pkill2", "duration": "3 m" } ]
    }
  },
  {
    "id": "stimSJ6",
    "type": "COMESTIBLE",
    "comestible_type": "MED",
    "name": "injectable SJ6 PCLabs combat stimulant",
    "description": "Using this allows the user to increase the body abilities before combat. Developed by Phoenix corp Labs, marked as SJ6. \n <color_yellow>Presented by Phoenix corp.</color>",
    "weight": "40 g",
    "volume": "20 ml",
    "price": "7500 USD",
	"material": "plastic",
    "symbol": "/",
    "quench": -150,
    "calories": -150,
    "fun": 25,
    "color": "cyan",
    "flags": [ "NO_INGEST", "IRREPLACEABLE_CONSUMABLE", "BELT_CLIP" ],
    "use_action": {
      "type": "consume_drug",
      "activation_message": "You shoot up.",
      "effects": [ { "id": "speedup", "duration": "4 m" }, { "id": "staminaup", "duration": "4 m" } ]
    }
  },
  {
    "id": "stimSJ12",
    "type": "COMESTIBLE",
    "comestible_type": "MED",
    "name": "injectable SJ12 PCLabs combat stimulant",
    "description": "Using this allows the user to slow down some functions of the body and they temporarily start working with energy regeneration. The drug forces the release of vasopressin in the hypothalamus, which leads to increased perception. \n <color_yellow>Presented by Phoenix corp.</color>",
    "weight": "40 g",
    "volume": "20 ml",
    "price": "7500 USD",
	"material": "plastic",
    "symbol": "/",
    "quench": 50,
    "calories": 50,
    "fun": 15,
    "color": "cyan",
    "flags": [ "NO_INGEST", "IRREPLACEABLE_CONSUMABLE", "BELT_CLIP" ],
    "use_action": {
      "type": "consume_drug",
      "activation_message": "You shoot up.",
      "effects": [ { "id": "perceptionup", "duration": "5 m" }, { "id": "pkill2", "duration": "1 m" } ]
    }
  },
  {
    "id": "stim3BTG",
    "type": "COMESTIBLE",
    "comestible_type": "MED",
    "name": "injectable 3-(b-TG) stimulant",
    "description": "Using this allows the user to increase the body abilities before combat. Developed by Phoenix corp Labs, marked as 3-(b-TG). \n <color_yellow>Presented by Phoenix corp.</color>",
    "weight": "40 g",
    "volume": "20 ml",
    "price": "7500 USD",
	"material": "plastic",
    "symbol": "/",
    "quench": -150,
    "calories": -150,
    "fun": 25,
    "color": "cyan",
    "flags": [ "NO_INGEST", "IRREPLACEABLE_CONSUMABLE", "BELT_CLIP" ],
    "use_action": {
      "type": "consume_drug",
      "activation_message": "You shoot up.",
      "effects": [ { "id": "strengthup", "duration": "4 m" }, { "id": "dexterityup", "duration": "4 m" }, { "id": "staminadown", "duration": "4 m" }, { "id": "perceptionup", "duration": "4 m" } ]
    }
  },
  {
    "id": "stimUdR513",
    "type": "COMESTIBLE",
    "comestible_type": "MED",
    "name": "injectable Ud-R153 stimulant",
    "description": "Using this allows the user to hide one's scent from the undead, marked as Ud-R153. \n <color_yellow>Presented by Phoenix corp.</color>",
    "weight": "40 g",
    "volume": "20 ml",
    "price": "7500 USD",
	"material": "plastic",
    "symbol": "/",
    "quench": -150,
    "calories": -150,
    "fun": 25,
    "color": "cyan",
    "flags": [ "NO_INGEST", "IRREPLACEABLE_CONSUMABLE", "BELT_CLIP" ],
    "use_action": "PHEROMONE"
  },
  {
    "id": "medkitRecharge",
    "type": "TOOL",
	"name": "rechargeable medkit",
	"description": "A modification of a medium medkit, released to civilians. Although it is not the best option and more expensive than the basic one, the healing activates instantly. This one has been modified to use batteries. \n <color_yellow>Presented by Phoenix corp.</color>",
	"weight": "800 g",
    "volume": "300 ml",
	"price": "7500 USD",
	"material": "plastic",
	"symbol": "+",
	"color": "red",
	"ammo": "battery",
    "charges_per_use": 100,
    "armor_data": { "covers": [ "arm_either" ], "coverage": 10, "encumbrance": 10, "material_thickness": 2 },
	"use_action": {
      "type": "heal",
	  "move_cost": 75,
	  "bleed": 0.50,
	  "bite": 0.50,
	  "infect": 0.50,
	  "limb_power": 25,
	  "head_power": 25,
	  "torso_power": 25,
	  "effects": [ { "id": "healing_medkit", "duration": 150 }, { "id": "pkill2", "duration": 100 } ]
    },
	"flags": [ "BELTED", "COMPACT", "FRAGILE", "ALLOWS_NATURAL_ATTACKS", "WATER_FRIENDLY", "ALLOWS_REMOTE_USE", "NPC_SAFE" ],
    "magazines": [
      [
        "battery",
        [
          "light_disposable_cell",
          "light_minus_disposable_cell",
          "light_battery_cell",
          "light_plus_battery_cell",
          "light_minus_battery_cell",
          "light_atomic_battery_cell",
          "light_minus_atomic_battery_cell",
          "medium_battery_cell",
          "medium_plus_battery_cell",
          "medium_atomic_battery_cell",
          "medium_disposable_cell"
        ]
      ]
    ],
    "magazine_well": "250 ml"
  }
]