[
  {
    "type": "mod_tileset",
    "compatibility": [
      "Chibi_Ultica",
      "UltimateCataclysm",
      "MshockXottoplus",
      "UNDEAD_PEOPLE",
      "UNDEAD_PEOPLE_BASE",
      "UNDEAD_PEOPLE_LEGACY",
      "UlticaShell",
      "MshockXottoplus12",
      "MSX++DEAD_PEOPLE",
      "MXplus12_for_cosmetics",
      "MSXotto+"
    ],
    "tiles-new": [
      {
        "file": "Zhigh_mon.png",
        "tiles": [
          { "id": "mon_zwordfish", "fg": 1 },
          { "id": "mon_blackmane", "fg": 2 },
          { "id": "bot_enz_hack", "fg": 3 },
          { "id": "overlay_wielded_bot_enz_hack", "fg": 4 },
          { "id": "mon_enz_hack", "fg": 5 },
          { "id": "broken_enz_hack", "fg": 6 },
          { "id": "overlay_wielded_broken_enz_hack", "fg": 7 },
          { "id": "bot_heal_drone", "fg": 8 },
          { "id": "overlay_wielded_bot_heal_drone", "fg": 9 },
          { "id": "mon_heal_drone", "fg": 10 },
          { "id": "broken_heal_drone", "fg": 11 },
          { "id": "overlay_wielded_broken_heal_drone", "fg": 12 },
          { "id": "bot_attack_drone", "fg": 13 },
          { "id": "overlay_wielded_bot_attack_drone", "fg": 14 },
          { "id": "mon_attack_drone", "fg": 15 },
          { "id": "broken_attack_drone", "fg": 16 },
          { "id": "overlay_wielded_broken_attack_drone", "fg": 17 },
          {
            "id": "mon_survivor_human_pipe",
            "fg": [
              { "weight": 10, "sprite": 18 },
              { "weight": 10, "sprite": 19 },
              { "weight": 10, "sprite": 20 },
              { "weight": 10, "sprite": 21 },
              { "weight": 10, "sprite": 22 },
              { "weight": 10, "sprite": 23 }
            ],
            "rotates": false,
            "animated": false
          },
          {
            "id": "mon_survivor_human_crowbar",
            "fg": [
              { "weight": 10, "sprite": 24 },
              { "weight": 10, "sprite": 25 },
              { "weight": 10, "sprite": 26 },
              { "weight": 10, "sprite": 27 },
              { "weight": 10, "sprite": 28 },
              { "weight": 10, "sprite": 29 }
            ],
            "rotates": false,
            "animated": false
          },
          {
            "id": "mon_survivor_human_m4bb",
            "fg": [
              { "weight": 10, "sprite": 30 },
              { "weight": 10, "sprite": 31 },
              { "weight": 10, "sprite": 32 },
              { "weight": 10, "sprite": 33 },
              { "weight": 10, "sprite": 34 },
              { "weight": 10, "sprite": 35 }
            ],
            "rotates": false,
            "animated": false
          }
        ],
        "//": "range 1 to 128",
        "sprite_width": 32,
        "sprite_height": 32,
        "sprite_offset_x": 0,
        "sprite_offset_y": 0
      }
    ]
  }
]