[
  {
    "id": "ZhighLockerGroupsNumbers",
    "type": "item_group",
    "subtype": "collection",
    "entries": [
      { "item": "duct_tape", "prob": 20 },
      { "item": "cash_card", "prob": 95, "charges-min": 30000, "charges-max": 50000 },
      { "group": "ammo_atomic_batteries", "prob": 25 },
      { "group": "ammo_pocket_batteries_full", "prob": 45 },
      { "group": "tools_survival", "prob": 45, "count": [ 1, 2 ] },
      { "group": "tools_general", "prob": 45, "count": [ 1, 2 ] },
      { "group": "ZhighStylishGroups", "prob": 20, "count": [ 1, 2 ] },
      { "group": "ZhighMaskGroups", "prob": 40, "count": [ 2, 4 ] },
      { "group": "games", "prob": 20, "count": [ 1, 2 ] },
      { "group": "musicstore_showpiece", "prob": 20, "count": [ 1, 2 ] },
      { "group": "cubical_office", "prob": 80, "count": [ 1, 5 ] },
      { "group": "ZhighTeaStuff", "prob": 50, "count": [ 1, 2 ] },
      { "group": "office", "prob": 50, "count": [ 2, 3 ] },
      { "group": "school", "prob": 50, "count": [ 1, 4 ] },
      { "group": "camping", "prob": 45, "count": [ 1, 2 ] },
      { "group": "tools_lighting", "prob": 30, "count": [ 1, 3 ] },
      { "group": "snacks", "prob": 45, "count": [ 2, 4 ] },
      { "group": "ZhighWeaponGroups", "prob": 100, "count": [ 4, 8 ] },
      { "group": "locker_ammo", "prob": 100, "count": [ 7, 12 ] },
      { "group": "locker_guns", "prob": 100, "count": [ 1, 3 ] },
      { "group": "ZhighTracksuitGroups", "prob": 40, "count": [ 1, 3 ] },
      { "group": "ZhighClothingGroups", "prob": 40, "count": [ 1, 2 ] },
      { "group": "ZhighUniformGroups", "prob": 40, "count": [ 1, 3 ] }
    ]
  },
  {
    "id": "ZhighMedGroupsNumbers",
    "type": "item_group",
    "subtype": "collection",
    "entries": [
      { "group": "drugs_emergency", "prob": 60, "count": [ 2, 4 ] },
      { "group": "softdrugs", "prob": 80, "count": [ 20, 25 ] },
      { "group": "drugs_heal_simple", "prob": 99, "count": [ 85, 90 ] }
    ]
  },
  {
    "id": "ZhighFloorGroupsNumbers",
    "type": "item_group",
    "subtype": "collection",
    "entries": [
      { "group": "ZhighStylishGroups", "prob": 4, "count": [ 1, 2 ] },
      { "group": "games", "prob": 4, "count": [ 1, 3 ] },
      { "group": "school", "prob": 20, "count": [ 2, 4 ] },
      { "group": "office_breakroom", "prob": 20, "count": [ 2, 4 ] },
      { "group": "cubical_office", "prob": 20, "count": [ 2, 4 ] },
      { "group": "office", "prob": 20, "count": [ 2, 4 ] },
      { "group": "chem_school", "prob": 20, "count": [ 2, 4 ] },
      { "group": "camping", "prob": 9, "count": [ 1, 3 ] },
      { "group": "snacks", "prob": 9, "count": [ 2, 4 ] },
      { "group": "sports_bulk", "prob": 10, "count": [ 2, 4 ] },
      { "group": "toy_box", "prob": 10, "count": [ 2, 4 ] }
    ]
  },
  {
    "id": "ZhighBookshelfGroupsNumbers",
    "type": "item_group",
    "subtype": "collection",
    "entries": [
      { "group": "book_gunmags", "prob": 50, "count": [ 2, 4 ] },
      { "group": "book_gunref", "prob": 50, "count": [ 6, 8 ] },
      { "group": "fireman_doc", "prob": 80, "count": [ 6, 8 ] },
      { "group": "tailorbooks", "prob": 50, "count": [ 6, 8 ] },
      { "group": "doctors_books", "prob": 80, "count": [ 6, 8 ] },
      { "group": "boxing_books", "prob": 50, "count": [ 5, 10 ] },
      { "group": "book_martial", "prob": 80, "count": [ 5, 10 ] },
      { "group": "dojo_manuals", "prob": 100, "count": [ 5, 10 ] },
      { "group": "exotic_books", "prob": 80, "count": [ 5, 10 ] },
      { "group": "book_military", "prob": 100, "count": [ 5, 20 ] },
      { "group": "book_school", "prob": 100, "count": [ 20, 80 ] },
      { "group": "magazines", "prob": 100, "count": [ 20, 80 ] },
      { "group": "textbooks", "prob": 100, "count": [ 70, 80 ] },
      { "group": "hardware_books", "prob": 100, "count": [ 15, 20 ] },
      { "group": "literature", "prob": 100, "count": [ 15, 20 ] },
      { "group": "religious_books", "prob": 100, "count": [ 5, 20 ] },
      { "group": "kids_books", "prob": 100, "count": [ 5, 20 ] },
      { "group": "homebooks", "prob": 100, "count": [ 5, 20 ] },
      { "group": "textbooks_school", "prob": 50, "count": [ 5, 20 ] },
      { "group": "manuals", "prob": 50, "count": [ 5, 20 ] },
      { "group": "manuals_school", "prob": 100, "count": [ 5, 20 ] },
      { "group": "book_survival", "prob": 50, "count": [ 5, 20 ] }
    ]
  },
  {
    "type": "item_group",
    "id": "ZhighClothingGroups",
    "ammo": 95,
    "magazine": 100,
    "items": [
      [ "gobag", 1 ],
      [ "personal_gobag", 1 ],
      [ "backpack", 50 ],
      [ "slingpack", 38 ],
      [ "travelpack", 20 ],
      [ "petpack", 1 ],
      [ "hairpin", 15 ],
      [ "flask_hip", 10 ],
      [ "ear_spool", 10 ],
      [ "sheath", 5 ],
      [ "skateboard", 1 ],
      [ "surfboard", 1 ],
      [ "bootsheath", 3 ],
      [ "vambrace_larmor", 1 ],
      [ "quiver", 3 ],
      [ "fc_hairpin", 1 ],
      [ "wristwatch", 10 ],
      [ "mask_guy_fawkes", 5 ],
      [ "jacket_evac", 25 ],
      [ "emer_blanket", 25 ],
      [ "mask_gas", 15 ],
      [ "daypack", 40 ],
      [ "tieclip", 20 ],
      [ "blazer_zhigh", 55 ],
      [ "pants_zhigh", 55 ],
      [ "tie_bow_zhigh", 55 ],
      [ "tie_necktie_zhigh", 55 ],
      [ "skirt_zhigh", 55 ],
      [ "dress_shirt_zhigh", 55 ],
      [ "roller_shoes_off", 10 ],
      [ "dress_shoes", 10 ],
      [ "boots", 10 ],
      [ "boots_winter", 10 ],
      [ "boots_hiking", 10 ],
      [ "boots_steel", 10 ],
      [ "sneakers", 10 ],
      [ "lowtops", 10 ],
      [ "golf_shoes", 10 ],
      [ "bandana", 15 ],
      [ "hat_hard", 5 ],
      [ "jacket_baseball", 30 ],
      [ "jacket_baseball_2", 30 ],
      [ "hoodie", 10 ],
      [ "mask_skull", 5 ],
      [ "spi_hairpin", 5 ],
      [ "wolfsuit", 1 ],
      [ "dinosuit", 1 ],
      [ "leather_cat_ears", 5 ],
      [ "leather_cat_tail", 5 ],
      [ "leather_collar", 5 ],
      [ "faux_fur_cat_ears", 5 ],
      [ "faux_fur_cat_tail", 5 ],
      [ "faux_fur_collar", 5 ],
      [ "fur_cat_ears", 5 ],
      [ "fur_cat_tail", 5 ],
      [ "fur_collar", 5 ],
      [ "jacket_tracksuit_zhigh", 8 ],
      [ "pants_tracksuit_zhigh", 8 ],
      [ "shorts_tracksuit_zhigh", 6 ],
      [ "bandana_skull", 20 ],
      [ "balclava_skull", 10 ],
      [ "helmet_motor", 5 ],
      [ "tights", 5 ],
      [ "clip_wrist", 5 ],
      [ "whistlemulti", 10 ]
    ]
  },
  {
    "type": "item_group",
    "id": "ZhighTracksuitGroups",
    "ammo": 95,
    "magazine": 100,
    "items": [
      [ "skirt_zhigh_cheer", 40 ],
      [ "jacket_baseball", 20 ],
      [ "jacket_baseball_2", 20 ],
      [ "jacket_tracksuit_zhigh", 95 ],
      [ "pants_tracksuit_zhigh", 95 ],
      [ "shorts_tracksuit_zhigh", 95 ]
    ]
  },
  {
    "id": "ZhighStylishGroups",
    "type": "item_group",
    "items": [
      [ "cloak", 5 ],
      [ "cloak_leather", 5 ],
      [ "cloak_wool", 5 ],
      [ "jedi_cloak", 5 ],
      [ "corset", 5 ],
      [ "tux", 1 ],
      [ "gown", 1 ],
      [ "dress_wedding", 1 ],
      [ "maid_dress", 20 ],
      [ "postman_shirt", 15 ],
      [ "postman_shorts", 15 ],
      [ "robe", 10 ],
      [ "leotard", 5 ],
      [ "zentai", 5 ],
      [ "kimono", 5 ],
      [ "yukata", 5 ],
      [ "coat_lab", 20 ],
      [ "clown_suit", 10 ],
      { "group": "jewelry_front", "prob": 15 },
      [ "zhigh_smart_phone", 10 ],
      [ "spi_hairpin", 4 ],
      [ "wolfsuit", 1 ],
      [ "wrapped_rad_badge", 8 ],
      [ "stethoscope", 8 ],
      [ "dinosuit", 1 ],
      [ "flask_hip", 20 ],
      [ "leather_cat_ears", 1 ],
      [ "leather_cat_tail", 1 ],
      [ "leather_collar", 1 ],
      [ "faux_fur_cat_ears", 1 ],
      [ "faux_fur_cat_tail", 1 ],
      [ "faux_fur_collar", 1 ],
      [ "fur_cat_ears", 1 ],
      [ "fur_cat_tail", 1 ],
      [ "fur_collar", 1 ],
      [ "tie_skinny", 40 ],
      [ "tie_necktie", 40 ],
      [ "tie_bow", 30 ],
      [ "tie_clipon", 20 ],
      [ "tieclip", 25 ],
      [ "coat_fur", 15 ],
      [ "coat_lab", 15 ],
      [ "coat_rain", 15 ],
      [ "coat_fur_sf", 15 ],
      [ "coat_winter", 15 ],
      [ "peacoat", 15 ],
      [ "greatcoat", 15 ],
      [ "trenchcoat", 15 ],
      [ "trenchcoat_fur", 15 ],
      [ "trenchcoat_faux_fur", 15 ],
      [ "duster", 15 ],
      [ "duster_fur", 15 ],
      [ "duster_leather", 15 ],
      [ "duster_faux_fur", 15 ],
      [ "ski_jacket", 5 ],
      [ "jacket_jean", 15 ],
      [ "jacket_light", 15 ],
      [ "jacket_leather", 15 ],
      [ "jacket_flannel", 15 ],
      [ "jacket_windbreaker", 15 ],
      [ "jacket_leather_red", 15 ],
      [ "jacket_baseball", 15 ],
      [ "jacket_baseball_2", 15 ],
      [ "clip_wrist", 15 ],
      [ "hat_sailor", 15 ],
      [ "shirt_zhigh_marine", 15 ],
      [ "shorts_zhigh_marine", 15 ],
      [ "ski_jacket_archer", 15 ],
      [ "briefcase", 10 ],
      [ "hairpin", 10 ],
      [ "fc_hairpin", 10 ],
      [ "spi_hairpin", 10 ],
      [ "redhairpin", 10 ],
      [ "porkpie", 10 ],
      [ "hat_fur", 10 ],
      [ "hat_knit", 10 ],
      [ "hat_golf", 10 ],
      [ "hat_chef", 5 ],
      [ "hat_hard", 10 ],
      [ "maid_hat", 5 ],
      [ "maid_dress", 5 ],
      [ "XmasHat", 10 ],
      [ "10gal_hat", 10 ],
      [ "tricorne", 10 ],
      [ "miner_hat", 10 ],
      [ "straw_hat", 10 ],
      [ "hat_cotton", 10 ],
      [ "hat_hunting", 10 ],
      [ "hat_newsboy", 10 ],
      [ "hat_sombrero", 10 ],
      [ "hat_faux_fur", 10 ],
      [ "drinking_hat", 10 ],
      [ "sundress", 10 ],
      [ "cowboy_hat_zhigh", 10 ],
      [ "medkitRecharge", 10 ],
      [ "legrig", 10 ],
      [ "flask_hip", 10 ],
      [ "fedora", 10 ],
      [ "barrette", 10 ],
      [ "straw_fedora", 10 ],
      [ "gold_watch", 20 ],
      [ "pocketwatch", 20 ],
      [ "collarpin", 10 ]
    ]
  },
  {
    "type": "item_group",
    "id": "ZhighUniformGroups",
    "ammo": 95,
    "magazine": 100,
    "items": [
      [ "webbing_belt", 30 ],
      [ "police_belt", 10 ],
      [ "tool_belt", 10 ],
      [ "fireman_belt", 10 ],
      [ "leather_belt", 80 ],
      [ "jacket_baseball", 15 ],
      [ "jacket_baseball_2", 15 ],
      [ "blazer_zhigh", 95 ],
      [ "pants_zhigh", 95 ],
      [ "tie_bow_zhigh", 95 ],
      [ "tie_necktie_zhigh", 95 ],
      [ "skirt_zhigh", 95 ],
      [ "dress_shirt_zhigh", 95 ]
    ]
  },
  {
    "type": "item_group",
    "id": "ZhighStimGroups",
    "ammo": 100,
    "magazine": 100,
    "items": [
      [ "stimrx11", 10 ],
      [ "stimrx12", 10 ],
      [ "stimmorphine", 10 ],
      [ "stimquikclot", 10 ],
      [ "stimpropital", 10 ],
      [ "stimzagustin", 10 ],
      [ "stimantivenom", 10 ],
      [ "stimInv", 10 ],
      [ "stimL1", 10 ],
      [ "stimTrimadol", 10 ],
      [ "stimperfotoran", 10 ],
      [ "stimPNB", 10 ],
      [ "stimP22", 10 ],
      [ "stimMeldonin", 10 ],
      [ "stimSJ1", 10 ],
      [ "stimSJ6", 10 ],
      [ "stimSJ12", 10 ],
      [ "stim3BTG", 10 ],
      [ "stimUdR513", 10 ]
    ]
  },
  {
    "type": "item_group",
    "id": "ZhighStimUnkown1",
    "ammo": 100,
    "magazine": 100,
    "items": [
      { "group": "ZhighStimGroups", "prob": 100 }
    ]
  },
  {
    "type": "item_group",
    "id": "ZhighStimUnkown3",
    "ammo": 100,
    "magazine": 100,
    "items": [
      { "group": "ZhighStimGroups", "count": 3 }
    ]
  },
  {
    "type": "item_group",
    "id": "ZhighMaskGroups",
    "ammo": 95,
    "magazine": 100,
    "items": [
      [ "mask_guy_fawkes", 45 ],
      [ "mask_gas", 45 ],
      [ "respirator", 50 ],
      [ "mask_DarkSkies", 5 ],
      [ "mask_CrewChief", 5 ],
      [ "mask_Rogue", 5 ],
      [ "mask_Muscle", 5 ],
      [ "mask_Armorer", 5 ],
      [ "mask_Crook", 5 ],
      [ "mask_Burglar", 5 ],
      [ "mask_Clown", 5 ],
      [ "mask_Infiltrator", 5 ],
      [ "mask_Gambler", 5 ],
      [ "mask_Grinder", 5 ],
      [ "mask_Maniac", 5 ],
      [ "mask_ExPresident", 5 ],
      [ "mask_Yakuza", 5 ],
      [ "mask_Anarchist", 5 ],
      [ "mask_Hacker", 5 ],
      [ "mask_Biker", 5 ],
      [ "mask_Kingpin", 5 ],
      [ "mask_skull", 5 ],
      [ "mask_CombatFake", 5 ],
      [ "bandana_skull", 20 ],
      [ "balclava_skull", 10 ],
      [ "bandana", 45 ],
      [ "balclava", 45 ],
      [ "mask_cavalry_iron", 15 ],
      [ "mask_bal", 15 ],
      [ "mask_dust", 45 ],
      [ "mask_rioter", 45 ],
      [ "thermal_mask", 25 ],
      [ "foodperson_mask", 1 ],
      [ "mask_cavalry_bronze", 15 ],
      [ "mask_ski_loose", 45 ]
    ]
  },
  {
    "type": "item_group",
    "id": "locker_ammo",
    "items": [
      [ "paintball", 90 ],
      [ "paintball_acid", 20 ],
      [ "paintball_beanb", 20 ],
      [ "paintball_glow", 20 ],
      [ "paintball_shot", 20 ],
      [ "bb", 90 ],
      [ "bbPlastic", 250 ],
      [ "bearing", 200 ],
      [ "marble", 900 ],
      [ "flintlock_pouch", 30 ],
      [ "flintlock_ammo", 80 ],
      [ "flintlock_shot", 60 ],
      [ "shotgun_paper", 70 ],
      [ "shot_paper_00", 45 ],
      [ "shot_paper_bird", 35 ],
      [ "shot_paper_slug", 30 ]
    ]
  },
  {
    "type": "item_group",
    "id": "ZhighTeaStuff",
    "ammo": 99,
    "magazine": 100,
    "items": [
      [ "chamomile_tea", 30 ],
      [ "bee_balm_tea", 30 ],
      [ "water_clean", 70 ],
      [ "water_mineral", 30 ],
      [ "tea", 50 ],
      {
        "item": "dandelionburdock_tea",
        "prob": 30,
        "container-item": "bottle_plastic",
        "charges-min": 1,
        "charges-max": 2
      },
      {
        "item": "chicory_coffee",
        "prob": 30,
        "container-item": "bottle_plastic",
        "charges-min": 1,
        "charges-max": 2
      },
      {
        "item": "coffee_substitute",
        "prob": 30,
        "container-item": "bottle_plastic",
        "charges-min": 1,
        "charges-max": 2
      },
      {
        "item": "pine_tea",
        "prob": 30,
        "container-item": "bottle_plastic",
        "charges-min": 1,
        "charges-max": 2
      },
      {
        "item": "dandelion_tea",
        "prob": 30,
        "container-item": "bottle_plastic",
        "charges-min": 1,
        "charges-max": 2
      },
      [ "roasted_coffee_bean", 50 ],
      [ "tea_raw", 50 ],
      [ "coca_tea", 30 ],
      [ "tea_sweetened", 30 ],
      [ "lotus_tea", 30 ],
      [ "herbal_tea", 30 ],
      [ "spurge_tea", 30 ],
      [ "tea_bark", 30 ]
    ]
  },
  {
    "type": "item_group",
    "id": "locker_guns",
    "items": [
      [ "BBclip300", 30 ],
      { "group": "archery", "prob": 40 },
      [ "slingshot_bow", 40 ],
      [ "wristrocket_bow", 40 ],
      [ "slingshot", 40 ],
      [ "wristrocket", 40 ],
      [ "blowpipe", 40 ],
      [ "shotgun_pump_paint", 60 ],
      [ "marble_gun", 15 ],
      [ "marble_pump_gun", 15 ],
      [ "Rc_Packed", 33 ],
      [ "bbpistol", 70 ],
      [ "bbmachinepistol", 60 ],
      [ "bbSnip", 60 ],
      [ "bbsmg", 60 ],
      [ "bbDMR", 60 ],
      [ "bbgun", 60 ],
      [ "bbM4", 60 ],
      [ "BBallglove", 80 ],
      [ "paintballgun_pistol", 20 ],
      [ "paintballgun", 40 ],
      [ "paintballG_AR15", 20 ],
      [ "shotgun_d_paint", 30 ],
      [ "shotgun_pump_paint", 30 ],
      [ "nailsmg", 50 ],
      [ "nailgun", 90 ],
      [ "cash_gun", 80 ],
      [ "cash_blaster", 50 ],
      [ "camera", 70 ],
      [ "water_gun", 60 ],
      [ "water_pistol", 80 ],
      [ "pistol_flintlock", 40 ],
      [ "carbine_flintlock", 30 ],
      [ "rifle_flintlock", 40 ],
      [ "longrifle_flintlock", 50 ],
      [ "flintlock_pouch", 30 ],
      [ "flintlock_ammo", 60 ],
      [ "flintlock_shot", 40 ],
      [ "shotgun_paper", 50 ],
      [ "colt_army", 50 ],
      [ "colt_navy", 50 ],
      [ "shot_paper_00", 80 ],
      [ "shot_paper_bird", 70 ],
      [ "shot_paper_slug", 50 ],
      [ "36navy", 50 ],
      [ "44army", 50 ]
    ]
  },
  {
    "type": "item_group",
    "id": "ZhighWeaponGroups",
    "ammo": 95,
    "magazine": 100,
    "items": [
      [ "zhigh_smart_phone", 50 ],
      [ "hand_crank_charger", 10 ],
      [ "disc_compact", 450 ],
      [ "disc_compact_serr", 350 ],
      [ "disc_wood", 350 ],
      [ "circsaw_blade", 50 ],
      [ "frisbee", 3500 ],
      [ "disc_golf", 3500 ],
      [ "grapnel", 10 ],
      [ "grip_hook", 30 ],
      [ "fire_ax", 20 ],
      [ "ax", 20 ],
      [ "axe_combat", 20 ],
      [ "firecracker_pack", 70 ],
      [ "firecracker", 8000 ],
      [ "throwing_axe", 20 ],
      [ "throwing_knife", 30 ],
      [ "throwing_stick", 80 ],
      [ "throwing_knife_scrap", 60 ],
      [ "throwing_card_spade", 600 ],
      [ "throwing_card_club", 600 ],
      [ "throwing_card_diam", 600 ],
      [ "throwing_card_hear", 600 ],
      [ "crash_axe", 20 ],
      [ "flashlight_hk", 20 ],
      [ "pockknife", 20 ],
      [ "nailsmg", 20 ],
      [ "nailgun", 40 ],
      [ "knife_folding", 30 ],
      [ "cash_gun", 35 ],
      [ "cash_blaster", 20 ],
      [ "frog_umbrella_close", 20 ],
      [ "camera", 30 ],
      [ "water_gun", 25 ],
      [ "water_pistol", 25 ],
      { "group": "ammo_any_batteries_full", "prob": 80 },
      { "group": "locker_ammo", "prob": 40 },
      { "group": "archery", "prob": 20 },
      { "group": "archery_mods", "prob": 20 },
      { "group": "archery_ammo", "prob": 80 },
      { "group": "suit_of_armor", "prob": 20 },
      { "group": "medieval", "prob": 20 },
      { "group": "museum_melee", "prob": 20 },
      { "group": "locker_guns", "prob": 90 },
      { "group": "sports_bulk", "prob": 60 },
      { "group": "ammo_pocket_batteries", "prob": 90 },
      { "group": "ammo_pocket_batteries_full", "prob": 40 },
      { "group": "charged_UPS", "prob": 25 },
      {
        "distribution": [
          { "item": "airspeargun", "prob": 20 },
          { "item": "doublespeargun", "prob": 10 },
          { "item": "minispeargun", "prob": 30 },
          { "item": "speargun", "prob": 40 }
        ],
        "prob": 35
      },
      [ "duct_tape", 60 ],
      [ "claw_bar", 10 ],
      [ "gasbomb_makeshift", 15 ],
      [ "smokebomb_makeshift", 20 ],
      [ "shocktonfa_off", 10 ],
      [ "pipe", 50 ],
      [ "gas_chloramine", 25 ],
      [ "gas_smoke", 25 ],
      [ "gas_fungicidal", 25 ],
      [ "gas_insecticidal", 25 ],
      [ "tonfa", 25 ],
      [ "tonfa_wood", 28 ],
      [ "blackjack", 30 ],
      [ "bat", 35 ],
      [ "knuckle_steel", 20 ],
      [ "knuckle_brass", 20 ],
      [ "knuckle_nail", 20 ],
      [ "knuckle_katar", 20 ],
      [ "cestus", 20 ],
      [ "bagh_nakha", 20 ],
      [ "xacto", 30 ],
      [ "karambit", 20 ],
      [ "knife_swissarmy", 20 ],
      [ "ammo_cash", 300 ],
      [ "beanbag", 250 ],
      [ "rock_shot", 250 ],
      [ "rock", 2000 ],
      [ "longbow", 10 ],
      [ "compbow", 10 ],
      [ "canister_goo", 50 ],
      [ "gas_chloramine", 10 ],
      [ "gas_fungicidal", 10 ],
      [ "gas_insecticidal", 10 ],
      [ "bullwhip", 25 ],
      [ "rock_launcher", 20 ],
      [ "bullet_hand_crossbow", 10 ],
      [ "bullet_crossbow", 10 ],
      [ "grapnel", 20 ],
      [ "bow_stabilizer", 10 ],
      [ "arrowrest", 10 ],
      [ "shortbow", 10 ],
      [ "compositebow", 10 ],
      [ "bow_sight", 10 ],
      [ "arrow_wood", 60 ],
      [ "arrow_cf", 25 ],
      [ "manual_mcmap", 1 ],
      [ "retool_bolt", 20 ],
      [ "retool_arrow", 20 ],
      [ "sheath", 35 ],
      [ "skateboard", 30 ],
      [ "surfboard", 30 ],
      [ "marble_gun", 15 ],
      [ "marble_pump_gun", 15 ],
      [ "bootsheath", 30 ],
      [ "pool_cue", 20 ],
      [ "bat_metal", 20 ],
      [ "spi_hairpin", 25 ],
      [ "bbpistol", 30 ],
      [ "bbmachinepistol", 20 ],
      [ "bbsmg", 20 ],
      [ "bbDMR", 20 ],
      [ "bbgun", 20 ],
      [ "bbM4", 20 ],
      [ "BBallglove", 35 ],
      [ "fishspear", 25 ],
      [ "c_fishspear", 25 ],
      [ "m_fishspear", 25 ],
      [ "bullwhip_razor", 25 ],
      [ "selfie_stick", 30 ],
      [ "paintballgun_pistol", 20 ],
      [ "paintballgun", 40 ],
      [ "paintballG_AR15", 20 ],
      [ "shotgun_d_paint", 30 ],
      [ "thunderball", 15 ],
      [ "gunstock_club", 15 ],
      [ "glass_macuahuitl", 15 ],
      [ "stick_swag", 15 ],
      [ "staff_skull", 15 ],
      [ "blowpipe", 5 ],
      [ "shotgun_pump_paint", 30 ],
      [ "pencil", 90 ],
      [ "bb", 90 ],
      [ "bbPlastic", 250 ],
      [ "bearing", 200 ],
      [ "marble", 900 ],
      [ "paintball", 90 ],
      [ "paintball_acid", 20 ],
      [ "paintball_beanb", 20 ],
      [ "paintball_glow", 20 ],
      [ "paintball_shot", 20 ],
      [ "slingshot_bow", 20 ],
      [ "wristrocket_bow", 20 ],
      [ "slingshot", 20 ],
      [ "wristrocket", 20 ],
      [ "golf_club", 35 ],
      [ "baton_light", 20 ],
      [ "nail", 900 ],
      [ "combatnail", 200 ],
      [ "Rc_Packed", 33 ],
      [ "discShooter", 20 ],
      [ "woodenKnife", 70 ],
      [ "bolas", 90 ],
      [ "net", 90 ],
      [ "throw_extinguisher", 70 ],
      [ "cane", 25 ],
      [ "survival_kit", 10 ],
      [ "premium_survival_kit", 5 ],
      [ "umbrella", 25 ],
      [ "candlestick", 20 ],
      [ "knife_trenchScrap", 10 ],
      [ "knife_trench_bashScrap", 10 ],
      [ "RPG_die", 40 ],
      [ "metal_RPG_die", 30 ],
      [ "improvised_colabomb", 16 ]
    ]
  }
]