[
  {
    "type": "mapgen",
    "method": "json",
    "om_terrain": [ "museum" ],
    "weight": 500,
    "object": {
      "fill_ter": "t_floor",
      "rows": [
        ".R...R....RssR....R...R'",
        ".|---------LL---------|.",
        ".|d5                  |.",
        ".|-R            888   |.",
        ".|d5  DD   DD   5#5   |.",
        ".|-R  DD   DD   5#5   |.",
        ".|d5            888  P|.",
        ".|-R                 P|.",
        ".|d5            888  P|.",
        ".|-R  DD   DD   5#5   |.",
        ".|d5  DD   DD   5#5   |.",
        ".|-R            888  Y|.",
        ".|j5                 Y|.",
        ".|j5       UtU  888  Y|.",
        ".|--555|y       5#5   |.",
        ".|GGGGG5   UtU  5#5  P|.",
        ".|Gc   L        888  P|.",
        ".|G UyU5 DDD          |.",
        ".|-----|--|--L------L-|.",
        ".| d  a   |       P| y|.",
        ".|Y #### a|  aaaa D|&S|.",
        ".|P ####  +  tttt  |--|.",
        ".|y  a    |y aaaa  L l|4",
        ".|--------|-----------|."
      ],
      "terrain": {
        " ": "t_floor",
        "+": "t_door_c",
        "-": "t_rock_smooth",
        "R": "t_column",
        "s": "t_sidewalk",
        ".": [ [ "t_grass", 5 ], [ "t_grass_long", 2 ], "t_dirt", "t_shrub" ],
        "'": "t_dirt",
        "5": "t_wall_glass_alarm",
        "8": "t_wall_glass",
        "L": "t_door_locked_alarm",
        "4": "t_gutter_downspout",
        "|": "t_rock_smooth"
      },
      "toilets": { "&": {  } },
      "furniture": {
        "'": "f_street_light",
        "a": "f_stool",
        "y": [ "f_indoor_plant_y", "f_indoor_plant" ],
        "U": "f_armchair",
        "#": "f_counter",
        "D": "f_displaycase",
        "Y": "f_displaycase",
        "G": "f_desk",
        "c": "f_chair",
        "t": "f_table",
        "j": "f_table",
        "S": "f_sink",
        "l": "f_locker",
        "d": "f_mannequin",
        "P": "f_glass_cabinet"
      },
      "items": {
        "d": [
          { "item": "museum_armor_torso", "chance": 100, "repeat": [ 3, 4 ] },
          { "item": "museum_armor_legs", "chance": 100, "repeat": [ 3, 4 ] },
          { "item": "museum_armor_feet", "chance": 100, "repeat": [ 3, 4 ] },
          { "item": "museum_armor_head", "chance": 100, "repeat": [ 3, 4 ] },
          { "item": "museum_armor_arms", "chance": 100, "repeat": [ 3, 4 ] },
          { "item": "museum_armor_torso", "chance": 100, "repeat": [ 3, 4 ] },
          { "item": "museum_armor_legs", "chance": 100, "repeat": [ 3, 4 ] },
          { "item": "museum_armor_feet", "chance": 100, "repeat": [ 3, 4 ] },
          { "item": "museum_armor_head", "chance": 100, "repeat": [ 3, 4 ] },
          { "item": "museum_armor_arms", "chance": 100, "repeat": [ 3, 4 ] }
        ],
        "G": { "item": "museum_security", "chance": 100, "repeat": [ 3, 6 ] },
        "l": { "item": "cleaning", "chance": 100, "repeat": [ 3, 4 ] },
        "j": [
		  { "item": "museum_armor_pet", "chance": 100, "repeat": [ 3, 4 ] },
		  { "item": "museum_armor_pet", "chance": 100, "repeat": [ 3, 4 ] },
		  { "item": "museum_armor_pet", "chance": 100, "repeat": [ 3, 4 ] },
		  { "item": "museum_armor_pet", "chance": 100, "repeat": [ 3, 4 ] },
		  { "item": "museum_armor_pet", "chance": 100, "repeat": [ 3, 4 ] }
		],
        "S": { "item": "softdrugs", "chance": 100, "repeat": [ 3, 4 ] },
        "P": [
		  { "item": "museum_primitive", "chance": 100, "repeat": [ 3, 4 ] },
		  { "item": "museum_primitive", "chance": 100, "repeat": [ 3, 4 ] },
		  { "item": "museum_primitive", "chance": 100, "repeat": [ 3, 4 ] },
		  { "item": "museum_primitive", "chance": 100, "repeat": [ 3, 4 ] },
		  { "item": "museum_primitive", "chance": 100, "repeat": [ 3, 4 ] }
		],
        "Y": [
		  { "item": "museum_melee", "chance": 100, "repeat": [ 3, 4 ] },
		  { "item": "museum_melee", "chance": 100, "repeat": [ 3, 4 ] },
		  { "item": "museum_melee", "chance": 100, "repeat": [ 3, 4 ] },
		  { "item": "museum_melee", "chance": 100, "repeat": [ 3, 4 ] },
		  { "item": "museum_melee", "chance": 100, "repeat": [ 3, 4 ] }
		]
      },
      "place_items": [
        { "item": "museum_primitive", "x": [ 6, 7 ], "y": [ 4, 5 ], "chance": 100, "repeat": [ 3, 4 ] },
        { "item": "museum_primitive", "x": [ 6, 7 ], "y": [ 9, 10 ], "chance": 100, "repeat": [ 3, 4 ] },
        { "item": "museum_melee", "x": [ 11, 12 ], "y": [ 4, 5 ], "chance": 100, "repeat": [ 3, 4 ] },
        { "item": "museum_melee", "x": [ 11, 12 ], "y": [ 9, 10 ], "chance": 100, "repeat": [ 3, 4 ] },
        { "item": "museum_guns", "x": 17, "y": [ 4, 5 ], "chance": 100, "repeat": [ 3, 4 ] },
        { "item": "museum_guns", "x": 17, "y": [ 9, 10 ], "chance": 100, "repeat": [ 3, 4 ] },
        { "item": "museum_misc", "x": 17, "y": [ 14, 15 ], "chance": 100, "repeat": [ 3, 4 ] },
        { "item": "museum_misc", "x": [ 11, 12 ], "y": [ 9, 10 ], "chance": 100, "repeat": [ 3, 4 ] },
        { "item": "museum_guns", "x": [ 9, 11 ], "y": 17, "chance": 100, "repeat": [ 3, 4 ] },
        { "item": "museum_armor", "x": [ 4, 7 ], "y": [ 20, 21 ], "chance": 100, "repeat": [ 3, 4 ] },
        { "item": "museum_melee", "x": [ 4, 7 ], "y": [ 20, 21 ], "chance": 100, "repeat": [ 3, 4 ] },
        { "item": "museum_guns", "x": [ 4, 7 ], "y": [ 20, 21 ], "chance": 100, "repeat": [ 3, 4 ] },
        { "item": "museum_misc", "x": [ 4, 7 ], "y": [ 20, 21 ], "chance": 100, "repeat": [ 3, 4 ] },
        { "item": "museum_primitive", "x": [ 6, 7 ], "y": [ 4, 5 ], "chance": 100, "repeat": [ 3, 4 ] },
        { "item": "museum_primitive", "x": [ 6, 7 ], "y": [ 9, 10 ], "chance": 100, "repeat": [ 3, 4 ] },
        { "item": "museum_melee", "x": [ 11, 12 ], "y": [ 4, 5 ], "chance": 100, "repeat": [ 3, 4 ] },
        { "item": "museum_melee", "x": [ 11, 12 ], "y": [ 9, 10 ], "chance": 100, "repeat": [ 3, 4 ] },
        { "item": "museum_guns", "x": 17, "y": [ 4, 5 ], "chance": 100, "repeat": [ 3, 4 ] },
        { "item": "museum_guns", "x": 17, "y": [ 9, 10 ], "chance": 100, "repeat": [ 3, 4 ] },
        { "item": "museum_misc", "x": 17, "y": [ 14, 15 ], "chance": 100, "repeat": [ 3, 4 ] },
        { "item": "museum_misc", "x": [ 11, 12 ], "y": [ 9, 10 ], "chance": 100, "repeat": [ 3, 4 ] },
        { "item": "museum_guns", "x": [ 9, 11 ], "y": 17, "chance": 100, "repeat": [ 3, 4 ] },
        { "item": "museum_armor", "x": [ 4, 7 ], "y": [ 20, 21 ], "chance": 100, "repeat": [ 3, 4 ] },
        { "item": "museum_melee", "x": [ 4, 7 ], "y": [ 20, 21 ], "chance": 100, "repeat": [ 3, 4 ] },
        { "item": "museum_guns", "x": [ 4, 7 ], "y": [ 20, 21 ], "chance": 100, "repeat": [ 3, 4 ] },
        { "item": "museum_misc", "x": [ 4, 7 ], "y": [ 20, 21 ], "chance": 100, "repeat": [ 3, 4 ] }
      ],
      "place_vehicles": [ { "vehicle": "museum_vehicles", "x": 11, "y": 7, "chance": 100, "rotation": 180 } ]
    }
  },
  {
    "type": "mapgen",
    "method": "json",
    "om_terrain": "museum_roof",
    "object": {
      "fill_ter": "t_flat_roof",
      "rows": [
        " R   R    R  R    R   R ",
        " ---------------------- ",
        " -....................- ",
        " -........U........M..- ",
        " -....................- ",
        " -....ooo..oo..ooo....- ",
        " -....ooo..oo..ooo....- ",
        " -....ooo..oo..ooo....- ",
        " -.Z..................- ",
        " -....................- ",
        " -....ooo..oo..ooo....- ",
        " -....ooo..oo..ooo....- ",
        " -....ooo..oo..ooo....- ",
        " -....................- ",
        " -....................- ",
        " -....................- ",
        " -....................- ",
        " -....................- ",
        " -....................- ",
        " -....................- ",
        " -....................- ",
        " -....................- ",
        " -....................5 ",
        " ---------------------- "
      ],
      "palettes": [ "roof_palette" ],
      "terrain": { "R": "t_column" },
      "nested": {
        "U": { "chunks": [ "roof_2x2_infrastructure" ] },
        "M": { "chunks": [ "roof_2x2_infrastructure_1" ] },
        "Z": { "chunks": [ "roof_2x2_infrastructure_2" ] }
      },
      "place_nested": [
        {
          "chunks": [
            [ "null", 20 ],
            [ "roof_2x2_utilities_b", 15 ],
            [ "roof_2x2_utilities_c", 5 ],
            [ "roof_2x2_utilities_d", 40 ],
            [ "roof_2x2_utilities", 50 ]
          ],
          "x": [ 4, 17 ],
          "y": [ 14, 19 ]
        }
      ]
    }
  }
]
