[
  {
    "id": "mon_boomer",
    "type": "MONSTER",
    "name": { "str": "boomer" },
    "description": "A rotund human body, bloated beyond belief and layered in rolls of fat.  It emits a horrible odor, and a putrid pink sludge dribbles from its mouth.",
    "default_faction": "zombie",
    "bodytype": "human",
    "species": [ "ZOMBIE", "HUMAN" ],
    "diff": 5,
    "volume": "92500 ml",
    "weight": "120 kg",
    "hp": 60,
    "speed": 55,
    "material": [ "flesh" ],
    "symbol": "Z",
    "color": "pink",
    "aggression": 100,
    "morale": 100,
    "melee_skill": 3,
    "melee_dice": 2,
    "melee_dice_sides": 4,
    "melee_cut": 0,
    "vision_night": 3,
    "harvest": "exempt",
    "special_attacks": [ [ "BOOMER", 20 ], [ "scratch", 20 ] ],
    "death_drops": "default_zombie_items",
    "death_function": [ "BOOMER" ],
    "fungalize_into": "mon_boomer_fungus",
    "upgrades": { "half_life": 14, "into_group": "GROUP_BOOMER_UPGRADE" },
    "flags": [
      "SEES",
      "HEARS",
      "SMELLS",
      "STUMBLES",
      "WARM",
      "BASHES",
      "GROUP_BASH",
      "POISON",
      "NO_BREATHE",
      "REVIVES",
      "BILE_BLOOD",
      "PUSH_MON",
      "PATH_AVOID_DANGER_1",
      "FILTHY"
    ]
  },
  {
    "id": "mon_boomer_huge",
    "type": "MONSTER",
    "name": { "str": "huge boomer" },
    "description": "This boomer, normally swollen and ready to burst, has strengthened and solidified.  The bile dribbling from its mouth also appears to have changed…",
    "default_faction": "zombie",
    "bodytype": "human",
    "species": [ "ZOMBIE", "HUMAN" ],
    "diff": 5,
    "volume": "92500 ml",
    "weight": "120 kg",
    "hp": 165,
    "speed": 85,
    "material": [ "flesh" ],
    "symbol": "Z",
    "color": "pink_white",
    "aggression": 100,
    "morale": 100,
    "melee_skill": 1,
    "melee_dice": 3,
    "melee_dice_sides": 3,
    "melee_cut": 0,
    "armor_bash": 2,
    "armor_cut": 2,
    "armor_bullet": 2,
    "vision_night": 3,
    "harvest": "zombie",
    "special_attacks": [ [ "BOOMER_GLOW", 20 ], [ "scratch", 20 ] ],
    "death_drops": "default_zombie_items",
    "death_function": [ "BOOMER_GLOW" ],
    "fungalize_into": "mon_boomer_fungus",
    "flags": [
      "SEES",
      "GOODHEARING",
      "SMELLS",
      "STUMBLES",
      "WARM",
      "BASHES",
      "GROUP_BASH",
      "POISON",
      "NO_BREATHE",
      "REVIVES",
      "BILE_BLOOD",
      "PUSH_MON",
      "PATH_AVOID_DANGER_1",
      "FILTHY"
    ]
  },
  {
    "id": "mon_gas_zombie",
    "type": "MONSTER",
    "name": { "str": "gasoline zombie" },
    "description": "A huge bloated zombie that appears to have fed upon gasoline; fumes and flames escape from its mouth and fuel leaks from its waddling form.",
    "default_faction": "zombie",
    "bodytype": "human",
    "species": [ "ZOMBIE", "HUMAN" ],
    "diff": 5,
    "volume": "102500 ml",
    "weight": "160 kg",
    "hp": 135,
    "speed": 25,
    "material": [ "flesh" ],
    "symbol": "Z",
    "color": "dark_gray_red",
    "aggression": 100,
    "morale": 100,
    "melee_skill": 3,
    "melee_dice": 2,
    "melee_dice_sides": 4,
    "melee_cut": 0,
    "vision_night": 3,
    "luminance": 8,
    "harvest": "exempt",
    "special_attacks": [ [ "scratch", 20 ] ],
    "death_drops": "default_zombie_items",
    "death_function": [ "CONFLAGRATION" ],
    "flags": [
      "SEES",
      "HEARS",
      "SMELLS",
      "STUMBLES",
      "WARM",
      "BASHES",
      "GROUP_BASH",
      "POISON",
      "NO_BREATHE",
      "DRIPS_GASOLINE",
      "PUSH_MON",
      "FILTHY"
    ]
  },
  {
    "id": "mon_zombie_gasbag",
    "type": "MONSTER",
    "name": { "str": "bloated zombie" },
    "description": "With its gray skin swollen to near rupture with putrid gas, this cyst covered zombie looks like it could violently burst under the slightest of disturbances.",
    "default_faction": "zombie",
    "bodytype": "human",
    "species": [ "ZOMBIE", "HUMAN" ],
    "diff": 5,
    "volume": "62500 ml",
    "weight": "81500 g",
    "hp": 21,
    "speed": 80,
    "material": [ "flesh" ],
    "symbol": "Z",
    "color": "magenta_yellow",
    "aggression": 100,
    "morale": 100,
    "melee_skill": 3,
    "melee_dice": 2,
    "melee_dice_sides": 4,
    "melee_cut": 0,
    "vision_night": 3,
    "harvest": "exempt",
    "emit_fields": [ { "emit_id": "emit_toxic_leak", "delay": "1 s" } ],
    "special_attacks": [ [ "SUICIDE", 20 ], [ "scratch", 15 ] ],
    "death_drops": "default_zombie_items",
    "death_function": [ "GAS" ],
    "fungalize_into": "mon_zombie_gasbag_fungus",
    "flags": [ "SEES", "HEARS", "SMELLS", "STUMBLES", "WARM", "POISON", "NO_BREATHE", "REVIVES", "FILTHY" ]
  },
  {
    "//": "Heads up: these zombies are pending removal sometime before 0.E.",
    "id": "mon_zombie_grenadier",
    "type": "MONSTER",
    "name": { "str": "zombie grenadier" },
    "description": "Once a soldier, it is dressed head to toe in combat gear.  Its hands constantly fumble at its many pouches.",
    "default_faction": "zombie",
    "bodytype": "human",
    "species": [ "ZOMBIE", "HUMAN" ],
    "diff": 20,
    "volume": "62500 ml",
    "weight": "81500 g",
    "hp": 100,
    "speed": 90,
    "material": [ "flesh" ],
    "symbol": "Z",
    "color": "blue_green",
    "aggression": 5,
    "morale": 100,
    "melee_skill": 5,
    "melee_dice": 2,
    "melee_dice_sides": 4,
    "melee_cut": 0,
    "armor_bash": 6,
    "armor_cut": 6,
    "armor_bullet": 5,
    "vision_day": 35,
    "vision_night": 3,
    "harvest": "exempt",
    "starting_ammo": { "bot_c4_hack": 2, "bot_flashbang_hack": 3, "bot_gasbomb_hack": 3, "bot_grenade_hack": 10 },
    "special_attacks": [ [ "GRENADIER", 6 ] ],
    "death_drops": { "subtype": "collection", "groups": [ [ "mon_zombie_soldier_death_drops", 100 ], [ "mon_zombie_grenadier", 100 ] ] },
    "death_function": [ "DETONATE" ],
    "burn_into": "mon_zombie_scorched",
    "flags": [
      "SEES",
      "HEARS",
      "SMELLS",
      "WARM",
      "BASHES",
      "GROUP_BASH",
      "POISON",
      "BLEED",
      "NO_BREATHE",
      "REVIVES",
      "PUSH_MON",
      "FILTHY"
    ]
  },
  {
    "id": "mon_zombie_grenadier_elite",
    "type": "MONSTER",
    "name": { "str": "zombie elite grenadier" },
    "description": "Once a soldier, it is dressed head to toe in combat gear and wearing a MOLLE pack.  Its hands quickly open and close its many pouches.",
    "default_faction": "zombie",
    "bodytype": "human",
    "species": [ "ZOMBIE", "HUMAN" ],
    "diff": 30,
    "volume": "62500 ml",
    "weight": "81500 g",
    "hp": 100,
    "speed": 100,
    "material": [ "flesh" ],
    "symbol": "Z",
    "color": "blue_magenta",
    "aggression": 5,
    "morale": 100,
    "melee_skill": 5,
    "melee_dice": 2,
    "melee_dice_sides": 6,
    "melee_cut": 0,
    "dodge": 1,
    "armor_bash": 8,
    "armor_cut": 12,
    "armor_bullet": 10,
    "vision_day": 35,
    "vision_night": 3,
    "harvest": "exempt",
    "starting_ammo": { "bot_c4_hack": 10, "bot_flashbang_hack": 10, "bot_gasbomb_hack": 10, "bot_grenade_hack": 20, "bot_mininuke_hack": 1 },
    "special_attacks": [ [ "GRENADIER_ELITE", 3 ] ],
    "death_drops": {
      "subtype": "collection",
      "groups": [ [ "mon_zombie_soldier_death_drops", 100 ], [ "mon_zombie_grenadier_elite", 100 ] ]
    },
    "death_function": [ "DETONATE" ],
    "burn_into": "mon_zombie_scorched",
    "flags": [
      "SEES",
      "HEARS",
      "SMELLS",
      "WARM",
      "BASHES",
      "GROUP_BASH",
      "POISON",
      "BLEED",
      "NO_BREATHE",
      "REVIVES",
      "PUSH_MON",
      "FILTHY"
    ]
  }
]
