[
  {
    "id": "mon_zombie_survivor",
    "type": "MONSTER",
    "name": { "str": "survivor zombie" },
    "description": "Still wearing the tattered remnants of improvised armor and weaponry, it is plain to see that this zombie was once a survivor like you.",
    "default_faction": "zombie",
    "bodytype": "human",
    "species": [ "ZOMBIE", "HUMAN" ],
    "volume": "62500 ml",
    "weight": "81500 g",
    "hp": 180,
    "speed": 90,
    "material": [ "flesh" ],
    "symbol": "Z",
    "color": "light_red_green",
    "aggression": 75,
    "morale": 100,
    "melee_skill": 6,
    "melee_dice": 4,
    "melee_dice_sides": 6,
    "melee_cut": 0,
    "dodge": 3,
    "armor_bash": 3,
    "armor_cut": 3,
    "armor_bullet": 3,
    "armor_acid": 2,
    "vision_day": 50,
    "vision_night": 3,
    "harvest": "zombie_maybe_survivalist_bionics",
    "path_settings": { "max_dist": 3 },
    "special_attacks": [
      [ "SHRIEK", 20 ],
      { "type": "bite", "cooldown": 5, "min_mul": 1 },
      [ "GRAB", 7 ],
      { "id": "scratch", "damage_max_instance": [ { "damage_type": "cut", "amount": 16 } ] }
    ],
    "death_drops": "mon_zombie_survivor_death_drops",
    "death_function": [ "NORMAL" ],
    "burn_into": "mon_zombie_scorched",
    "fungalize_into": "mon_zombie_fungus",
    "flags": [ "SEES", "HEARS", "SMELLS", "WARM", "BASHES", "GROUP_BASH", "POISON", "NO_BREATHE", "REVIVES", "PUSH_MON", "FILTHY" ]
  },
  {
    "id": "mon_zombie_survivor_elite",
    "type": "MONSTER",
    "name": { "str": "veteran survivor zombie" },
    "description": "This zombie once was a survivor like you, and a pretty good one at that.  Unfortunately they didn't make it, despite the custom-made, heavy armor pieces they wear and the gear that they are still lugging around.",
    "copy-from": "mon_zombie_survivor",
    "looks_like": "mon_zombie_survivor",
    "color": "light_red_green",
    "armor_bash": 7,
    "armor_cut": 12,
    "armor_bullet": 10,
    "death_drops": "mon_zombie_survivor_elite_death_drops"
  }
]
