[
  {
    "id": "mon_zombie_child_scorched",
    "type": "MONSTER",
    "name": { "str": "zombie kinderling" },
    "description": "A tiny charred body, jumping and kicked and flailing around in a mockery of playground exercise.  It does not need a face for you to feel bad about killing it.",
    "default_faction": "zombie",
    "bodytype": "human",
    "species": [ "ZOMBIE" ],
    "diff": 2,
    "volume": "30000 ml",
    "weight": "40750 g",
    "hp": 50,
    "speed": 90,
    "material": [ "flesh" ],
    "symbol": "z",
    "color": "i_brown",
    "aggression": 100,
    "morale": 100,
    "melee_skill": 2,
    "melee_dice": 1,
    "melee_dice_sides": 3,
    "melee_cut": 5,
    "armor_bash": 2,
    "armor_cut": 2,
    "armor_bullet": 2,
    "armor_acid": 1,
    "armor_fire": 7,
    "vision_day": 10,
    "vision_night": 3,
    "harvest": "zombie",
    "death_function": [ "SMOKEBURST", "NORMAL" ],
    "upgrades": { "half_life": 14, "into_group": "GROUP_CHILD_ZOMBIE_UPGRADE" },
    "flags": [
      "SEES",
      "HEARS",
      "STUMBLES",
      "POISON",
      "GRABS",
      "NO_BREATHE",
      "REVIVES",
      "REVIVES_HEALTHY",
      "NO_NECRO",
      "GUILT",
      "CLIMBS",
      "FILTHY"
    ]
  },
  {
    "id": "mon_zombie_fiend",
    "type": "MONSTER",
    "name": { "str": "fiend" },
    "description": "Charred zombie with bony plates, spikes and protrusions.  Moves stiffly, but swiftly.",
    "default_faction": "zombie",
    "bodytype": "human",
    "species": [ "ZOMBIE", "HUMAN" ],
    "diff": 2,
    "volume": "62500 ml",
    "weight": "81500 g",
    "hp": 150,
    "speed": 100,
    "material": [ "flesh" ],
    "symbol": "Z",
    "color": "i_brown",
    "aggression": 100,
    "morale": 100,
    "melee_skill": 4,
    "melee_dice": 1,
    "melee_dice_sides": 10,
    "melee_cut": 14,
    "armor_bash": 3,
    "armor_cut": 6,
    "armor_bullet": 5,
    "armor_acid": 2,
    "armor_fire": 7,
    "vision_day": 10,
    "vision_night": 3,
    "harvest": "zombie",
    "special_attacks": [ [ "SMASH", 30 ], [ "GRAB", 7 ] ],
    "death_function": [ "SMOKEBURST", "NORMAL" ],
    "upgrades": { "half_life": 21, "into_group": "GROUP_ZOMBIE_BRUTE" },
    "flags": [ "SEES", "HEARS", "STUMBLES", "POISON", "BLEED", "NO_BREATHE", "REVIVES", "REVIVES_HEALTHY", "NO_NECRO", "FILTHY" ]
  },
  {
    "id": "mon_zombie_scorched",
    "type": "MONSTER",
    "name": { "str": "scorched zombie" },
    "description": "Heavily burned zombie that still reeks of charred flesh.  Its flesh has mended into a leathery shell.",
    "default_faction": "zombie",
    "bodytype": "human",
    "species": [ "ZOMBIE", "HUMAN" ],
    "volume": "62500 ml",
    "weight": "81500 g",
    "hp": 60,
    "speed": 60,
    "material": [ "flesh" ],
    "symbol": "Z",
    "color": "i_brown",
    "aggression": 100,
    "morale": 100,
    "melee_skill": 2,
    "melee_dice": 2,
    "melee_dice_sides": 2,
    "melee_cut": 0,
    "armor_bash": 1,
    "armor_cut": 5,
    "armor_bullet": 3,
    "armor_acid": 1,
    "armor_fire": 8,
    "vision_day": 10,
    "vision_night": 3,
    "harvest": "zombie",
    "special_attacks": [ [ "GRAB", 7 ] ],
    "death_function": [ "SMOKEBURST", "NORMAL" ],
    "upgrades": { "half_life": 14, "into_group": "GROUP_ZOMBIE_UPGRADE" },
    "flags": [ "SEES", "HEARS", "STUMBLES", "POISON", "BLEED", "NO_BREATHE", "REVIVES", "REVIVES_HEALTHY", "NO_NECRO", "FILTHY" ]
  }
]
